company,estimate_(Intercept),"estimate_lag(logS, 1)","estimate_lag(CDS, 1)",estimate_SPY,estimate_L,estimate_Q,estimate_VIX,estimate_VIX_var,estimate_MC,estimate_U,estimate_D,std.error_(Intercept),"std.error_lag(logS, 1)","std.error_lag(CDS, 1)",std.error_SPY,std.error_L,std.error_Q,std.error_VIX,std.error_VIX_var,std.error_MC,std.error_U,std.error_D,statistic_(Intercept),"statistic_lag(logS, 1)","statistic_lag(CDS, 1)",statistic_SPY,statistic_L,statistic_Q,statistic_VIX,statistic_VIX_var,statistic_MC,statistic_U,statistic_D,p.value_(Intercept),"p.value_lag(logS, 1)","p.value_lag(CDS, 1)",p.value_SPY,p.value_L,p.value_Q,p.value_VIX,p.value_VIX_var,p.value_MC,p.value_U,p.value_D
VZ,-1.002,0.138,0.944,0.086,-0.006,-0.038,0.006,0.201,-0,NA,NA,0.434,0.115,0.006,0.023,0.002,0.014,0.001,0.043,0,NA,NA,-2.309,1.201,148.174,3.804,-3.398,-2.811,8.443,4.651,-3.224,NA,NA,0.021,0.23,0,0,0.001,0.005,0,0,0.001,NA,NA
CAT,-0.012,0.148,0.999,-0.064,-0.018,0.007,0,0.316,-0,NA,NA,0.173,0.064,0.005,0.027,0.009,0.046,0,0.025,0,NA,NA,-0.072,2.301,193.211,-2.389,-1.893,0.152,1.087,12.522,-2.219,NA,NA,0.943,0.021,0,0.017,0.059,0.879,0.277,0,0.027,NA,NA
CVX,-1.732,0.552,0.988,-0.023,-0.177,0.034,0.004,0.022,-0,-0.044,0.1,0.35,0.081,0.003,0.011,0.054,0.017,0,0.028,0,0.072,0.059,-4.949,6.811,373.676,-2.117,-3.251,1.99,9.885,0.792,-6.927,-0.61,1.7,0,0,0,0.034,0.001,0.047,0,0.429,0,0.542,0.089
KO,-0.299,0.16,0.987,-0.036,-0.003,0.012,0,0.001,-0,0.001,-0.017,0.134,0.058,0.003,0.011,0.003,0.008,0,0.011,0,0.04,0.028,-2.236,2.752,290.499,-3.226,-1.164,1.613,1.493,0.071,-1.572,0.015,-0.607,0.025,0.006,0,0.001,0.245,0.107,0.136,0.943,0.116,0.988,0.544
DIS,-1.283,0.482,0.908,-0.06,-0.216,-0.012,0.003,0.074,-0,0.1,0.014,0.338,0.062,0.008,0.033,0.053,0.024,0.001,0.034,0,0.091,0.074,-3.8,7.731,108.485,-1.785,-4.068,-0.502,5.901,2.164,-8.398,1.095,0.182,0,0,0,0.074,0,0.616,0,0.031,0,0.273,0.855
XOM,-0.067,0.015,0.995,0.002,-0.01,-0.002,0,-0.011,-0,0.001,-0.054,0.073,0.02,0.003,0.004,0.013,0.01,0,0.009,0,0.035,0.025,-0.925,0.731,378.727,0.434,-0.811,-0.183,2.011,-1.209,-0.455,0.018,-2.19,0.355,0.465,0,0.664,0.417,0.855,0.044,0.227,0.649,0.985,0.029
HPQ,0.086,0.088,0.996,-0.051,NA,0.125,0.001,0.377,-0,0.016,NA,0.33,0.038,0.002,0.048,NA,0.075,0.001,0.048,0,0.185,NA,0.261,2.324,404.6,-1.05,NA,1.653,1.417,7.936,-1.439,0.086,NA,0.795,0.02,0,0.294,NA,0.099,0.157,0,0.15,0.931,NA
HD,-0.372,0.024,0.981,0.028,0,-0.01,0,0.156,-0,NA,NA,0.199,0.017,0.005,0.029,0,0.015,0,0.016,0,NA,NA,-1.867,1.422,207.743,0.982,0.734,-0.64,1.537,9.537,-1.947,NA,NA,0.062,0.155,0,0.326,0.463,0.522,0.124,0,0.052,NA,NA
IBM,-1.508,0.672,0.975,-0.143,-0.011,-0.084,0.001,0.205,-0,0.002,0.154,0.26,0.067,0.004,0.016,0.003,0.013,0,0.022,0,0.081,0.057,-5.806,10.089,261.412,-9.203,-3.273,-6.358,3.228,9.354,-10.806,0.03,2.706,0,0,0,0,0.001,0,0.001,0,0,0.976,0.007
JNJ,-1.292,0.266,0.967,0.012,0.008,0.008,0,0.126,-0,NA,NA,0.256,0.057,0.005,0.017,0.008,0.004,0,0.016,0,NA,NA,-5.046,4.696,194.789,0.685,1.009,1.748,1.056,8.048,-3.951,NA,NA,0,0,0,0.493,0.313,0.081,0.291,0,0,NA,NA
MCD,-0.312,0.027,0.985,0.023,-0,0.004,0,0.2,-0,NA,-0.072,0.13,0.031,0.004,0.021,0,0.004,0,0.018,0,NA,0.04,-2.406,0.864,239.411,1.109,-0.987,1.01,1.462,11.127,-1.948,NA,-1.806,0.016,0.388,0,0.268,0.324,0.313,0.144,0,0.052,NA,0.071
PFE,-0.523,0.401,0.982,-0.082,0.002,0.005,-0,0.168,-0,-0.014,0.012,0.091,0.06,0.004,0.016,0.002,0.004,0,0.017,0,0.045,0.037,-5.765,6.74,258.038,-5.234,0.973,1.237,-1.02,10.093,-5.96,-0.31,0.337,0,0,0,0,0.331,0.216,0.308,0,0,0.757,0.736
PG,-0.808,0.148,0.975,0.031,0.01,-0.064,0,0.154,-0,NA,NA,0.199,0.056,0.005,0.017,0.01,0.026,0,0.017,0,NA,NA,-4.066,2.643,188.008,1.777,1.006,-2.437,0.317,9.024,-3.554,NA,NA,0,0.008,0,0.076,0.315,0.015,0.751,0,0,NA,NA
T,1.106,-0.062,0.946,-0.083,-0.171,-0.019,0.011,0.233,0,NA,0.058,0.602,0.104,0.006,0.037,0.034,0.025,0.001,0.055,0,NA,0.151,1.839,-0.603,166.283,-2.222,-5.093,-0.769,10.998,4.209,1.185,NA,0.385,0.066,0.547,0,0.026,0,0.442,0,0,0.236,NA,0.7
WMT,-1.637,0.247,0.975,0.066,0.072,0.03,0.001,0.154,-0,NA,NA,0.228,0.051,0.004,0.02,0.011,0.039,0,0.016,0,NA,NA,-7.194,4.839,232.528,3.316,6.303,0.767,3.482,9.745,-5.936,NA,NA,0,0,0,0.001,0,0.443,0.001,0,0,NA,NA
CI,-0.031,0.012,0.991,-0.009,0.007,0,0,0.051,-0,NA,NA,0.089,0.007,0.003,0.012,0.005,0.01,0,0.01,0,NA,NA,-0.345,1.59,352.543,-0.721,1.354,0.034,0.616,4.918,-1.659,NA,NA,0.73,0.112,0,0.471,0.176,0.973,0.538,0,0.097,NA,NA
MO,-2.28,0.882,0.983,-0.059,0,0.071,0.002,0.187,-0,0.028,0.602,0.26,0.097,0.003,0.016,0,0.019,0,0.025,0,0.069,0.097,-8.762,9.134,294.561,-3.626,2.471,3.732,4.058,7.345,-8.874,0.406,6.195,0,0,0,0,0.014,0,0,0,0,0.685,0
HCA,-27.644,5.254,0.947,1.471,NA,0.402,0.002,2.38,-0,NA,NA,10.072,1,0.024,1.423,NA,0.747,0.013,0.261,0,NA,NA,-2.745,5.254,39.076,1.034,NA,0.538,0.138,9.128,-5.788,NA,NA,0.007,0,0,0.302,NA,0.591,0.89,0,0,NA,NA
IP,-1.339,1.022,0.981,-0.204,-0.003,-0.051,0.001,0.209,-0,NA,NA,0.152,0.091,0.004,0.021,0.002,0.014,0,0.03,0,NA,NA,-8.811,11.193,249.714,-9.941,-1.166,-3.627,3.312,6.985,-11.023,NA,NA,0,0,0,0,0.244,0,0.001,0,0,NA,NA
RCL,-22.432,3.617,0.962,1.363,-0.024,-0.083,0.044,0.564,-0,0.94,-1.535,1.771,0.281,0.004,0.139,0.026,0.074,0.003,0.212,0,0.454,0.393,-12.667,12.864,272.673,9.792,-0.914,-1.125,12.775,2.656,-15.658,2.068,-3.901,0,0,0,0,0.361,0.261,0,0.008,0,0.039,0
HES,-2.952,1.004,0.985,-0.107,0.071,0.084,0.016,0.709,-0,NA,0.534,0.771,0.157,0.004,0.074,0.035,0.025,0.002,0.121,0,NA,0.462,-3.827,6.382,260.573,-1.446,2.045,3.337,8.75,5.849,-6.861,NA,1.156,0,0,0,0.148,0.041,0.001,0,0,0,NA,0.248
BSX,-0.41,0.04,0.987,0.04,-0,0.014,0,0.233,-0,-0.007,NA,0.147,0.035,0.005,0.02,0,0.011,0,0.02,0,0.054,NA,-2.793,1.147,202.697,1.949,-0.355,1.248,0.171,11.914,-2.388,-0.126,NA,0.005,0.252,0,0.051,0.722,0.212,0.864,0,0.017,0.899,NA
BMY,-0.791,0.094,0.978,0.051,0.002,-0.005,0.001,0.17,-0,0.024,1.153,0.163,0.025,0.004,0.012,0.001,0.003,0,0.017,0,0.063,0.063,-4.846,3.698,255.739,4.226,1.123,-1.728,2.475,10.187,-3.835,0.382,18.261,0,0,0,0,0.261,0.084,0.013,0,0,0.702,0
CPB,-1.633,0.665,0.994,-0.032,0.001,0.037,-0.001,0.249,-0,-0.179,-0.19,0.331,0.125,0.003,0.011,0.001,0.028,0,0.028,0,0.109,0.077,-4.927,5.322,298.244,-2.849,0.552,1.338,-1.443,8.899,-5.988,-1.651,-2.468,0,0,0,0.004,0.581,0.181,0.149,0,0,0.099,0.014
CAG,-0.039,0.018,0.99,0.001,-0.003,-0.02,-0,0.328,-0,0.085,-0.265,0.112,0.035,0.003,0.019,0.009,0.018,0,0.034,0,0.093,0.093,-0.35,0.526,283.405,0.037,-0.344,-1.09,-0,9.771,-0.91,0.919,-2.861,0.727,0.599,0,0.97,0.731,0.276,1,0,0.363,0.358,0.004
GLW,-0.444,-0.014,0.997,0.049,0.052,-0.009,0.001,0.013,-0,0.003,0.107,0.169,0.017,0.001,0.018,0.012,0.004,0,0.015,0,0.059,0.058,-2.632,-0.833,821.165,2.664,4.286,-2.407,4.262,0.886,-0.199,0.054,1.834,0.009,0.405,0,0.008,0,0.016,0,0.376,0.842,0.957,0.067
DHR,-0.282,0.049,0.981,-0.007,0.045,0,0.001,0.055,-0,-0.045,0.194,0.236,0.027,0.004,0.04,0.019,0.003,0,0.018,0,0.036,0.051,-1.195,1.799,232.573,-0.172,2.357,0.12,1.759,2.969,-2.752,-1.253,3.821,0.232,0.072,0,0.863,0.019,0.905,0.079,0.003,0.006,0.211,0
TGT,-0.286,0.153,1.004,-0.05,0.03,0.044,-0,0.218,-0,NA,0.008,0.205,0.029,0.004,0.024,0.013,0.02,0,0.019,0,NA,0.074,-1.395,5.333,278.722,-2.095,2.364,2.163,-1.458,11.41,-4.848,NA,0.109,0.163,0,0,0.036,0.018,0.031,0.145,0,0,NA,0.913
DE,0.433,0.068,0.993,-0.097,-0.001,-0.025,0.001,0.271,-0,NA,NA,0.171,0.03,0.003,0.034,0.002,0.035,0,0.021,0,NA,NA,2.527,2.278,285.534,-2.869,-0.86,-0.716,2.134,12.814,-1.066,NA,NA,0.012,0.023,0,0.004,0.39,0.474,0.033,0,0.286,NA,NA
D,-0.962,0.114,0.984,0.065,0.002,0.068,0.001,0.159,-0,NA,0.194,0.203,0.032,0.004,0.013,0.006,0.029,0,0.016,0,NA,0.062,-4.73,3.554,262.175,5.109,0.311,2.34,4.636,9.981,-4.968,NA,3.146,0,0,0,0,0.756,0.019,0,0,0,NA,0.002
FDX,-0.752,0.189,0.975,-0.003,-0.004,-0.02,0.002,0.079,-0,NA,NA,0.328,0.058,0.005,0.023,0.011,0.019,0,0.025,0,NA,NA,-2.297,3.244,213.504,-0.145,-0.382,-1.039,5.663,3.156,-4.633,NA,NA,0.022,0.001,0,0.884,0.703,0.299,0,0.002,0,NA,NA
F,-1.976,1.135,0.962,-0.137,0.012,0.194,0.045,0.305,-0,-0.269,-6.262,0.761,0.311,0.005,0.107,0.027,0.102,0.003,0.163,0,0.436,0.44,-2.597,3.646,196.535,-1.282,0.428,1.905,15.429,1.866,-4.435,-0.617,-14.234,0.009,0,0,0.2,0.669,0.057,0,0.062,0,0.537,0
FCX,-0.42,0.264,0.995,0.01,-0.05,0.027,0.011,1.621,-0,0.115,-0.312,1.653,0.207,0.005,0.164,0.028,0.069,0.003,0.209,0,0.467,0.567,-0.254,1.277,195.308,0.063,-1.789,0.39,3.909,7.764,-2.115,0.247,-0.549,0.799,0.202,0,0.95,0.074,0.696,0,0,0.035,0.805,0.583
GIS,-0.793,0.209,0.996,0.021,-0.006,0.054,0,0.247,-0,NA,0.3,0.246,0.077,0.003,0.009,0.005,0.036,0,0.021,0,NA,0.083,-3.231,2.733,314.48,2.198,-1.361,1.522,0.09,11.494,-2.823,NA,3.603,0.001,0.006,0,0.028,0.174,0.128,0.928,0,0.005,NA,0
HAL,0.373,0.123,0.949,-0.126,-0.016,0.08,0.016,0.373,-0,-0.002,-0.492,0.321,0.061,0.006,0.034,0.012,0.027,0.001,0.068,0,0.183,0.13,1.163,2.007,163.766,-3.76,-1.368,2.938,12.428,5.462,-3.478,-0.01,-3.779,0.245,0.045,0,0,0.172,0.003,0,0,0.001,0.992,0
HSY,-0.014,0.006,0.991,-0.006,0.002,-0.006,0,-0.016,-0,NA,NA,0.069,0.023,0.003,0.007,0.001,0.004,0,0.008,0,NA,NA,-0.196,0.283,340.868,-0.833,1.982,-1.542,0.136,-1.961,-0.224,NA,NA,0.844,0.777,0,0.405,0.048,0.123,0.892,0.05,0.823,NA,NA
HUM,-0.193,-0.027,0.984,0.031,0.01,0.003,0.001,0.027,0,NA,NA,0.101,0.021,0.004,0.015,0.007,0.011,0,0.013,0,NA,NA,-1.92,-1.281,245.752,2.092,1.419,0.279,4.497,2.106,0.383,NA,NA,0.055,0.2,0,0.037,0.156,0.78,0,0.035,0.702,NA,NA
IPG,-0.028,-0.038,0.981,0.009,-0,0.004,0,0.023,0,-0.094,-0.128,0.06,0.028,0.003,0.006,0.003,0.016,0,0.011,0,0.042,0.042,-0.464,-1.366,289.841,1.438,-0.025,0.263,1.042,2.064,1.532,-2.217,-3.034,0.643,0.172,0,0.151,0.98,0.793,0.298,0.039,0.126,0.027,0.002
K,-4.513,0.451,0.643,-0.061,0.233,1.823,0.023,-0.566,0,NA,0.164,3.946,1.417,0.017,0.125,0.027,0.444,0.003,0.252,0,NA,0.965,-1.143,0.318,37.51,-0.49,8.6,4.102,7.024,-2.246,0.082,NA,0.17,0.253,0.75,0,0.624,0,0,0,0.025,0.935,NA,0.865
KR,0.211,0.255,0.995,-0.106,-0.007,0.134,-0.001,0.275,-0,NA,NA,0.103,0.061,0.003,0.028,0.005,0.072,0,0.028,0,NA,NA,2.063,4.151,318.091,-3.77,-1.55,1.852,-2.567,9.873,-4.004,NA,NA,0.039,0,0,0,0.121,0.064,0.01,0,0,NA,NA
LEN,-2.441,0.444,0.973,0.068,-0.041,-0.001,0.012,0.75,-0,-0.407,0.015,1,0.091,0.004,0.136,0.052,0.016,0.001,0.09,0,0.244,0.345,-2.442,4.87,245.81,0.499,-0.795,-0.073,8.951,8.342,-5.228,-1.665,0.044,0.015,0,0,0.618,0.427,0.942,0,0,0,0.096,0.965
LLY,-0.046,-0.005,0.984,0.001,-0,-0,0,0.034,0,0.036,0.099,0.069,0.013,0.004,0.013,0,0.006,0,0.009,0,0.037,0.037,-0.67,-0.387,247.861,0.092,-0.035,-0.015,0.322,3.647,0.962,0.977,2.678,0.503,0.699,0,0.926,0.972,0.988,0.748,0,0.336,0.329,0.007
LOW,-0.423,0.115,0.977,-0.012,0.001,-0.049,0.001,0.222,-0,NA,0.355,0.2,0.027,0.004,0.028,0,0.018,0,0.019,0,NA,0.073,-2.112,4.282,252.518,-0.44,2.732,-2.705,3.538,11.76,-3.596,NA,4.834,0.035,0,0,0.66,0.006,0.007,0,0,0,NA,0
MMC,0.078,0.067,0.985,-0.054,0.002,0.01,0,0.149,-0,0.025,0.173,0.18,0.029,0.004,0.032,0.004,0.009,0,0.018,0,0.07,0.07,0.435,2.301,265.757,-1.703,0.511,1.093,0.647,8.282,-0.997,0.353,2.477,0.664,0.021,0,0.089,0.61,0.274,0.518,0,0.319,0.724,0.013
MAS,-0.773,0.152,0.972,-0.01,0,0.006,-0.001,0.136,-0,0.01,NA,0.274,0.075,0.005,0.049,0,0.022,0.001,0.043,0,0.169,NA,-2.821,2.031,185.843,-0.215,3.046,0.264,-0.986,3.139,-3.04,0.057,NA,0.005,0.042,0,0.83,0.002,0.791,0.324,0.002,0.002,0.955,NA
CVS,-0.614,0.215,0.991,-0.005,-0.033,-0.008,0.001,0.23,-0,-0.212,-0.259,0.182,0.038,0.003,0.02,0.011,0.006,0,0.022,0,0.087,0.088,-3.367,5.67,294.248,-0.259,-2.888,-1.194,2.557,10.31,-6.043,-2.427,-2.962,0.001,0,0,0.796,0.004,0.232,0.011,0,0,0.015,0.003
LH,0.04,-0.062,0.993,0.029,0.001,0.001,0.001,-0.012,0,-0.005,0.523,0.135,0.046,0.002,0.026,0.011,0.006,0,0.018,0,0.04,0.068,0.293,-1.346,540.602,1.094,0.057,0.125,3.678,-0.677,0.482,-0.135,7.643,0.769,0.178,0,0.274,0.954,0.9,0,0.499,0.63,0.892,0
NKE,-0.598,-0.025,0.992,0.087,0.01,-0.014,0.001,-0.008,-0,NA,NA,0.124,0.022,0.002,0.018,0.004,0.006,0,0.013,0,NA,NA,-4.835,-1.15,473.764,4.842,2.649,-2.444,4.018,-0.585,-1.189,NA,NA,0,0.25,0,0,0.008,0.015,0,0.558,0.235,NA,NA
NSC,-0.368,0.052,0.986,0.022,-0.015,0.009,-0,0.19,-0,NA,NA,0.159,0.029,0.004,0.023,0.01,0.01,0,0.019,0,NA,NA,-2.312,1.751,249.381,0.952,-1.41,0.949,-0.417,10.134,-2.392,NA,NA,0.021,0.08,0,0.341,0.159,0.343,0.677,0,0.017,NA,NA
NUE,-0.206,0.126,0.997,-0.003,-0.093,-0.012,0.002,0.089,-0,NA,0.462,0.17,0.054,0.002,0.024,0.077,0.007,0,0.029,0,NA,0.112,-1.21,2.327,457.901,-0.105,-1.215,-1.648,3.681,3.021,-2.445,NA,4.127,0.227,0.02,0,0.916,0.224,0.099,0,0.003,0.015,NA,0
OXY,6.487,-0.537,0.938,-0.601,-0.01,-0.12,0.039,0.381,-0,-0.373,1.397,1.1,0.156,0.006,0.101,0.012,0.127,0.003,0.176,0,0.299,0.387,5.895,-3.444,159.358,-5.966,-0.812,-0.946,13.238,2.171,-0.206,-1.246,3.613,0,0.001,0,0,0.417,0.344,0,0.03,0.837,0.213,0
OMC,-0.908,0.771,0.973,-0.211,-0.008,0.196,-0.001,0.164,-0,NA,NA,0.136,0.074,0.004,0.024,0.002,0.051,0,0.022,0,NA,NA,-6.692,10.405,257.001,-8.834,-3.51,3.832,-1.782,7.576,-10.243,NA,NA,0,0,0,0,0,0,0.075,0,0,NA,NA
COP,-2.18,0.611,0.997,0.029,-0.021,-0.052,0.005,0.474,-0,0.146,0.976,0.539,0.117,0.004,0.045,0.02,0.036,0.001,0.082,0,0.219,0.22,-4.048,5.241,244.775,0.645,-1.097,-1.427,4.665,5.766,-5.298,0.664,4.439,0,0,0,0.519,0.273,0.154,0,0,0,0.507,0
PHM,0.986,0.438,0.976,-0.294,-0.084,-0.07,0.006,0.635,-0,0.047,NA,0.575,0.137,0.005,0.103,0.052,0.039,0.001,0.077,0,0.294,NA,1.715,3.193,187.921,-2.86,-1.598,-1.8,4.461,8.247,-4.106,0.16,NA,0.086,0.001,0,0.004,0.11,0.072,0,0,0,0.873,NA
PPG,-0.131,0.019,0.995,0.009,0,0.001,-0,0.012,-0,0.071,-0.001,0.11,0.039,0.002,0.01,0.002,0.005,0,0.01,0,0.038,0.039,-1.188,0.476,461.942,0.902,0.148,0.118,-0.111,1.151,-1.107,1.883,-0.036,0.235,0.634,0,0.367,0.883,0.906,0.911,0.25,0.268,0.06,0.971
SHW,-1.67,0.152,0.983,0.133,-0,0.073,0.001,0.278,-0,0.111,-0.084,0.53,0.046,0.004,0.076,0.003,0.031,0.001,0.035,0,0.097,0.138,-3.152,3.298,273.831,1.746,-0.005,2.352,1.776,7.864,-4.476,1.142,-0.61,0.002,0.001,0,0.081,0.996,0.019,0.076,0,0,0.254,0.542
LUV,-0.383,0.428,0.971,-0.088,-0.011,0.042,0.004,0.234,-0,-0.066,1.829,0.507,0.147,0.005,0.078,0.032,0.035,0.002,0.086,0,0.231,0.334,-0.756,2.919,188.057,-1.139,-0.349,1.215,2.545,2.716,-3.873,-0.284,5.481,0.45,0.004,0,0.255,0.727,0.225,0.011,0.007,0,0.776,0
SWK,-0.085,0.002,0.984,0.004,0.008,-0.013,0.001,-0.02,-0,NA,NA,0.302,0.046,0.004,0.021,0.01,0.03,0,0.027,0,NA,NA,-0.281,0.049,252.835,0.199,0.808,-0.426,1.867,-0.736,-0.14,NA,NA,0.779,0.961,0,0.843,0.419,0.67,0.062,0.462,0.889,NA,NA
TXT,-0.436,0.009,0.988,0.047,0.002,0.026,0.003,0.045,-0,0.012,0.059,0.113,0.035,0.002,0.02,0.004,0.024,0,0.019,0,0.051,0.074,-3.86,0.241,408.13,2.317,0.662,1.057,9.208,2.308,-0.985,0.232,0.8,0,0.81,0,0.021,0.508,0.291,0,0.021,0.325,0.817,0.424
TJX,-11.656,4.657,0.418,-0.374,-0.048,0.162,-0.005,-0.356,-0,NA,1.605,1.203,0.343,0.02,0.144,0.019,0.083,0.002,0.14,0,NA,0.556,-9.692,13.59,20.622,-2.594,-2.479,1.966,-2.895,-2.549,-12.515,NA,2.889,0,0,0,0.01,0.013,0.049,0.004,0.011,0,NA,0.004
JCI,0.008,0.012,0.994,-0.009,0.002,-0.008,0,0.067,-0,0.001,-0.45,0.06,0.01,0.003,0.01,0.007,0.009,0,0.014,0,0.054,0.031,0.126,1.269,382.659,-0.874,0.322,-0.83,0.374,4.817,-0.53,0.015,-14.411,0.9,0.204,0,0.382,0.747,0.407,0.708,0,0.596,0.988,0
UNP,-0.574,0.107,0.976,0.01,0.006,0.003,-0,0.179,-0,-0.019,0.025,0.164,0.033,0.005,0.021,0.004,0.01,0,0.018,0,0.068,0.068,-3.491,3.202,209.471,0.472,1.514,0.324,-1.3,10.212,-3.547,-0.282,0.373,0,0.001,0,0.637,0.13,0.746,0.194,0,0,0.778,0.709
UNH,0.53,-0.012,0.973,-0.079,0.001,0.025,-0,0.202,0,NA,NA,0.207,0.013,0.005,0.03,0.003,0.046,0,0.018,0,NA,NA,2.557,-0.921,185.653,-2.687,0.35,0.541,-1.044,11.031,3.293,NA,NA,0.011,0.357,0,0.007,0.726,0.588,0.297,0,0.001,NA,NA
VFC,-0.104,0.023,0.989,0.006,-0.008,-0.002,-0,0.015,-0,0.033,0.029,0.096,0.022,0.003,0.009,0.003,0.004,0,0.017,0,0.065,0.038,-1.081,1.018,330.054,0.693,-2.577,-0.472,-0.2,0.932,-1.117,0.507,0.764,0.28,0.309,0,0.488,0.01,0.637,0.842,0.352,0.264,0.612,0.445
WY,-1.083,0.298,1.001,0.029,0.008,-0.03,0.002,0.203,-0,-0.041,0.305,0.222,0.044,0.003,0.024,0.015,0.007,0,0.028,0,0.048,0.076,-4.87,6.806,329.245,1.199,0.52,-4.481,4.635,7.238,-6.041,-0.856,4.016,0,0,0,0.231,0.603,0,0,0,0,0.392,0
WHR,-1.564,1.031,0.983,-0.359,0.008,0.12,0.002,0.278,-0,NA,NA,0.238,0.099,0.004,0.04,0.005,0.064,0.001,0.044,0,NA,NA,-6.579,10.395,279.466,-9.086,1.506,1.864,2.62,6.256,-10.613,NA,NA,0,0,0,0,0.132,0.062,0.009,0,0,NA,NA
WMB,-1.526,0.325,0.996,0.073,0,-0,0.009,0.43,-0,0.758,-0.65,0.579,0.068,0.002,0.055,0.002,0.001,0.001,0.087,0,0.151,0.195,-2.638,4.746,522.821,1.336,0.198,-0.138,7.216,4.97,-4.084,5.012,-3.338,0.008,0,0,0.182,0.843,0.89,0,0,0,0,0.001
TAP,-0.265,0.018,0.981,0.022,-0.006,0.002,0.001,-0.006,-0,0.034,-0.177,0.139,0.025,0.005,0.01,0.012,0.002,0,0.018,0,0.049,0.04,-1.903,0.724,203.006,2.261,-0.467,1.015,1.76,-0.333,-0.093,0.703,-4.448,0.057,0.469,0,0.024,0.64,0.31,0.079,0.739,0.926,0.482,0
TSN,-0.405,0.24,0.984,-0.037,-0.038,0.022,0,0.279,-0,-0.006,0.411,0.131,0.048,0.004,0.013,0.017,0.017,0,0.024,0,0.066,0.094,-3.082,5.035,240.783,-2.757,-2.213,1.258,0.039,11.563,-5.242,-0.095,4.392,0.002,0,0,0.006,0.027,0.209,0.969,0,0,0.924,0
DHI,0.275,0.296,0.997,-0.177,0.131,0.017,0,0.477,-0,0.054,0.093,0.533,0.084,0.004,0.085,0.095,0.026,0.001,0.053,0,0.144,0.203,0.516,3.512,222.738,-2.072,1.372,0.649,0.5,9.05,-3.811,0.375,0.46,0.606,0,0,0.038,0.17,0.516,0.617,0,0,0.708,0.645
PKG,-0.496,0.121,0.995,0.015,-0.03,-0.003,0.001,0.248,-0,NA,NA,0.294,0.069,0.003,0.03,0.011,0.008,0,0.03,0,NA,NA,-1.687,1.762,289.691,0.505,-2.589,-0.402,2.981,8.305,-1.737,NA,NA,0.092,0.078,0,0.614,0.01,0.688,0.003,0,0.083,NA,NA
STZ,0.242,-0.072,0.993,-0.027,0.075,-0.041,-0,0.089,0,-0.034,0.012,1.085,0.253,0.003,0.084,0.081,0.082,0.002,0.121,0,0.468,0.467,0.223,-0.283,314.628,-0.317,0.925,-0.495,-0.315,0.734,0.148,-0.073,0.025,0.823,0.777,0,0.751,0.355,0.621,0.753,0.463,0.882,0.942,0.98
BWA,0.149,0.15,0.979,-0.058,-0.058,-0.019,0.004,0.155,-0,-0.051,0.032,0.216,0.079,0.003,0.015,0.026,0.015,0.001,0.036,0,0.135,0.135,0.691,1.899,291.175,-3.959,-2.258,-1.306,7.079,4.329,-2.616,-0.377,0.236,0.489,0.058,0,0,0.024,0.192,0,0,0.009,0.706,0.813
EMN,-2.709,1.403,0.958,-0.291,-0.026,-0.028,0.007,0.202,-0,NA,-0.247,0.278,0.12,0.005,0.039,0.011,0.026,0.001,0.05,0,NA,0.189,-9.759,11.652,189.885,-7.434,-2.322,-1.079,9.063,4.068,-11.702,NA,-1.305,0,0,0,0,0.02,0.281,0,0,0,NA,0.192
UPS,-1.926,0.449,0.971,0.004,-0,0.021,0.001,0.144,-0,0.169,0.014,0.241,0.061,0.005,0.02,0,0.01,0,0.02,0,0.075,0.038,-7.987,7.421,196.747,0.204,-1.314,2.02,3.502,7.346,-7.717,2.252,0.382,0,0,0,0.838,0.189,0.044,0,0,0,0.024,0.703
MCK,-0.103,0.218,0.992,-0.108,-0.001,0.102,-0.001,0.241,-0,NA,0.044,0.146,0.057,0.003,0.03,0.001,0.069,0,0.027,0,NA,0.104,-0.705,3.809,304.217,-3.627,-1.006,1.483,-1.605,8.964,-4.005,NA,0.42,0.481,0,0,0,0.314,0.138,0.109,0,0,NA,0.674
LMT,-0.788,0.147,0.979,0.007,-0,0.007,0,0.178,-0,-0.014,0.025,0.185,0.041,0.004,0.014,0,0.011,0,0.019,0,0.073,0.052,-4.256,3.621,217.946,0.503,-0.286,0.657,0.599,9.534,-3.652,-0.186,0.48,0,0,0,0.615,0.775,0.511,0.549,0,0,0.853,0.631
DRI,-0.276,-0.354,0.935,0.162,0.097,-0.191,0.008,0.38,0,0.122,0.92,0.667,0.137,0.008,0.071,0.016,0.047,0.001,0.067,0,0.129,0.185,-0.414,-2.578,110.799,2.288,6.12,-4.041,7.055,5.656,0.785,0.947,4.965,0.679,0.01,0,0.022,0,0,0,0,0.432,0.344,0
DGX,-0.542,0.107,0.994,0.017,0.039,0.032,-0,0.251,-0,NA,NA,0.146,0.041,0.003,0.026,0.039,0.011,0,0.021,0,NA,NA,-3.718,2.593,390.874,0.654,1.021,2.87,-1.611,11.699,-4.149,NA,NA,0,0.01,0,0.513,0.307,0.004,0.107,0,0,NA,NA
PXD,1.794,-0.124,0.981,-0.171,0.011,0,0.005,0.165,0,NA,NA,0.895,0.105,0.004,0.058,0.027,0.011,0.001,0.063,0,NA,NA,2.003,-1.182,270.67,-2.971,0.399,0.034,4.292,2.598,0.905,NA,NA,0.045,0.237,0,0.003,0.69,0.973,0,0.009,0.366,NA,NA
VLO,-0.385,0.574,0.972,-0.22,0.046,0.079,0.006,0.513,-0,NA,NA,0.274,0.118,0.005,0.044,0.015,0.05,0.001,0.077,0,NA,NA,-1.408,4.879,192.503,-5.028,3.022,1.577,5.634,6.657,-5.33,NA,NA,0.159,0,0,0,0.003,0.115,0,0,0,NA,NA
YUM,0.484,0.028,0.986,-0.092,NA,0.002,0.006,0.476,0,-0.027,3.87,0.37,0.074,0.003,0.086,NA,0.031,0.001,0.077,0,0.206,0.292,1.308,0.385,317.165,-1.066,NA,0.069,5.802,6.152,0.175,-0.133,13.275,0.191,0.7,0,0.287,NA,0.945,0,0,0.861,0.894,0
FE,-3.192,0.673,0.984,0.184,-0.017,-0.122,0.002,0.226,-0,0.476,0.183,0.401,0.082,0.003,0.028,0.004,0.046,0,0.031,0,0.07,0.07,-7.967,8.163,335.226,6.517,-4.347,-2.684,4.113,7.262,-8.935,6.815,2.621,0,0,0,0,0,0.007,0,0,0,0,0.009
SEE,0.238,0.477,0.982,-0.225,0,0.004,0.007,0.366,-0,0.214,0.077,0.207,0.133,0.004,0.063,0,0.038,0.001,0.075,0,0.199,0.282,1.149,3.572,260.319,-3.572,1.532,0.098,5.965,4.905,-3.127,1.072,0.274,0.251,0,0,0,0.126,0.922,0,0,0.002,0.284,0.784
RSG,0.126,-0.021,0.991,0.005,-0.044,-0.002,0.001,0.005,0,-0.003,NA,0.148,0.012,0.003,0.013,0.03,0.012,0,0.009,0,0.036,NA,0.852,-1.702,373.763,0.403,-1.452,-0.186,4.034,0.518,0.89,-0.079,NA,0.394,0.089,0,0.687,0.147,0.852,0,0.604,0.374,0.937,NA
SRE,-1.023,0.157,0.998,0.05,-0.001,0.039,0.001,0.175,-0,NA,NA,0.287,0.054,0.003,0.016,0.006,0.015,0,0.018,0,NA,NA,-3.56,2.913,331.144,3.025,-0.122,2.657,2.034,9.457,-3.275,NA,NA,0,0.004,0,0.003,0.903,0.008,0.042,0,0.001,NA,NA
DVN,-4.989,0.81,0.995,0.341,-0.084,0.064,0.021,0.744,-0,0.194,0.491,0.873,0.106,0.003,0.077,0.022,0.044,0.002,0.13,0,0.492,0.284,-5.714,7.638,298.584,4.418,-3.775,1.459,8.972,5.703,-7.904,0.395,1.724,0,0,0,0,0,0.145,0,0,0,0.693,0.085
NRG,1.323,0.558,0.996,-0.301,-0.001,0.003,-0.001,1.026,-0,-0.276,2.788,0.439,0.168,0.003,0.084,0,0.043,0.002,0.13,0,0.225,0.359,3.014,3.32,326.598,-3.585,-2.277,0.072,-0.426,7.908,-4.472,-1.224,7.766,0.003,0.001,0,0,0.023,0.942,0.67,0,0,0.221,0
MGM,1.69,1.375,0.948,-0.754,-0.057,0.128,0.037,0.594,-0,0.828,0.256,0.543,0.164,0.005,0.102,0.02,0.024,0.003,0.142,0,0.371,0.305,3.111,8.401,183.566,-7.428,-2.904,5.236,14.179,4.166,-8.836,2.23,0.84,0.002,0,0,0,0.004,0,0,0,0,0.026,0.401
DAL,2.071,1.521,0.978,-0.801,-0,0.024,0.023,0.151,-0,-0.082,-0.301,0.496,0.293,0.004,0.108,0,0.084,0.002,0.142,0,0.307,0.307,4.17,5.192,274.552,-7.42,-0.514,0.285,9.65,1.062,-6.888,-0.266,-0.979,0,0,0,0,0.608,0.776,0,0.288,0,0.791,0.328
EMR,-0.004,-0.075,0.985,0.028,0.003,-0.006,0,0.004,0,NA,NA,0.062,0.033,0.003,0.011,0.003,0.003,0,0.01,0,NA,NA,-0.07,-2.29,299.38,2.603,0.895,-1.89,2.321,0.42,2.093,NA,NA,0.944,0.022,0,0.009,0.371,0.059,0.02,0.674,0.036,NA,NA
ITW,-0.361,0.015,0.977,0.031,-0.004,0.003,0,-0.005,-0,NA,NA,0.099,0.008,0.004,0.011,0.002,0.002,0,0.006,0,NA,NA,-3.653,1.889,218.934,2.835,-1.943,1.555,4.293,-0.839,-1.838,NA,NA,0,0.059,0,0.005,0.052,0.12,0,0.402,0.066,NA,NA
SO,-1.769,0.363,0.996,0.071,0.016,-0.004,0,0.052,-0,-0.006,-0.025,0.372,0.074,0.003,0.02,0.01,0.01,0,0.019,0,0.074,0.043,-4.759,4.886,367.087,3.59,1.564,-0.391,1.139,2.716,-4.902,-0.075,-0.577,0,0,0,0,0.118,0.696,0.255,0.007,0,0.94,0.564
GE,3.323,-0.159,0.908,-0.341,0.011,-0.038,0.014,0.287,-0,0.038,-0.192,0.718,0.105,0.01,0.07,0.012,0.036,0.002,0.094,0,0.169,0.169,4.629,-1.524,95.013,-4.871,0.861,-1.07,8.822,3.065,-2.51,0.226,-1.139,0,0.128,0,0,0.389,0.285,0,0.002,0.012,0.821,0.255
DVA,0.183,0.038,0.994,-0.067,0.029,-0.208,0.005,0.424,0,NA,NA,1.549,0.305,0.003,0.303,0.022,0.071,0.003,0.166,0,NA,NA,0.118,0.123,285.011,-0.221,1.334,-2.926,1.559,2.553,0.594,NA,NA,0.906,0.902,0,0.825,0.182,0.003,0.119,0.011,0.552,NA,NA
DD,-0.387,0.143,0.987,-0.121,0.139,0.346,0.005,0.117,-0,0.177,NA,0.441,0.046,0.005,0.063,0.035,0.057,0.001,0.029,0,0.063,NA,-0.876,3.08,210.892,-1.916,3.962,6.028,5.988,4.087,-1.072,2.809,NA,0.381,0.002,0,0.056,0,0,0,0,0.284,0.005,NA
MOS,-0.691,0,NA,-0,0,-0,0,0,-0,NA,-0,0,0,NA,0,0,0,0,0,0,NA,0,-15772610689244.955,0.487,NA,-0.847,0.565,-0.334,0.39,0.337,-0.218,NA,-0.143,0,0.626,NA,0.397,0.572,0.738,0.697,0.736,0.827,NA,0.886
DXC,-10.04,0.207,0.862,0.892,-0.033,-0.121,0.006,0.123,-0,NA,NA,5.192,0.531,0.039,0.598,0.249,0.185,0.003,0.092,0,NA,NA,-1.934,0.39,22.364,1.491,-0.131,-0.652,1.946,1.34,-1.688,NA,NA,0.055,0.697,0,0.138,0.896,0.515,0.053,0.182,0.093,NA,NA
IR,1,0,NA,-0,0,0,-0,0,-0,NA,NA,0,0,NA,0,0,0,0,0,0,NA,NA,317954726982783.4,0.291,NA,-2.367,1.18,0.104,-2.326,0.558,-0.341,NA,NA,0,0.771,NA,0.018,0.239,0.917,0.021,0.577,0.733,NA,NA
EOG,0.157,0.003,0.8,0.003,0.007,-0,0,-0.003,-0,NA,NA,0.312,0.02,0.015,0.026,0.071,0.007,0,0.014,0,NA,NA,0.502,0.125,53.587,0.104,0.092,-0.022,0.102,-0.192,-0.165,NA,NA,0.616,0.9,0,0.918,0.927,0.983,0.919,0.848,0.869,NA,NA
FMC,1,-0,NA,-0,-0,-0,0,-0,0,NA,NA,0,0,NA,0,0,0,0,0,0,NA,NA,9130062015259.73,-0.874,NA,-2.119,-0.241,-2.844,1.374,-1.059,0.186,NA,NA,0,0.382,NA,0.035,0.81,0.005,0.17,0.29,0.853,NA,NA
ED,1,0,NA,0,0,-0,0,-0,0,NA,NA,0,0,NA,0,0,0,0,0,0,NA,NA,57225361011800.38,0.208,NA,2.71,1.401,-1.592,1.598,-1.061,0.146,NA,NA,0,0.835,NA,0.007,0.162,0.112,0.111,0.289,0.884,NA,NA
CMS,1,0,NA,-0,-0,-0,-0,-0,-0,NA,NA,0,0,NA,0,0,0,0,0,0,NA,NA,7237889533195.225,1.445,NA,-1.218,-0.156,-1.999,-0.659,-0.38,-0.484,NA,NA,0,0.151,NA,0.226,0.877,0.048,0.511,0.705,0.629,NA,NA
CNP,1,0,NA,-0,-0,0,-0,-0,0,NA,NA,0,0,NA,0,0,0,0,0,0,NA,NA,7275761485486.969,0.53,NA,-1.67,-3.778,1.397,-0.833,-0.484,0.16,NA,NA,0,0.597,NA,0.098,0,0.165,0.407,0.629,0.873,NA,NA
