Date,Price,Open,High,Low,Vol.,Change %
10/10/2025,"163,098.19","163,984.80","165,262.85","162,411.25",607604107,-0.87%
10/09/2025,"164,530.80","165,526.93","166,729.97","164,306.76",698865320,-0.45%
10/08/2025,"165,266.74","166,360.54","166,947.19","165,109.84",554831161,-0.55%
10/07/2025,"166,173.74","168,299.19","168,518.97","165,997.21",629739254,-0.94%
10/06/2025,"167,752.40","169,178.99","169,326.35","165,997.36",623765222,-0.73%
10/03/2025,"168,990.07","169,041.40","169,988.61","168,613.41",831083556,0.30%
10/02/2025,"168,489.62","166,079.47","168,619.32","165,567.22",776263551,1.72%
10/01/2025,"165,640.33","166,176.65","166,522.61","164,155.32",1003818362,0.09%
09/30/2025,"165,493.58","164,354.54","166,556.29","164,208.33",629990314,1.00%
09/29/2025,"163,847.68","162,920.48","163,903.62","162,058.64",483728704,0.98%
09/26/2025,"162,257.00","159,901.55","162,422.28","159,901.55",562769288,1.87%
09/25/2025,"159,280.09","158,849.27","159,537.60","158,297.43",880272872,0.66%
09/24/2025,"158,236.67","158,529.73","159,046.60","158,133.30",1027318517,0.18%
09/23/2025,"157,945.02","158,187.32","158,831.22","157,416.54",771285990,0.25%
09/22/2025,"157,554.66","158,528.15","158,850.34","157,245.72",833292624,-0.31%
09/19/2025,"158,037.37","158,555.48","159,337.46","157,521.99",890894731,0.05%
09/18/2025,"157,953.46","157,020.08","158,082.55","156,978.85",555465296,1.14%
09/17/2025,"156,177.81","156,887.48","157,196.58","155,960.35",367851537,-0.00%
09/16/2025,"156,180.94","155,960.66","156,467.91","155,781.84",423573452,0.51%
09/15/2025,"155,384.50","154,612.17","155,602.29","154,486.21",274674705,0.61%
09/12/2025,"154,439.68","156,201.69","156,519.13","154,360.35",241099022,-1.09%
09/11/2025,"156,141.24","157,284.65","157,816.76","156,103.81",402820222,-0.56%
09/10/2025,"157,020.79","156,571.73","157,479.42","156,079.52",437129643,0.29%
09/09/2025,"156,563.52","156,640.09","157,088.80","155,044.25",480306328,0.31%
09/08/2025,"156,087.30","155,057.33","156,199.28","154,944.87",492409990,1.17%
09/05/2025,"154,277.19","153,149.44","154,511.31","153,129.78",471374828,1.06%
09/04/2025,"152,665.72","152,599.44","153,411.05","152,264.96",407266609,0.30%
09/03/2025,"152,201.87","151,320.49","152,805.30","151,320.49",337866019,0.81%
09/02/2025,"150,975.48","150,318.61","151,075.67","150,081.40",441999922,0.67%
09/01/2025,"149,971.12","149,079.23","150,066.00","148,500.20",511821531,0.91%
08/29/2025,"148,617.77","147,591.81","149,234.94","147,488.46",624598293,0.86%
08/28/2025,"147,343.50","147,554.39","148,042.00","147,209.55",306526022,-0.10%
08/27/2025,"147,494.03","148,841.67","149,237.91","147,337.02",186411160,-0.63%
08/26/2025,"148,435.06","149,096.34","149,453.19","148,312.57",161925715,-0.26%
08/25/2025,"148,815.30","149,828.16","150,079.75","148,757.13",210516386,-0.45%
08/22/2025,"149,493.05","149,659.84","150,465.17","149,448.93",335531698,0.17%
08/21/2025,"149,235.26","150,948.93","151,249.62","148,272.57",426272064,-0.90%
08/20/2025,"150,591.00","150,106.16","151,261.67","149,931.67",275222539,0.55%
08/19/2025,"149,770.74","148,464.53","150,323.38","148,293.94",340193363,1.06%
08/18/2025,"148,196.42","146,679.73","148,395.71","146,403.64",229068568,1.16%
08/15/2025,"146,491.63","146,713.83","147,534.41","146,269.59",187001270,-0.03%
08/13/2025,"146,529.30","147,334.29","147,892.25","146,417.80",298882392,-0.32%
08/12/2025,"147,005.32","147,467.44","147,976.98","146,894.62",331786187,0.05%
08/11/2025,"146,929.84","145,650.33","147,005.17","145,258.49",299280724,1.06%
08/08/2025,"145,382.79","145,999.39","146,813.43","144,917.18",276740075,-0.18%
08/07/2025,"145,647.13","145,793.06","146,081.02","145,250.17",326588620,0.39%
08/06/2025,"145,088.49","143,409.59","145,187.17","143,409.59",383514758,1.43%
08/05/2025,"143,037.16","142,235.71","143,281.34","142,235.71",262315814,0.69%
08/04/2025,"142,052.64","141,962.94","142,323.34","141,440.48",349227740,0.72%
08/01/2025,"141,034.98","139,634.90","141,160.93","138,957.70",304552587,1.18%
07/31/2025,"139,390.42","139,379.14","140,215.22","139,083.74",291205593,0.71%
07/30/2025,"138,412.25","138,141.59","139,018.88","137,658.81",167694720,0.32%
07/29/2025,"137,964.81","139,733.06","140,331.01","137,636.37",212749381,-1.02%
07/28/2025,"139,380.05","139,759.59","140,149.23","139,195.84",213994569,0.12%
07/25/2025,"139,207.28","138,876.07","139,436.76","138,808.64",190962843,0.37%
07/24/2025,"138,692.66","139,501.60","139,867.82","138,614.09",272658121,-0.40%
07/23/2025,"139,254.35","139,966.07","140,202.17","139,105.05",193415774,-0.12%
07/22/2025,"139,419.61","138,197.81","139,901.77","138,197.81",245773858,0.87%
07/21/2025,"138,217.58","139,142.17","139,201.15","138,149.56",221762645,-0.27%
07/18/2025,"138,597.36","139,600.23","140,585.38","138,343.72",256324833,-0.05%
07/17/2025,"138,665.49","136,674.98","138,943.47","136,674.98",299278059,1.68%
07/16/2025,"136,379.96","136,169.63","137,232.10","135,542.88",273102874,0.32%
07/15/2025,"135,939.87","136,840.16","137,747.60","135,826.40",307744740,-0.41%
07/14/2025,"136,502.53","134,937.43","136,841.49","134,937.43",259908009,1.64%
07/11/2025,"134,299.76","134,130.91","134,931.96","134,130.40",290053740,0.39%
07/10/2025,"133,782.34","132,773.87","133,902.34","132,706.02",325787943,0.91%
07/09/2025,"132,576.98","133,524.93","133,566.37","132,326.17",161034774,-0.62%
07/08/2025,"133,403.19","133,746.63","134,200.27","132,696.35",324460593,0.02%
07/07/2025,"133,370.14","132,485.75","133,862.01","132,467.12",344248572,1.08%
07/04/2025,"131,949.06","130,896.02","132,129.60","130,716.10",198953974,0.97%
07/03/2025,"130,686.65","130,831.28","131,325.10","129,776.20",280008751,0.26%
07/02/2025,"130,344.03","128,616.11","130,545.94","128,616.11",345794612,1.67%
07/01/2025,"128,199.42","126,116.17","128,475.69","126,113.27",336907385,2.05%
06/30/2025,"125,627.31","124,884.07","125,748.58","124,500.20",258993624,1.00%
06/27/2025,"124,379.06","122,229.41","125,285.05","122,222.69",220312628,1.91%
06/26/2025,"122,046.46","123,031.82","123,417.87","122,142.42",244240559,-0.58%
06/25/2025,"122,761.64","122,753.01","123,256.55","122,168.76",221146514,0.42%
06/24/2025,"122,246.63","120,499.52","122,725.21","120,369.53",318302088,5.23%
06/23/2025,"116,167.47","118,272.00","118,798.51","115,887.48",196190358,-3.21%
06/20/2025,"120,023.23","120,234.95","120,828.86","119,872.15",136795591,0.02%
06/19/2025,"120,002.59","121,103.35","121,745.30","119,770.03",134097500,-0.38%
06/18/2025,"120,465.93","121,857.96","121,905.49","120,417.99",122208772,-1.23%
06/17/2025,"121,971.04","122,367.28","122,891.61","121,815.38",203245334,-0.21%
06/16/2025,"122,225.35","122,168.25","122,903.33","121,889.95",181443219,0.07%
06/13/2025,"122,143.56","122,679.01","123,058.06","121,604.59",238192304,-1.57%
06/12/2025,"124,093.12","124,807.09","126,718.28","123,846.55",371979603,-0.21%
06/11/2025,"124,352.68","123,290.25","124,588.17","123,237.99",332588686,1.91%
06/10/2025,"122,024.44","122,152.22","122,611.53","121,589.90",235295388,0.32%
06/05/2025,"121,641.00","122,106.82","122,281.58","121,517.90",407564641,-0.13%
06/04/2025,"121,798.86","120,954.37","121,882.47","120,896.13",292413286,1.12%
06/03/2025,"120,450.87","119,129.51","120,693.83","119,129.51",315235806,1.32%
06/02/2025,"118,877.80","120,211.57","120,590.77","118,672.84",164316082,-0.68%
05/30/2025,"119,691.09","119,138.76","119,913.88","118,771.83",211933819,0.60%
05/29/2025,"118,971.40","118,512.41","119,639.47","118,481.97",315844339,0.54%
05/27/2025,"118,332.90","118,533.69","118,807.92","118,143.67",414609442,0.09%
05/26/2025,"118,221.12","119,211.88","119,290.94","118,150.27",350580876,-0.74%
05/23/2025,"119,102.67","119,214.78","119,542.51","118,665.25",99798806,-0.04%
05/22/2025,"119,153.04","120,234.81","120,699.17","119,062.03",223284427,-0.65%
05/21/2025,"119,931.45","119,239.34","120,106.21","119,128.38",280861353,0.81%
05/20/2025,"118,971.12","119,891.16","119,900.37","118,527.09",108105159,-0.60%
05/19/2025,"119,689.63","120,164.33","120,285.54","119,250.67",119529211,0.03%
05/16/2025,"119,649.14","120,292.95","120,506.17","119,541.15",235070955,-0.26%
05/15/2025,"119,961.91","118,871.13","119,990.30","118,871.13",310688621,1.20%
05/14/2025,"118,536.52","118,950.61","119,460.54","118,148.64",273516346,-0.03%
05/13/2025,"118,575.88","120,067.12","120,067.12","116,859.93",366254300,1.09%
05/12/2025,"117,297.73","117,104.11","117,327.78","115,794.37",345348683,9.45%
05/09/2025,"107,174.63","103,949.68","107,541.45","102,420.82",238400592,3.52%
05/08/2025,"103,526.81","110,842.45","111,881.02","101,598.90",308031081,-5.89%
05/07/2025,"110,009.02","107,007.68","112,457.37","107,007.68",261520967,-3.13%
05/06/2025,"113,568.50","114,392.82","115,093.10","113,418.52",165326851,-0.47%
05/05/2025,"114,102.23","114,385.61","114,552.20","113,077.66",153678242,-0.01%
05/02/2025,"114,113.93","112,820.07","114,546.87","112,820.07",192302344,2.50%
04/30/2025,"111,326.57","114,066.12","114,066.12","110,631.84",254486803,-3.09%
04/29/2025,"114,872.18","113,869.97","115,040.58","112,935.56",185491217,0.71%
04/28/2025,"114,063.90","116,305.69","116,658.94","113,867.80",190220474,-1.22%
04/25/2025,"115,469.34","115,099.64","115,844.88","113,716.60",213616413,0.39%
04/24/2025,"115,019.81","115,269.30","116,568.13","114,661.20",197691308,-1.88%
04/23/2025,"117,226.14","118,422.67","118,811.24","117,120.39",242524907,-1.02%
04/22/2025,"118,430.35","118,546.16","119,217.19","118,161.67",353612522,0.04%
04/21/2025,"118,383.38","117,712.70","118,827.47","117,712.70",367336343,0.91%
04/18/2025,"117,315.58","117,360.59","117,888.13","116,759.07",212790465,0.35%
04/17/2025,"116,901.13","116,073.70","117,216.02","115,818.07",221692195,0.76%
04/16/2025,"116,020.10","117,187.51","117,424.04","115,776.11",248065960,-0.65%
04/15/2025,"116,775.50","116,739.02","117,362.22","116,645.68",215168112,0.33%
04/14/2025,"116,390.03","115,448.73","116,494.19","115,246.20",273769374,1.34%
04/11/2025,"114,853.33","115,937.38","115,937.38","114,639.92",250709159,-1.15%
04/10/2025,"116,189.21","117,094.14","117,484.16","116,130.90",390903061,1.78%
04/09/2025,"114,153.15","115,092.12","115,092.12","112,891.48",267592345,-1.19%
04/08/2025,"115,532.43","115,800.77","116,692.29","115,560.90",338909549,0.54%
04/07/2025,"114,909.48","117,601.62","117,601.62","110,103.97",389103177,-3.27%
04/04/2025,"118,791.66","119,155.22","120,796.67","118,718.26",313410539,-0.12%
04/03/2025,"118,938.11","117,873.59","119,179.45","117,508.07",200789013,0.96%
03/27/2025,"117,806.74","118,037.69","118,147.25","117,551.42",193474026,0.03%
03/26/2025,"117,772.31","117,935.80","118,220.88","117,178.23",231392631,0.98%
03/25/2025,"116,633.16","116,375.70","116,904.55","115,877.88",158061529,0.17%
03/24/2025,"116,439.62","118,797.70","118,797.70","116,257.51",167106163,-1.69%
03/21/2025,"118,442.17","119,078.91","119,405.91","118,334.40",172210026,-0.28%
03/20/2025,"118,769.77","118,525.00","119,421.81","118,444.03",401602764,0.67%
03/19/2025,"117,974.02","117,198.35","118,243.63","116,882.80",301111478,0.83%
03/18/2025,"117,001.09","116,657.45","117,202.09","116,490.82",274472128,0.69%
03/17/2025,"116,199.59","115,957.88","116,626.82","115,883.22",286473754,0.57%
03/14/2025,"115,536.16","115,705.29","115,730.98","115,162.69",205477652,0.38%
03/13/2025,"115,094.23","114,429.93","115,247.39","114,429.93",210932828,0.89%
03/12/2025,"114,084.53","114,503.39","114,661.88","114,001.50",128435253,-0.08%
03/11/2025,"114,177.65","114,180.09","114,486.19","113,610.31",171981292,-0.16%
03/10/2025,"114,356.34","114,432.80","115,048.41","114,152.31",165905814,-0.04%
03/07/2025,"114,398.69","114,169.19","114,721.58","114,169.19",233228483,0.60%
03/06/2025,"113,713.17","112,506.52","113,871.21","112,446.00",240887086,1.30%
03/05/2025,"112,253.76","112,952.94","113,327.12","112,146.09",152194164,-0.43%
03/04/2025,"112,743.79","112,106.68","112,877.01","111,717.17",101172112,0.68%
03/03/2025,"111,986.88","113,498.57","113,591.83","111,829.14",107997918,-1.12%
02/28/2025,"113,251.66","113,890.67","114,265.97","113,201.84",231447579,-0.47%
02/27/2025,"113,784.30","114,045.12","114,456.91","113,729.52",207286392,-0.07%
02/26/2025,"113,862.32","114,580.39","114,762.92","113,849.93",333099308,-0.58%
02/25/2025,"114,528.08","114,900.46","115,889.60","114,178.55",290832594,0.17%
02/24/2025,"114,330.10","112,700.10","114,573.67","111,857.33",214098048,1.36%
02/21/2025,"112,800.93","114,441.58","114,444.01","112,813.87",216606445,-0.82%
02/20/2025,"113,739.15","113,601.95","114,202.13","113,525.89",507746834,0.35%
02/19/2025,"113,342.43","113,465.70","114,029.75","113,060.25",461111152,0.22%
02/18/2025,"113,088.47","112,023.31","113,252.54","111,642.02",348503860,1.20%
02/17/2025,"111,743.53","112,283.82","112,524.80","111,513.66",295792874,-0.30%
02/14/2025,"112,085.29","113,070.07","113,482.12","111,861.56",238575951,-0.43%
02/13/2025,"112,564.07","113,023.23","113,477.71","112,540.12",289287556,-0.32%
02/12/2025,"112,924.93","113,302.67","113,436.71","112,621.14",399903877,-0.08%
02/11/2025,"113,010.38","111,834.20","113,233.40","111,834.20",244301553,1.47%
02/10/2025,"111,377.96","110,610.81","111,622.72","109,948.57",193051971,0.96%
02/07/2025,"110,322.93","110,575.27","110,905.09","109,686.52",129150558,0.02%
02/06/2025,"110,301.16","112,053.95","112,234.15","109,405.53",174301204,-1.46%
02/04/2025,"111,935.38","113,091.72","113,649.07","111,828.10",170645912,-0.72%
02/03/2025,"112,745.01","114,525.41","114,620.79","112,681.33",165869340,-1.32%
01/31/2025,"114,255.72","113,745.99","115,106.99","113,692.87",250677180,0.93%
01/30/2025,"113,206.40","111,805.66","113,400.56","111,805.66",172244205,1.54%
01/29/2025,"111,487.36","112,274.41","112,569.89","111,157.18",201920600,-0.48%
01/28/2025,"112,030.36","113,398.28","113,644.71","111,434.95",211433151,-1.31%
01/27/2025,"113,520.32","115,075.86","115,596.87","113,482.22",231004228,-1.18%
01/24/2025,"114,880.48","114,407.66","115,779.05","114,383.16",280356255,0.74%
01/23/2025,"114,037.79","113,580.21","114,319.62","113,234.31",374094135,0.52%
01/22/2025,"113,443.43","114,996.26","115,256.16","113,359.37",358354842,-1.39%
01/21/2025,"115,042.25","116,320.30","116,424.85","114,783.71",338091446,-0.69%
01/20/2025,"115,844.81","115,868.94","116,276.42","115,668.08",268341356,0.50%
01/17/2025,"115,272.08","114,060.38","115,356.12","113,571.95",212258376,1.26%
01/16/2025,"113,836.74","114,800.98","114,884.63","113,630.45",176924174,-0.58%
01/15/2025,"114,495.70","115,360.64","115,773.39","114,298.29",263604730,-0.27%
01/14/2025,"114,804.16","114,541.46","115,044.79","113,836.60",258818915,0.50%
01/13/2025,"114,230.06","113,715.50","114,496.08","113,083.86",198488649,0.87%
01/10/2025,"113,247.29","112,544.62","113,554.07","112,013.59",216223504,0.54%
01/09/2025,"112,638.26","114,313.00","114,329.95","112,594.66",268882362,-1.32%
01/08/2025,"114,148.45","116,591.08","117,750.22","113,847.03",254281505,-1.64%
01/07/2025,"116,052.68","116,667.55","116,843.41","113,677.50",401226818,-0.17%
01/06/2025,"116,255.12","118,309.50","118,735.09","115,941.94",369827568,-1.13%
01/03/2025,"117,586.98","117,484.90","117,891.62","115,580.01",398069663,0.40%
01/02/2025,"117,119.65","117,150.31","118,367.81","116,857.61",383715356,0.10%
01/01/2025,"117,008.08","115,258.12","117,341.03","114,719.89",464650703,1.63%
12/31/2024,"115,126.90","116,700.02","116,700.01","114,804.80",580521510,-0.11%
12/30/2024,"115,258.99","111,916.71","115,422.34","111,916.70",521358892,3.51%
12/27/2024,"111,351.17","110,658.65","112,043.77","110,246.93",293222101,0.84%
12/26/2024,"110,423.32","112,480.60","112,480.60","109,858.88",274820575,-1.77%
12/24/2024,"112,414.80","113,924.42","115,036.49","112,294.42",352683905,-1.33%
12/23/2024,"113,924.41","110,990.57","114,189.71","110,891.35",424809788,4.03%
12/20/2024,"109,513.14","106,073.21","109,846.64","105,601.03",321794257,3.05%
12/19/2024,"106,274.97","110,140.75","111,745.02","105,937.37",531310276,-4.32%
12/18/2024,"111,070.29","114,854.05","116,236.70","110,896.27",507235151,-3.30%
12/17/2024,"114,860.68","116,308.02","117,039.17","113,688.54",548572535,-1.13%
12/16/2024,"116,169.41","115,433.26","116,681.59","115,345.99",491296218,1.63%
12/13/2024,"114,301.80","114,627.54","115,172.44","112,609.25",479749698,0.11%
12/12/2024,"114,180.50","111,308.66","114,408.62","111,308.65",636222242,3.04%
12/11/2024,"110,810.21","109,455.51","111,012.01","109,416.32",509284555,1.76%
12/10/2024,"108,896.65","110,738.04","111,759.58","107,711.40",669926243,-0.98%
12/09/2024,"109,970.38","109,094.07","110,358.85","107,625.91",719554091,0.84%
12/06/2024,"109,053.95","108,864.72","109,478.08","108,550.86",658756292,0.75%
12/05/2024,"108,238.96","105,661.16","108,345.98","105,448.05",721594986,2.98%
12/04/2024,"105,104.33","105,080.29","105,473.56","104,315.41",697648587,0.52%
12/03/2024,"104,559.07","103,520.00","104,680.88","102,825.59",756590949,1.24%
12/02/2024,"103,274.94","101,921.21","103,386.46","101,921.20",695792396,1.89%
11/29/2024,"101,357.32","100,393.16","101,496.17","99,822.61",454634490,1.27%
11/28/2024,"100,082.77","100,059.29","100,540.29","99,354.24",555937638,0.82%
11/27/2024,"99,269.25","97,425.06","99,549.81","97,188.27",495792767,4.96%
11/26/2024,"94,574.16","98,049.38","99,819.59","94,180.59",517935877,-3.57%
11/25/2024,"98,079.78","97,851.82","99,317.47","97,137.63",281098386,0.29%
11/22/2024,"97,798.23","97,835.39","99,623.03","97,471.11",515073212,0.48%
11/21/2024,"97,328.39","95,674.50","97,437.15","95,300.21",323534561,1.86%
11/20/2024,"95,546.45","96,055.66","96,711.33","95,311.97",565381751,-0.32%
11/19/2024,"95,856.66","95,241.64","96,036.48","95,212.63",377888671,0.91%
11/18/2024,"94,995.67","95,060.85","95,307.91","94,620.44",277314752,0.24%
11/15/2024,"94,763.64","94,431.19","95,278.26","94,431.18",283270185,0.61%
11/14/2024,"94,191.89","93,672.72","94,289.97","93,672.72",255613987,0.90%
11/13/2024,"93,355.42","93,362.53","93,803.58","92,943.07",295673595,0.14%
11/12/2024,"93,224.56","93,799.93","93,871.61","92,893.11",408482876,-0.45%
11/11/2024,"93,648.32","93,485.41","94,020.02","93,318.91",468863228,0.38%
11/08/2024,"93,291.68","92,623.84","93,514.55","92,566.49",362829838,0.83%
11/07/2024,"92,520.48","92,259.48","92,694.53","92,185.69",322627966,0.54%
11/06/2024,"92,021.44","92,509.76","92,966.94","91,891.47",376319319,-0.31%
11/05/2024,"92,304.32","92,510.48","92,514.30","91,536.09",289409252,0.40%
11/04/2024,"91,938.00","91,454.30","92,159.08","91,395.35",311380974,1.19%
11/01/2024,"90,859.85","89,292.74","91,133.28","88,852.68",230034853,2.13%
10/31/2024,"88,966.76","90,459.17","90,700.23","89,063.34",287735778,-1.46%
10/30/2024,"90,286.56","91,375.52","91,872.63","90,003.31",240626754,-0.64%
10/29/2024,"90,864.09","90,509.48","91,358.15","90,449.41",256874960,0.74%
10/28/2024,"90,195.51","90,633.65","91,054.83","89,732.73",267244697,0.22%
10/25/2024,"89,993.96","89,373.82","90,593.61","89,373.82",365941166,1.18%
10/24/2024,"88,945.98","87,553.63","89,126.15","87,382.04",458054021,2.01%
10/23/2024,"87,194.53","86,667.99","87,309.22","86,284.25",424365965,0.84%
10/22/2024,"86,466.57","86,294.70","86,846.03","86,294.69",415551315,0.48%
10/21/2024,"86,057.51","85,353.34","86,172.79","85,349.32",240442007,0.95%
10/18/2024,"85,250.09","85,638.58","85,773.82","85,120.90",152919391,-0.39%
10/17/2024,"85,585.43","86,439.57","86,520.29","85,539.19",219878282,-0.72%
10/16/2024,"86,205.66","86,060.69","86,513.46","85,948.05",259491201,0.43%
10/15/2024,"85,840.34","85,264.93","85,893.99","84,856.21",251621901,0.68%
10/14/2024,"85,261.38","85,596.91","86,105.02","85,156.11",263517705,-0.26%
10/11/2024,"85,483.40","85,432.84","85,750.18","84,774.45",295018853,0.04%
10/10/2024,"85,453.22","85,743.41","86,013.46","85,425.74",293943274,-0.25%
10/09/2024,"85,669.27","85,823.81","86,451.42","85,444.30",349287138,0.01%
10/08/2024,"85,663.97","84,905.56","85,824.27","84,897.98",283714499,0.89%
10/07/2024,"84,910.29","83,651.99","85,047.81","83,303.54",281013466,1.65%
10/04/2024,"83,531.95","82,804.30","83,605.72","82,594.79",173692831,0.98%
10/03/2024,"82,721.76","82,076.34","82,958.73","81,981.50",159625475,0.92%
10/02/2024,"81,967.00","81,706.43","82,360.28","81,529.45",154646093,0.20%
10/01/2024,"81,804.59","81,199.43","81,980.36","81,119.24",191149995,0.85%
09/30/2024,"81,114.20","81,271.08","81,321.63","80,352.22",116757209,-0.22%
09/27/2024,"81,292.13","83,767.61","81,842.74","81,183.50",153487760,-0.45%
09/26/2024,"81,657.96","82,752.07","82,905.73","81,552.66",152660215,-0.72%
09/25/2024,"82,247.91","81,643.50","82,331.85","81,524.41",155310370,0.94%
09/24/2024,"81,483.64","81,873.63","82,010.09","81,107.38",148622968,-0.45%
09/23/2024,"81,850.50","82,113.42","82,463.05","81,548.64",162998707,-0.27%
09/20/2024,"82,074.44","81,694.98","82,372.19","81,387.57",243550905,0.76%
09/19/2024,"81,459.28","80,802.77","82,003.58","80,680.23",184890999,1.24%
09/18/2024,"80,461.33","79,884.41","80,587.44","79,798.75",147731066,1.22%
09/16/2024,"79,491.13","79,682.10","79,993.17","79,368.18",152285179,0.20%
09/13/2024,"79,333.05","79,912.34","80,016.73","79,262.72",191853803,0.40%
09/12/2024,"79,017.61","78,843.06","79,217.61","78,577.65",132750010,0.47%
09/11/2024,"78,651.79","79,428.49","79,507.17","78,612.16",146516672,-0.80%
09/10/2024,"79,286.73","78,776.77","79,335.59","78,642.86",121335086,0.85%
09/09/2024,"78,615.00","79,117.78","79,214.27","78,545.68",90272467,-0.36%
09/06/2024,"78,897.72","79,009.84","79,254.25","78,917.29",141866198,0.04%
09/05/2024,"78,863.34","79,027.52","79,154.29","78,578.01",132198352,0.02%
09/04/2024,"78,848.01","78,488.88","78,890.79","78,488.88",146298521,0.63%
09/03/2024,"78,356.31","78,566.04","78,644.96","78,250.89",99477520,0.09%
09/02/2024,"78,283.29","78,715.16","79,014.68","78,240.36",121323636,-0.26%
08/30/2024,"78,488.21","78,552.01","78,914.27","78,439.61",148547591,0.18%
08/29/2024,"78,349.66","78,019.51","78,513.85","78,017.35",151385422,0.46%
08/28/2024,"77,992.78","78,253.05","78,334.60","77,990.34",150897385,-0.12%
08/27/2024,"78,084.23","78,737.23","78,857.61","78,077.83",190596194,-0.62%
08/26/2024,"78,571.05","78,907.54","79,160.39","78,553.86",141271943,-0.29%
08/23/2024,"78,801.42","78,902.33","79,173.94","78,760.02",197837814,0.01%
08/22/2024,"78,793.41","78,442.25","78,996.22","78,442.25",184560028,0.68%
08/21/2024,"78,260.85","77,993.20","78,457.37","77,968.74",190858373,0.66%
08/20/2024,"77,745.52","77,857.79","77,930.03","77,460.39",114232393,-0.11%
08/19/2024,"77,830.34","78,272.12","78,382.04","77,566.62",122481310,-0.28%
08/16/2024,"78,045.30","78,197.15","78,619.17","78,041.08",206700571,-0.08%
08/15/2024,"78,105.98","77,989.36","78,709.13","77,987.82",169231822,0.29%
08/13/2024,"77,877.41","77,966.72","78,275.97","77,817.32",183958550,-0.13%
08/12/2024,"77,980.29","78,867.30","78,886.46","77,940.52",141771364,-0.75%
08/09/2024,"78,569.58","78,322.33","78,823.13","78,051.08",138958150,0.89%
08/08/2024,"77,874.22","77,218.12","77,969.26","77,085.47",192848184,0.99%
08/07/2024,"77,114.49","77,344.86","77,800.04","77,086.81",128803602,-0.10%
08/06/2024,"77,191.34","77,417.21","77,746.55","77,035.95",149774582,0.14%
08/05/2024,"77,084.48","78,303.67","78,330.09","76,943.24",169486960,-1.46%
08/02/2024,"78,225.98","77,946.16","78,434.16","77,926.53",203289387,0.62%
08/01/2024,"77,740.30","78,101.16","78,241.02","77,595.92",97011676,-0.19%
07/31/2024,"77,886.98","78,725.96","79,151.81","77,810.16",112542528,-0.94%
07/30/2024,"78,628.80","79,319.20","79,327.04","78,518.23",143371373,-0.25%
07/29/2024,"78,827.74","78,023.89","79,055.99","78,016.29",135177284,1.02%
07/26/2024,"78,029.50","78,440.36","78,569.88","77,921.47",116859785,-0.56%
07/25/2024,"78,469.33","79,568.48","79,776.95","78,330.58",129010674,-1.17%
07/24/2024,"79,397.00","79,194.74","79,704.36","79,071.48",102935402,0.52%
07/23/2024,"78,987.09","78,700.25","79,585.34","78,634.15",137602553,0.57%
07/22/2024,"78,539.18","79,920.23","80,085.63","78,404.76",201001223,-1.97%
07/19/2024,"80,117.89","81,921.71","81,939.83","79,812.69",246330407,-2.10%
07/18/2024,"81,839.86","81,418.12","81,909.94","81,418.11",238793531,0.84%
07/15/2024,"81,155.60","80,743.46","81,428.43","80,743.46",219582625,1.52%
07/12/2024,"79,944.09","80,094.69","80,321.68","78,611.68",217955240,-0.06%
07/11/2024,"79,992.35","79,884.02","80,114.72","79,708.87",154186340,0.19%
07/10/2024,"79,841.55","80,885.06","80,971.95","79,841.32",230879301,-1.03%
07/09/2024,"80,672.06","80,752.94","81,087.42","80,530.85",309330333,0.13%
07/08/2024,"80,566.20","80,332.79","80,737.70","80,192.31",138374084,0.44%
07/05/2024,"80,212.79","80,427.84","80,627.49","80,080.25",210920436,-0.09%
07/04/2024,"80,282.80","80,438.84","80,888.86","80,134.89",229012241,0.06%
07/03/2024,"80,233.67","79,697.25","80,405.23","79,697.25",280091033,0.86%
07/02/2024,"79,552.88","78,978.55","79,740.35","78,978.54",192738740,0.92%
07/01/2024,"78,824.33","78,531.93","79,536.22","78,427.79",163286438,0.48%
06/28/2024,"78,444.96","78,698.47","78,784.23","78,312.36",205930861,-0.11%
06/27/2024,"78,528.25","78,470.34","78,978.60","78,294.22",137790290,0.32%
06/26/2024,"78,275.64","77,968.91","78,679.49","77,968.90",219556647,0.43%
06/25/2024,"77,940.58","78,297.40","78,541.21","77,908.98",130431326,-0.37%
06/24/2024,"78,232.09","79,247.15","79,388.11","78,167.43",148576888,-0.73%
06/21/2024,"78,810.49","79,156.52","80,059.87","78,169.02",207358795,0.01%
06/20/2024,"78,801.53","76,896.82","78,890.37","76,896.81",211587860,2.73%
06/14/2024,"76,706.77","76,555.91","77,310.45","76,103.56",212258377,0.65%
06/13/2024,"76,208.16","73,329.80","76,338.14","73,329.79",344982490,4.69%
06/12/2024,"72,797.43","72,545.24","73,169.00","72,464.24",106573282,0.29%
06/11/2024,"72,589.49","73,779.99","73,866.44","72,476.05",142282731,-0.91%
06/10/2024,"73,252.56","73,841.92","73,915.45","72,981.34",89516331,-0.68%
06/07/2024,"73,754.01","73,805.95","73,902.78","71,781.96",208556823,-0.15%
06/06/2024,"73,862.93","74,276.84","74,593.32","73,768.39",112794549,-0.48%
06/05/2024,"74,219.43","74,672.38","74,758.11","74,136.52",138772301,-0.60%
06/04/2024,"74,666.65","75,657.68","75,669.76","74,592.74",179207660,-1.20%
06/03/2024,"75,575.25","76,091.42","76,209.96","75,495.38",190984190,-0.40%
05/31/2024,"75,878.47","75,078.43","75,953.74","74,989.26",243276419,1.34%
05/30/2024,"74,878.12","74,986.02","75,300.03","74,585.35",175803745,0.06%
05/29/2024,"74,836.30","75,617.79","75,667.30","74,760.10",192226303,-0.90%
05/27/2024,"75,517.48","76,089.66","76,187.44","75,485.62",195296629,-0.61%
05/24/2024,"75,983.03","75,266.61","76,248.75","75,263.05",310418114,1.16%
05/23/2024,"75,114.47","74,982.16","75,284.74","74,726.06",336883972,0.21%
05/22/2024,"74,956.67","75,246.33","75,513.89","74,835.48",183367088,-0.33%
05/21/2024,"75,206.77","75,158.68","75,482.46","74,958.09",159509646,0.16%
05/20/2024,"75,084.00","75,454.97","75,618.49","74,734.24",141358802,-0.34%
05/17/2024,"75,342.34","74,981.29","75,401.11","74,947.71",188724737,0.55%
05/16/2024,"74,930.69","74,744.65","75,029.03","74,450.25",170467012,0.36%
05/15/2024,"74,663.98","74,779.84","75,115.32","74,440.87",251456212,0.18%
05/14/2024,"74,531.19","74,022.18","74,575.30","73,977.00",257367216,0.99%
05/13/2024,"73,799.11","73,315.02","74,114.22","73,109.76",308961397,0.98%
05/10/2024,"73,085.50","72,888.93","73,449.37","72,876.83",320498215,0.59%
05/09/2024,"72,658.05","72,819.48","72,889.78","72,889.78",235199535,0.08%
05/08/2024,"72,601.81","73,079.18","73,079.18","72,358.19",254873342,-0.22%
05/07/2024,"72,761.19","73,062.52","73,260.08","72,707.95",269925733,-0.00%
05/06/2024,"72,764.24","72,485.86","73,060.74","72,462.49",313376780,1.20%
05/03/2024,"71,902.09","70,734.47","71,986.43","70,671.71",227950152,1.76%
05/02/2024,"70,657.64","71,199.95","71,292.83","70,562.12",225619410,-0.63%
04/30/2024,"71,102.54","71,780.95","72,119.65","71,059.62",232912683,-0.83%
04/29/2024,"71,695.03","73,022.89","73,300.75","71,602.94",281385875,-1.44%
04/26/2024,"72,742.74","72,109.79","72,862.41","71,764.18",301363509,1.07%
04/25/2024,"71,971.40","72,254.38","72,593.25","71,700.53",423966250,-0.11%
04/24/2024,"72,051.89","71,472.87","72,414.32","71,467.01",324513222,0.97%
04/23/2024,"71,359.41","71,433.46","71,846.64","71,338.43",383445458,-0.10%
04/22/2024,"71,433.46","71,009.67","71,861.18","70,882.44",360535650,0.74%
04/19/2024,"70,909.90","70,423.71","70,968.98","70,186.93",214724945,0.88%
04/18/2024,"70,290.11","70,506.20","70,645.29","69,783.31",237643900,-0.06%
04/17/2024,"70,333.31","70,396.65","70,725.49","70,037.28",221820349,-0.21%
04/16/2024,"70,483.66","70,661.42","71,092.61","70,405.24",219859414,-0.09%
04/15/2024,"70,544.58","70,218.51","70,608.88","69,914.10",255640449,0.33%
04/09/2024,"70,314.71","69,857.15","70,677.29","69,857.14",219290682,1.00%
04/08/2024,"69,619.98","68,716.64","69,720.03","68,710.49",188866316,1.76%
04/04/2024,"68,416.78","68,210.16","68,439.37","67,912.35",201021698,0.98%
04/03/2024,"67,756.03","66,998.21","67,873.21","66,985.01",140848242,1.30%
04/02/2024,"66,886.26","66,793.38","66,959.54","66,573.63",94865141,0.13%
04/01/2024,"66,796.32","67,168.02","67,304.36","66,740.91",79557720,-0.31%
03/29/2024,"67,005.10","67,232.20","67,307.63","66,822.42",142211477,-0.20%
03/28/2024,"67,142.12","66,690.94","67,246.02","66,690.94",231313539,0.89%
03/27/2024,"66,547.78","66,003.44","66,607.87","66,003.43",189118251,0.97%
03/26/2024,"65,906.27","65,629.76","65,989.54","65,492.70",137145987,0.58%
03/25/2024,"65,525.64","65,412.92","65,656.49","65,301.73",129348381,0.57%
03/22/2024,"65,151.82","65,510.16","65,534.02","65,056.65",83027726,-0.41%
03/21/2024,"65,417.40","66,021.54","66,196.23","65,326.01",242671674,-0.48%
03/20/2024,"65,731.79","65,727.73","65,968.02","65,614.94",170619444,0.35%
03/19/2024,"65,502.59","64,955.94","65,624.72","64,940.17",162243933,0.94%
03/18/2024,"64,890.50","64,987.15","65,148.36","64,811.92",91515302,0.11%
03/15/2024,"64,816.46","65,309.79","65,353.66","64,759.60",99404749,-0.38%
03/14/2024,"65,064.26","64,079.97","65,205.81","64,079.97",136554522,1.59%
03/13/2024,"64,048.44","64,859.77","65,043.37","63,856.51",125290804,-1.16%
03/12/2024,"64,801.70","65,815.11","65,859.63","64,664.66",126820357,-1.45%
03/11/2024,"65,755.30","65,948.02","66,119.34","65,698.76",251628283,-0.06%
03/08/2024,"65,793.75","65,760.55","66,067.52","65,693.22",240096517,0.29%
03/07/2024,"65,603.08","65,673.80","65,874.15","65,187.68",158392882,-0.08%
03/06/2024,"65,656.62","65,757.72","66,150.94","65,603.88",191418797,-0.11%
03/05/2024,"65,726.04","66,126.70","66,134.84","65,500.06",185709075,-0.34%
03/04/2024,"65,951.72","65,695.03","66,007.43","65,532.58",211690827,0.96%
03/01/2024,"65,325.68","64,775.31","65,486.45","64,530.20",136075582,1.16%
02/29/2024,"64,578.52","63,827.25","64,801.63","63,827.25",223519849,1.37%
02/28/2024,"63,703.44","63,173.45","63,929.57","63,042.14",265803085,0.77%
02/27/2024,"63,219.09","63,450.40","63,622.00","63,055.64",231041416,-0.14%
02/26/2024,"63,305.93","62,915.40","63,732.50","62,915.39",221452325,0.78%
02/23/2024,"62,815.81","61,939.01","62,945.36","61,849.67",196435226,1.46%
02/22/2024,"61,914.34","61,741.57","61,952.09","61,460.44",171751787,0.58%
02/21/2024,"61,559.15","61,237.78","61,620.85","60,906.97",210578314,1.81%
02/20/2024,"60,464.24","60,576.38","61,237.51","60,420.83",234890909,0.01%
02/19/2024,"60,459.74","59,444.46","60,504.48","59,191.85",126222530,0.98%
02/16/2024,"59,872.96","60,787.30","61,173.30","59,739.46",163233825,-1.88%
02/15/2024,"61,020.05","62,394.25","62,394.25","60,926.85",154596924,-1.82%
02/14/2024,"62,153.84","61,635.62","62,432.25","61,635.61",179310406,1.51%
02/13/2024,"61,226.92","60,536.13","61,654.65","59,613.17",253487196,0.26%
02/12/2024,"61,065.31","62,444.76","62,634.37","60,647.67",200894460,-2.98%
02/09/2024,"62,943.74","63,291.62","63,305.70","61,781.76",151778801,-1.87%
02/07/2024,"64,143.87","63,955.05","64,196.61","63,927.28",194653075,0.54%
02/06/2024,"63,799.01","63,178.09","63,885.09","63,176.96",167998130,1.26%
02/02/2024,"63,002.91","62,536.10","63,075.30","62,448.72",133234269,0.98%
02/01/2024,"62,393.73","62,054.25","62,480.23","61,764.69",138794235,0.67%
01/31/2024,"61,979.18","62,072.82","62,600.12","61,896.00",153557746,0.22%
01/30/2024,"61,841.74","62,799.23","63,074.50","61,637.62",233753017,-1.48%
01/29/2024,"62,773.72","63,792.84","63,792.84","62,717.71",162231924,-1.63%
01/26/2024,"63,813.06","64,220.91","64,534.29","63,743.40",212491251,-0.75%
01/25/2024,"64,298.00","64,918.32","65,213.61","64,180.44",290527031,-0.81%
01/24/2024,"64,822.43","64,569.49","65,063.08","64,460.94",278201516,0.57%
01/23/2024,"64,454.22","64,121.46","64,658.17","63,549.60",261063924,0.81%
01/22/2024,"63,939.41","63,354.43","64,090.88","63,139.72",197283355,1.04%
01/19/2024,"63,282.22","63,351.07","63,911.85","63,214.86",145873635,0.13%
01/18/2024,"63,202.40","63,579.97","63,579.96","62,528.55",235243488,-0.57%
01/17/2024,"63,567.33","63,692.22","64,043.86","63,290.18",249257124,-0.27%
01/16/2024,"63,737.46","64,246.68","64,246.67","63,397.94",234389148,-0.83%
01/15/2024,"64,269.37","64,885.15","65,173.87","64,130.95",235432382,-0.57%
01/12/2024,"64,637.63","64,917.06","65,356.85","64,491.08",402808230,0.03%
01/11/2024,"64,617.56","64,057.49","64,700.97","63,914.94",364838715,1.09%
01/10/2024,"63,919.84","64,234.83","64,550.94","63,873.63",336520914,-0.39%
01/09/2024,"64,170.57","64,536.58","64,786.35","63,878.21",253614365,-0.10%
01/08/2024,"64,237.02","64,684.23","65,069.43","64,183.52",314518273,-18.51%
01/07/2024,"78,824.33","78,531.93","79,536.22","78,427.79",163286438,22.18%
01/05/2024,"64,514.89","64,743.86","65,077.47","63,757.95",718032345,-0.19%
01/04/2024,"64,639.15","64,815.34","64,936.75","64,098.10",322736254,-0.01%
01/03/2024,"64,646.84","64,504.22","65,244.60","64,219.54",417377628,0.46%
01/02/2024,"64,349.60","65,120.39","65,333.69","64,213.62",424015769,-0.48%
01/01/2024,"64,661.78","62,969.99","64,718.88","62,672.96",339925632,3.54%
12/29/2023,"62,451.04","62,225.33","62,644.38","61,807.54",362722668,0.64%
12/28/2023,"62,052.23","61,130.13","62,750.77","61,092.27",378619990,1.95%
12/27/2023,"60,863.62","59,097.62","61,009.87","58,758.48",394318118,2.86%
12/26/2023,"59,170.97","61,606.46","61,634.55","59,026.81",396481194,-4.11%
12/22/2023,"61,705.09","62,838.18","62,995.21","61,569.13",333554752,-1.58%
12/21/2023,"62,693.56","62,742.26","62,850.09","61,750.97",526378529,0.39%
12/20/2023,"62,448.01","62,862.54","63,261.05","61,082.50",662624425,-0.61%
12/19/2023,"62,833.03","65,124.30","65,132.03","62,360.78",949995503,-3.64%
12/18/2023,"65,204.67","66,525.70","66,586.61","65,064.94",963383501,-1.40%
12/15/2023,"66,130.02","65,774.74","66,346.76","65,559.48",984029483,1.04%
12/14/2023,"65,450.18","65,323.06","65,622.55","64,437.69",407280839,0.26%
12/13/2023,"65,280.16","66,764.30","67,093.96","64,427.38",677143245,-1.73%
12/12/2023,"66,426.78","66,121.14","66,604.04","66,121.13",467331045,0.63%
12/11/2023,"66,012.32","66,162.29","66,564.04","65,128.99",613393284,-0.32%
12/08/2023,"66,223.63","65,055.17","66,273.73","65,055.17",818336744,2.33%
12/07/2023,"64,718.07","64,159.02","64,958.10","63,853.04",765341303,1.25%
12/06/2023,"63,917.72","63,205.42","64,038.83","63,188.71",515164227,1.53%
12/05/2023,"62,956.02","62,653.40","63,036.51","62,215.18",408331339,0.74%
12/04/2023,"62,493.05","62,061.57","62,912.61","62,061.56",368996167,1.30%
12/01/2023,"61,691.25","60,667.83","61,779.72","60,576.41",295893264,1.92%
11/30/2023,"60,531.27","60,787.90","60,981.67","60,428.13",232896884,0.05%
11/29/2023,"60,501.99","60,916.67","61,555.83","60,328.17",343522861,-0.38%
11/28/2023,"60,730.26","60,023.86","60,845.60","60,023.85",336599517,1.54%
11/27/2023,"59,811.34","59,298.90","59,896.08","58,999.30",276857891,1.23%
11/24/2023,"59,086.35","59,059.56","59,502.28","58,990.21",289169682,0.32%
11/23/2023,"58,899.84","58,246.21","58,920.41","58,246.20",306739122,1.20%
11/22/2023,"58,198.76","57,418.50","58,405.92","57,418.50",256574048,1.44%
11/21/2023,"57,371.58","57,176.46","57,691.22","57,176.45",355672819,0.51%
11/20/2023,"57,077.96","57,099.82","57,309.26","56,738.39",314736021,0.03%
11/17/2023,"57,063.15","57,503.68","57,750.92","56,977.02",363423269,-0.58%
11/16/2023,"57,397.02","56,838.66","57,549.26","56,531.53",359819193,1.26%
11/15/2023,"56,680.06","56,793.35","56,846.67","56,433.04",306609297,0.02%
11/14/2023,"56,665.93","56,732.99","56,873.98","56,118.17",254947086,0.25%
11/13/2023,"56,523.58","55,644.68","56,583.59","55,644.67",300340813,2.04%
11/10/2023,"55,391.36","54,371.75","55,506.32","54,371.74",372159237,2.08%
11/08/2023,"54,261.42","53,720.46","54,419.65","53,720.45",259130534,0.98%
11/07/2023,"53,735.73","53,977.16","54,312.89","53,711.46",245992417,-0.23%
11/06/2023,"53,860.36","53,286.64","53,944.89","53,166.85",269425259,1.39%
11/03/2023,"53,123.03","52,916.99","53,263.07","52,782.21",215903590,0.89%
11/02/2023,"52,656.76","52,421.09","52,706.00","52,239.58",182955195,0.60%
11/01/2023,"52,342.63","52,075.16","52,451.20","52,075.16",258168972,0.81%
10/31/2023,"51,920.27","51,633.00","52,088.70","51,508.57",252190357,0.85%
10/30/2023,"51,482.92","50,971.84","51,501.82","50,971.84",137421764,1.06%
10/27/2023,"50,943.83","51,219.11","51,269.73","50,834.72",178178531,-0.47%
10/26/2023,"51,185.28","51,341.92","51,520.68","51,140.64",175300260,0.02%
10/25/2023,"51,177.13","51,023.31","51,483.84","51,023.31",215696389,0.29%
10/24/2023,"51,027.94","51,121.92","51,121.92","50,624.38",145554910,-0.08%
10/23/2023,"51,070.82","50,924.38","51,419.86","50,924.37",188079460,0.67%
10/20/2023,"50,731.86","50,417.99","50,952.67","50,332.75",210055910,0.73%
10/19/2023,"50,365.15","49,487.16","50,399.92","49,436.92",249126199,1.89%
10/18/2023,"49,431.47","49,496.19","49,740.97","49,383.71",157191807,-0.20%
10/17/2023,"49,531.01","49,792.49","50,017.45","49,508.41",221287157,-0.40%
10/16/2023,"49,731.35","49,705.41","49,919.03","49,317.59",296340716,0.48%
10/13/2023,"49,493.47","48,821.58","49,520.37","48,767.59",369813447,1.48%
10/12/2023,"48,771.71","48,520.71","48,830.26","48,359.37",223229778,0.61%
10/11/2023,"48,474.54","48,210.60","48,516.64","48,208.30",275943536,0.69%
10/10/2023,"48,140.27","47,752.69","48,166.36","47,708.11",169366744,0.88%
10/09/2023,"47,721.79","47,376.59","47,775.72","47,217.74",116346026,0.48%
10/06/2023,"47,493.57","47,545.30","47,619.25","47,402.57",116567496,0.09%
10/05/2023,"47,452.38","47,152.98","47,484.56","47,152.98",182435686,0.79%
10/04/2023,"47,079.83","46,760.83","47,199.50","46,748.79",100274648,0.69%
10/03/2023,"46,756.80","46,685.93","46,820.71","46,670.78",95173296,0.28%
10/02/2023,"46,627.08","46,294.62","46,704.63","46,294.62",100351138,0.85%
09/28/2023,"46,232.59","46,464.29","46,469.59","46,177.49",80528410,-0.29%
09/27/2023,"46,365.04","46,291.28","46,448.33","46,238.12",91939003,0.19%
09/26/2023,"46,277.65","46,399.88","46,503.82","46,258.96",95627367,-0.25%
09/25/2023,"46,393.67","46,483.10","46,590.26","46,305.88",89591756,-0.06%
09/22/2023,"46,421.15","46,322.34","46,500.45","46,181.99",94480015,0.47%
09/21/2023,"46,202.12","45,917.50","46,309.80","45,733.44",74186692,0.68%
09/20/2023,"45,889.57","45,947.39","46,035.09","45,808.10",46255114,-0.05%
09/19/2023,"45,910.46","45,850.20","46,036.03","45,850.20",57099739,0.23%
09/18/2023,"45,803.19","45,824.42","45,907.08","45,662.70",38482836,0.11%
09/15/2023,"45,753.51","45,986.58","46,093.01","45,700.65",140164860,0.23%
09/14/2023,"45,650.05","45,581.72","45,776.96","45,581.48",61386957,0.13%
09/13/2023,"45,590.92","45,507.73","45,732.72","45,500.21",47422802,0.18%
09/12/2023,"45,508.39","45,902.72","45,902.72","45,468.27",58398860,-0.78%
09/11/2023,"45,865.73","46,071.19","46,174.68","45,678.15",140183512,-0.32%
09/08/2023,"46,013.48","45,812.70","46,077.38","45,728.89",67980063,0.56%
09/07/2023,"45,757.23","45,854.24","46,035.81","45,703.53",98984688,-0.11%
09/06/2023,"45,807.57","45,515.03","45,854.18","45,460.28",74242782,0.69%
09/05/2023,"45,491.48","45,825.12","45,950.68","45,416.99",55028384,-0.47%
09/04/2023,"45,707.42","45,461.58","45,788.74","45,448.02",55254788,0.87%
09/01/2023,"45,312.65","45,005.74","45,358.28","44,795.81",55690564,0.69%
08/31/2023,"45,002.41","46,286.73","46,358.01","44,459.62",169142258,-2.69%
08/30/2023,"46,244.55","46,771.14","46,857.88","46,101.33",101472129,-1.12%
08/29/2023,"46,770.41","47,322.44","47,372.08","46,598.23",111051776,-1.49%
08/28/2023,"47,478.61","47,732.79","47,733.50","47,399.27",97813577,-0.40%
08/25/2023,"47,671.21","47,818.32","47,853.55","47,570.31",91943441,-0.17%
08/24/2023,"47,750.76","47,463.68","47,994.18","47,463.68",168476614,0.70%
08/23/2023,"47,418.63","47,503.35","47,588.23","47,007.65",47419,0.00%
08/22/2023,"47,417.90","47,451.64","47,675.21","47,359.17",73227553,-0.06%
08/21/2023,"47,447.95","48,141.31","48,234.25","47,432.71",84335337,-1.60%
08/18/2023,"48,218.49","48,406.43","48,615.14","48,196.18",132257744,-0.22%
08/17/2023,"48,325.84","47,961.18","48,397.37","47,893.71",101396353,0.37%
08/16/2023,"48,146.43","48,575.05","48,614.47","48,108.87",104981376,-0.86%
08/15/2023,"48,565.75","48,478.19","48,794.12","48,293.02",123699038,0.29%
08/11/2023,"48,424.40","47,968.51","48,898.82","47,968.51",242051343,1.29%
08/10/2023,"47,808.34","48,503.90","48,622.90","47,626.74",175252024,-0.87%
08/09/2023,"48,227.60","47,322.66","48,334.53","47,262.37",183275562,1.68%
08/08/2023,"47,429.82","48,359.55","48,415.46","47,335.32",197511127,-1.98%
08/07/2023,"48,386.25","48,716.45","49,034.92","48,276.54",232034005,-0.41%
08/04/2023,"48,585.71","48,584.58","48,840.27","48,427.99",210396471,-0.05%
08/03/2023,"48,611.18","48,993.00","49,404.50","48,541.34",289325455,-0.31%
08/02/2023,"48,764.55","48,277.81","48,852.05","48,178.88",365630667,1.11%
08/01/2023,"48,230.50","48,034.59","48,441.84","47,998.26",274242037,0.41%
07/31/2023,"48,034.59","47,394.97","48,126.50","47,372.54",315676640,2.03%
07/27/2023,"47,076.99","46,780.12","47,393.47","46,779.74",254214496,0.85%
07/26/2023,"46,682.52","46,515.88","46,724.57","46,499.36",242989152,0.57%
07/25/2023,"46,417.34","46,063.59","46,540.87","46,019.63",142826304,0.79%
07/24/2023,"46,054.81","46,087.58","46,195.70","45,872.67",153912400,0.29%
07/21/2023,"45,920.73","45,391.55","46,122.16","45,391.55",205733616,1.15%
07/20/2023,"45,398.31","45,079.60","45,451.64","45,067.95",157328048,0.67%
07/19/2023,"45,095.11","45,121.97","45,227.49","44,928.02",125855056,0.19%
07/18/2023,"45,009.33","45,146.10","45,240.21","44,848.39",125029536,-0.07%
07/17/2023,"45,042.61","45,114.90","45,283.30","45,013.98",148606688,-0.06%
07/14/2023,"45,067.98","45,401.34","45,488.45","45,043.17",112252776,-0.44%
07/13/2023,"45,266.96","45,514.95","45,970.99","45,255.58",225216885,-0.54%
07/12/2023,"45,514.95","45,236.61","45,582.30","45,200.35",205445504,0.80%
07/11/2023,"45,155.79","44,645.89","45,250.48","44,691.46",248032416,1.28%
07/10/2023,"44,585.12","44,246.00","44,601.78","44,260.10",182855392,0.85%
07/07/2023,"44,207.31","44,157.95","44,293.51","44,086.74",115715056,0.06%
07/06/2023,"44,178.85","43,615.88","44,212.77","43,550.14",166154400,1.44%
07/05/2023,"43,552.83","43,557.01","44,041.26","43,464.06",181144512,-0.01%
07/04/2023,"43,557.01","43,899.00","44,511.52","43,488.37",245371488,-0.78%
07/03/2023,"43,899.00","43,545.93","43,933.94","43,404.69",169579712,5.90%
06/27/2023,"41,452.68","41,420.06","41,606.25","41,208.19",137934880,0.04%
06/26/2023,"41,437.10","40,345.34","41,491.87","40,334.05",122174096,3.42%
06/23/2023,"40,065.32","40,175.94","40,235.57","39,894.42",58539504,-0.22%
06/22/2023,"40,152.05","40,231.15","40,378.59","40,091.38",65589344,-0.17%
06/21/2023,"40,220.79","40,695.50","40,804.87","40,191.24",47430440,-1.06%
06/20/2023,"40,653.03","40,635.29","40,739.97","40,507.18",73146312,0.08%
06/19/2023,"40,621.21","41,372.22","41,484.32","40,610.27",92612480,-1.65%
06/16/2023,"41,301.29","41,467.91","41,612.67","41,280.16",59980496,-0.16%
06/15/2023,"41,369.16","41,633.80","41,633.80","41,269.12",44840904,-0.35%
06/14/2023,"41,514.44","41,596.53","41,744.43","41,448.61",40517860,-0.06%
06/13/2023,"41,538.72","41,889.56","42,025.53","41,522.63",61589860,-0.58%
06/12/2023,"41,782.92","41,915.65","42,029.14","41,715.31",83229696,-0.29%
06/09/2023,"41,904.20","41,728.41","41,931.82","41,677.14",78778528,0.52%
06/08/2023,"41,686.46","42,223.74","42,307.11","41,648.83",100881072,-1.08%
06/07/2023,"42,142.71","41,975.36","42,231.63","41,924.48",117404928,0.52%
06/06/2023,"41,923.46","41,771.03","42,026.94","41,751.20",122360032,0.61%
06/05/2023,"41,667.94","41,390.47","41,681.68","41,375.57",81400128,0.76%
06/02/2023,"41,352.98","41,264.42","41,403.43","41,237.41",67578672,0.21%
06/01/2023,"41,266.77","41,387.24","41,481.53","41,226.94",49182896,-0.15%
05/31/2023,"41,330.56","41,724.85","41,852.23","41,265.03",90799056,-0.82%
05/30/2023,"41,671.65","41,362.10","41,693.46","41,362.06",104070256,0.80%
05/29/2023,"41,340.06","41,016.32","41,649.13","41,005.15",95243584,0.92%
05/26/2023,"40,964.54","41,062.18","41,148.56","40,783.80",107230176,-0.16%
05/25/2023,"41,029.67","41,165.06","41,219.03","40,956.88",66537940,-0.21%
05/24/2023,"41,117.32","41,128.92","41,342.23","41,064.40",40260800,0.04%
05/23/2023,"41,099.30","41,224.39","41,295.65","41,098.70",43773936,-0.23%
05/22/2023,"41,195.06","41,636.88","41,690.28","41,155.48",47139572,-0.97%
05/19/2023,"41,599.18","41,462.64","41,628.79","41,354.33",54441224,0.31%
05/18/2023,"41,472.19","41,859.33","41,964.27","41,411.64",49034616,-0.86%
05/17/2023,"41,833.66","42,050.47","42,110.03","41,818.34",55085168,-0.41%
05/16/2023,"42,006.24","41,827.94","42,081.58","41,817.01",101393472,0.69%
05/15/2023,"41,718.43","41,498.01","41,718.43","41,310.19",49988472,0.56%
05/12/2023,"41,487.58","41,378.51","41,649.15","41,299.39",50155592,0.39%
05/11/2023,"41,325.63","41,175.26","41,498.77","41,074.95",38582200,0.61%
05/10/2023,"41,074.95","41,295.32","41,407.09","41,041.32",52986168,-0.72%
05/09/2023,"41,373.81","41,829.80","41,830.35","41,277.73",104478880,-1.09%
05/08/2023,"41,829.49","42,317.71","42,389.22","41,767.45",68420800,-0.98%
05/05/2023,"42,241.98","42,108.47","42,323.29","41,962.90",99722728,0.35%
05/04/2023,"42,093.80","42,151.42","42,336.44","42,055.90",147302240,0.01%
05/03/2023,"42,087.93","42,064.87","42,171.68","41,915.81",135507616,0.38%
05/02/2023,"41,927.64","41,665.05","41,990.15","41,580.85",85374480,0.83%
04/28/2023,"41,580.85","41,524.43","41,790.68","41,463.91",125893688,0.28%
04/27/2023,"41,463.91","41,204.63","41,518.74","41,081.07",92233024,0.89%
04/26/2023,"41,099.58","41,165.75","41,363.89","41,007.82",82164584,0.22%
04/20/2023,"41,007.82","40,672.36","41,086.67","40,499.34",72293392,1.26%
04/19/2023,"40,499.34","40,367.66","40,532.76","40,289.95",35073736,0.13%
04/18/2023,"40,448.05","40,289.32","40,484.29","40,221.08",34242660,0.50%
04/17/2023,"40,246.66","40,297.68","40,372.80","40,182.37",46837396,0.10%
04/13/2023,"40,205.54","40,283.25","40,418.60","40,126.05",45504524,0.20%
04/12/2023,"40,126.05","39,810.60","40,172.76","39,803.95",46676984,0.81%
04/11/2023,"39,804.71","39,871.78","39,919.99","39,723.01",32152410,-0.08%
04/10/2023,"39,835.90","40,066.60","40,183.81","39,815.86",34288836,-0.53%
04/07/2023,"40,049.65","40,435.96","40,549.86","40,005.04",47629632,-0.75%
04/06/2023,"40,350.89","39,781.47","40,374.33","39,717.15",77157624,1.60%
04/05/2023,"39,717.15","39,763.53","39,910.05","39,664.98",39530940,0.08%
04/04/2023,"39,687.26","39,914.90","39,920.35","39,482.17",36906284,-0.51%
04/03/2023,"39,889.90","40,039.76","40,077.77","39,860.62",33130368,-0.28%
03/31/2023,"40,000.83","39,865.25","40,000.83","39,729.44",68506136,0.38%
03/30/2023,"39,848.35","39,882.60","40,005.07","39,796.69",48704728,-0.08%
03/29/2023,"39,879.89","40,094.14","40,186.11","39,866.25",43894752,-0.51%
03/28/2023,"40,082.37","40,011.92","40,203.84","40,000.37",36664740,0.20%
03/27/2023,"40,000.37","39,941.63","40,066.73","39,845.06",36310372,0.15%
03/24/2023,"39,942.05","40,391.36","40,440.70","39,922.89",19472168,-1.08%
03/22/2023,"40,376.10","40,891.03","40,996.72","40,352.71",67321248,-1.23%
03/21/2023,"40,877.98","40,928.70","40,990.12","40,696.74",63117008,-0.10%
03/20/2023,"40,918.45","41,334.86","41,398.03","40,909.24",91841776,-1.00%
03/17/2023,"41,329.95","41,717.05","41,808.88","41,270.81",92767512,-0.87%
03/16/2023,"41,694.09","41,959.25","42,119.03","41,639.50",114971048,-0.43%
03/15/2023,"41,874.04","41,752.10","42,010.06","41,607.05",128880472,0.14%
03/14/2023,"41,816.43","41,834.18","41,953.78","41,705.82",69005384,-0.10%
03/13/2023,"41,856.85","41,905.95","42,291.77","41,787.35",111473160,0.15%
03/10/2023,"41,793.87","41,669.71","41,902.02","41,585.54",101928880,0.50%
03/09/2023,"41,585.54","41,424.47","41,648.08","41,358.93",113544808,0.55%
03/08/2023,"41,358.93","41,420.55","41,618.66","41,334.69",89274553,0.06%
03/07/2023,"41,334.69","41,504.55","41,530.19","41,334.69",87912789,-0.24%
03/06/2023,"41,434.33","41,420.52","41,797.71","41,337.00",96270181,0.24%
03/03/2023,"41,337.00","40,506.40","41,359.11","40,487.28",110231496,1.64%
03/02/2023,"40,670.88","40,382.40","40,852.97","40,353.46",87577960,0.64%
03/01/2023,"40,412.77","40,488.30","40,539.87","40,029.72",102640640,-0.24%
02/28/2023,"40,510.37","40,784.27","40,810.04","40,436.36",68679944,-0.67%
02/27/2023,"40,784.13","40,714.71","40,820.09","40,616.60",80735448,0.19%
02/24/2023,"40,707.76","40,853.73","40,978.46","40,682.46",75936032,-0.32%
02/23/2023,"40,838.51","41,168.22","41,168.22","40,772.52",94476896,-0.80%
02/22/2023,"41,167.60","40,972.09","41,212.95","40,923.03",102378745,0.53%
02/21/2023,"40,949.84","40,774.07","40,966.71","40,673.64",55215988,0.68%
02/20/2023,"40,673.64","41,152.53","41,162.89","40,623.97",53982428,-1.08%
02/17/2023,"41,118.61","41,078.51","41,214.07","40,964.98",65142256,0.10%
02/16/2023,"41,078.65","41,405.38","41,619.20","41,024.78",95530560,-0.60%
02/15/2023,"41,326.85","41,122.32","41,457.76","40,918.85",90055168,0.43%
02/14/2023,"41,150.16","41,780.08","41,848.76","41,047.03",107252872,-1.36%
02/13/2023,"41,716.95","41,726.13","41,991.16","41,644.31",110382392,-0.06%
02/10/2023,"41,741.78","42,121.65","42,544.47","41,663.22",190003616,-1.71%
02/09/2023,"42,466.59","41,886.38","42,567.75","41,723.32",205062320,1.78%
02/08/2023,"41,723.32","41,517.39","41,846.85","41,404.62",146839248,0.48%
02/07/2023,"41,522.76","41,432.71","41,763.95","41,190.77",156201488,0.81%
02/06/2023,"41,190.77","40,745.80","41,302.29","40,471.16",125487656,1.78%
02/03/2023,"40,471.16","40,749.52","40,872.87","40,329.75",60610900,-0.64%
02/02/2023,"40,733.51","40,617.65","40,826.67","40,444.91",66516840,0.28%
02/01/2023,"40,619.94","40,751.82","40,985.46","40,611.15",86212888,-0.13%
01/31/2023,"40,673.06","39,926.30","40,717.26","39,871.27",92823016,2.01%
01/30/2023,"39,871.27","40,468.47","40,666.96","39,844.39",77681640,-1.43%
01/27/2023,"40,450.53","41,025.77","41,095.56","40,402.72",112480808,-0.97%
01/26/2023,"40,846.53","39,906.74","40,994.69","39,784.90",234684560,2.67%
01/25/2023,"39,784.90","39,182.55","39,945.62","39,055.65",148529968,1.87%
01/24/2023,"39,055.65","38,516.55","39,091.70","38,443.59",100066528,1.59%
01/23/2023,"38,443.59","38,454.81","38,553.12","38,135.53",38219604,0.09%
01/20/2023,"38,407.98","38,836.96","38,982.16","38,291.70",51396168,-1.09%
01/19/2023,"38,831.58","38,890.95","39,064.90","38,730.30",92474224,0.10%
01/18/2023,"38,791.09","38,347.77","38,945.97","38,257.56",80970344,1.17%
01/17/2023,"38,342.21","39,741.92","39,942.28","38,287.81",124600208,-3.47%
01/16/2023,"39,720.75","40,344.26","40,354.72","39,660.75",51923816,-1.49%
01/13/2023,"40,323.45","40,645.79","40,803.89","40,195.67",66453012,-1.18%
01/12/2023,"40,803.89","40,770.42","41,219.67","40,668.95",83780560,0.11%
01/11/2023,"40,758.20","40,913.50","40,988.28","40,597.35",109662744,-0.11%
01/10/2023,"40,801.50","40,828.56","40,986.44","40,504.76",115230288,0.73%
01/09/2023,"40,504.76","40,985.04","41,074.73","40,436.82",97397704,-1.23%
01/06/2023,"41,007.52","40,759.40","41,097.89","40,684.49",113460720,0.71%
01/05/2023,"40,716.74","40,597.07","40,790.74","40,539.30",61765924,0.44%
01/04/2023,"40,539.30","40,675.16","40,896.18","40,497.98",61133840,-0.22%
01/03/2023,"40,630.64","40,865.14","41,015.92","40,595.58",80662856,-0.45%
01/02/2023,"40,815.90","40,428.72","41,027.51","40,348.89",107542112,0.98%
12/30/2022,"40,420.45","39,734.49","40,420.45","39,694.12",203567360,1.69%
12/29/2022,"39,747.35","39,281.40","39,747.35","39,205.17",166215168,1.19%
12/28/2022,"39,279.43","39,805.19","39,866.99","39,027.51",163360288,-1.32%
12/27/2022,"39,802.91","40,219.33","40,315.77","39,705.66",97671608,-0.88%
12/26/2022,"40,155.16","39,763.85","40,367.43","39,861.01",85118320,1.23%
12/23/2022,"39,669.20","39,802.34","39,938.32","39,497.73",75983784,-0.42%
12/22/2022,"39,838.33","39,426.29","39,926.34","39,330.02",85997864,1.26%
12/21/2022,"39,342.89","39,667.39","40,022.37","39,276.70",65404292,-1.23%
12/20/2022,"39,832.45","40,955.92","41,037.14","39,533.03",128223104,-2.78%
12/19/2022,"40,970.82","41,292.58","41,393.37","40,814.95",82005872,-0.80%
12/16/2022,"41,301.48","41,193.58","41,393.97","41,087.59",64465904,0.30%
12/15/2022,"41,179.76","41,894.51","41,996.82","41,109.95",137451120,-1.34%
12/14/2022,"41,737.62","41,710.19","41,873.91","41,542.32",53055880,0.06%
12/13/2022,"41,714.30","41,530.44","41,770.57","41,512.43",66526680,0.42%
12/12/2022,"41,540.55","41,718.67","41,784.48","41,511.20",45288512,-0.38%
12/09/2022,"41,698.28","41,632.96","41,747.57","41,550.70",45463636,0.11%
12/08/2022,"41,651.61","41,858.39","41,927.38","41,598.94",46906556,-0.40%
12/07/2022,"41,819.29","41,557.57","41,900.81","41,539.94",69225448,0.67%
12/06/2022,"41,539.94","41,608.22","41,743.92","41,296.54",46332676,-0.17%
12/05/2022,"41,612.67","42,150.58","42,248.53","41,514.81",56177440,-1.28%
12/02/2022,"42,150.10","42,365.11","42,471.19","41,946.49",59297108,-0.57%
12/01/2022,"42,393.52","42,375.02","42,658.39","42,348.63",55572576,0.11%
11/30/2022,"42,348.63","42,413.26","42,515.63","42,274.16",52985460,-0.06%
11/29/2022,"42,373.59","42,049.79","42,438.08","42,042.48",71634424,0.72%
11/28/2022,"42,071.34","42,582.47","42,936.73","41,963.94",121629536,-2.02%
11/25/2022,"42,936.73","43,037.98","43,120.54","42,876.24",77543328,0.08%
11/24/2022,"42,903.65","42,898.64","43,014.60","42,865.38",66233416,0.05%
11/23/2022,"42,880.31","42,950.57","43,040.58","42,790.25",56415700,-0.11%
11/22/2022,"42,928.62","42,791.09","43,076.45","42,761.19",82187520,0.39%
11/21/2022,"42,761.19","42,747.73","42,853.94","42,663.94",62292868,0.07%
11/18/2022,"42,730.24","42,778.62","42,819.72","42,600.99",108054512,-0.21%
11/17/2022,"42,819.72","43,048.51","43,099.75","42,769.37",72128640,-0.38%
11/16/2022,"42,983.75","42,825.68","43,097.57","42,728.67",83351072,0.44%
11/15/2022,"42,796.85","42,913.84","43,035.78","42,748.71",97184664,-0.13%
11/14/2022,"42,850.83","43,083.08","43,092.95","42,761.88",82293216,-0.56%
11/11/2022,"43,092.95","43,062.36","43,120.83","42,805.88",103122600,0.45%
11/10/2022,"42,901.27","42,309.57","42,959.28","42,265.36",141738496,1.50%
11/08/2022,"42,265.36","42,101.68","42,314.14","42,047.36",84402640,0.52%
11/07/2022,"42,047.36","42,000.70","42,207.42","41,856.31",62911240,0.46%
11/04/2022,"41,856.31","41,836.65","42,090.71","41,720.90",70564672,-0.56%
11/03/2022,"42,090.71","41,982.89","42,173.46","41,887.51",86535192,0.35%
11/02/2022,"41,944.59","41,834.63","42,004.90","41,727.15",72924584,0.33%
11/01/2022,"41,808.69","41,383.33","41,833.43","41,264.66",75950360,1.32%
10/31/2022,"41,264.66","41,169.60","41,375.40","41,140.34",34380112,0.30%
10/28/2022,"41,140.33","41,599.11","41,641.51","41,115.21",77693464,-1.11%
10/27/2022,"41,602.85","41,543.79","41,711.66","41,318.66",88866104,0.15%
10/26/2022,"41,540.03","42,053.93","42,190.03","41,490.13",106957784,-1.54%
10/25/2022,"42,190.02","42,327.19","42,523.51","42,156.68",72014040,-0.37%
10/24/2022,"42,347.23","42,569.93","42,672.34","42,213.48",64935420,0.32%
10/21/2022,"42,213.48","42,164.17","42,245.51","41,793.64",92618688,0.18%
10/20/2022,"42,137.04","42,304.70","42,422.22","42,097.31",84337952,-0.21%
10/19/2022,"42,226.05","41,919.43","42,265.22","41,839.27",66246564,0.92%
10/18/2022,"41,839.26","41,821.69","42,007.23","41,755.45",81952984,0.20%
10/17/2022,"41,755.45","41,957.62","41,988.50","41,725.96",50422032,-0.46%
10/14/2022,"41,948.50","42,149.19","42,237.29","41,897.05",88203504,-0.33%
10/13/2022,"42,085.72","41,970.90","42,121.40","41,900.85",87076200,0.19%
10/12/2022,"42,007.14","42,105.76","42,195.36","41,950.98",112875184,-0.35%
10/11/2022,"42,155.48","42,305.06","42,410.83","42,053.81",150887792,-0.13%
10/10/2022,"42,211.64","42,170.43","42,441.29","42,071.67",139282544,0.30%
10/07/2022,"42,085.25","42,105.96","42,389.20","41,992.11",104072904,-0.18%
10/06/2022,"42,160.57","41,719.80","42,201.55","41,611.42",160485744,1.32%
10/05/2022,"41,611.42","41,431.52","41,668.46","41,350.43",126567160,0.63%
10/04/2022,"41,350.43","41,303.78","41,587.73","41,211.70",115615328,0.34%
10/03/2022,"41,211.70","41,093.33","41,403.73","41,090.52",121705144,0.20%
09/30/2022,"41,128.67","41,013.86","41,134.99","40,753.94",128292928,0.28%
09/29/2022,"41,013.86","41,409.96","41,435.13","40,910.82",73611648,-1.02%
09/28/2022,"41,435.13","41,569.08","41,820.95","41,391.18",105550464,-0.20%
09/27/2022,"41,518.23","41,276.49","41,589.89","41,151.54",124401032,0.89%
09/26/2022,"41,151.54","40,651.39","41,196.63","40,620.21",139186560,1.31%
09/23/2022,"40,620.21","41,036.47","41,128.83","40,514.33",90722112,-0.75%
09/22/2022,"40,927.95","40,924.58","40,986.95","40,417.92",103908664,-0.09%
09/21/2022,"40,965.58","41,253.70","41,357.75","40,871.82",112796784,-0.62%
09/20/2022,"41,220.91","41,522.70","41,642.02","41,078.71",86086072,-0.72%
09/19/2022,"41,520.59","41,735.05","41,896.62","41,504.64",77937704,-0.38%
09/16/2022,"41,679.49","41,765.16","41,916.86","41,603.48",122706576,-0.22%
09/15/2022,"41,772.09","42,084.31","42,311.63","41,724.81",123810384,-0.57%
09/14/2022,"42,011.82","41,980.72","42,084.45","41,912.84",93991528,0.02%
09/13/2022,"42,001.34","41,909.38","42,092.72","41,862.29",62435984,0.33%
09/12/2022,"41,862.29","41,992.32","42,137.80","41,812.93",66276648,-0.20%
09/09/2022,"41,948.16","41,815.49","42,099.54","41,815.49",96195320,0.29%
09/08/2022,"41,824.79","41,795.43","41,936.93","41,676.94",63266200,0.14%
09/07/2022,"41,766.05","41,941.66","42,064.94","41,703.95",45536876,-0.23%
09/06/2022,"41,860.36","41,878.23","41,927.05","41,684.01",52441768,0.00%
09/05/2022,"41,859.30","42,310.54","42,388.34","41,859.10",63821740,-1.06%
09/02/2022,"42,309.11","42,461.82","42,568.66","42,238.22",81864288,-0.36%
09/01/2022,"42,460.08","42,495.89","42,667.53","42,351.15",153027488,0.26%
08/31/2022,"42,351.15","42,179.72","42,472.14","42,079.05",119680248,0.37%
08/30/2022,"42,195.25","42,986.94","43,052.27","42,106.02",140074256,-0.73%
08/29/2022,"42,504.34","42,541.40","42,591.51","41,828.13",111625192,-0.20%
08/26/2022,"42,591.51","43,061.43","43,201.21","42,547.72",158961248,-1.02%
08/25/2022,"43,032.57","43,353.54","43,457.55","42,961.10",91884672,-0.70%
08/24/2022,"43,337.97","43,451.68","43,684.11","43,299.48",115744664,-0.07%
08/23/2022,"43,366.78","42,966.32","43,419.59","42,826.66",137822016,1.26%
08/22/2022,"42,826.66","43,256.81","43,314.19","42,787.86",90225784,-1.03%
08/19/2022,"43,270.65","43,451.31","43,531.65","43,232.95",113207688,-0.48%
08/18/2022,"43,481.50","43,735.74","43,879.23","43,390.33",220603632,-0.45%
08/17/2022,"43,676.56","43,485.20","43,736.43","43,389.48",344984544,0.55%
08/16/2022,"43,436.48","43,718.01","43,887.62","43,379.79",224542976,-0.42%
08/15/2022,"43,621.82","43,049.18","43,659.04","42,857.57",261043552,1.78%
08/12/2022,"42,857.57","42,294.40","42,874.22","42,243.33",180183824,1.45%
08/11/2022,"42,243.33","42,560.81","42,678.94","42,215.73",128061088,-0.59%
08/10/2022,"42,494.85","42,313.28","42,776.47","42,096.24",195944640,0.95%
08/05/2022,"42,096.24","41,469.38","42,168.08","41,425.37",197413216,1.62%
08/04/2022,"41,425.35","41,170.35","41,630.22","41,068.87",114400536,0.87%
08/03/2022,"41,068.87","40,233.41","41,208.09","40,191.61",144640720,2.18%
08/02/2022,"40,191.61","39,988.71","40,458.09","39,762.50",79276872,0.29%
08/01/2022,"40,075.96","40,218.70","40,380.64","40,070.67",46386712,-0.19%
07/29/2022,"40,150.36","40,266.77","40,420.57","40,026.86",92787488,-0.31%
07/28/2022,"40,276.64","40,036.05","40,623.60","39,972.64",118814576,0.76%
07/27/2022,"39,972.64","39,923.03","40,097.19","39,605.10",65662552,0.20%
07/26/2022,"39,894.05","39,832.15","40,135.44","39,712.94",68883048,0.13%
07/25/2022,"39,844.02","39,919.95","40,077.30","39,720.80",35166408,-0.58%
07/22/2022,"40,077.30","39,838.84","40,180.48","39,541.09",86655752,0.62%
07/21/2022,"39,831.75","40,472.33","40,577.06","39,801.21",73101816,-1.55%
07/20/2022,"40,459.70","40,435.95","40,533.60","40,135.38",69139096,0.17%
07/19/2022,"40,389.07","41,379.13","41,551.53","40,216.38",102527480,-2.36%
07/18/2022,"41,367.11","41,825.24","42,074.91","41,275.08",67778384,-1.68%
07/15/2022,"42,074.91","42,357.97","42,499.48","42,027.37",76592184,-0.65%
07/14/2022,"42,348.91","42,030.02","42,362.91","41,862.77",132498024,1.16%
07/13/2022,"41,862.77","41,331.22","41,971.83","41,223.97",80529216,1.25%
07/07/2022,"41,344.01","41,182.84","41,396.57","41,009.64",55744544,0.45%
07/06/2022,"41,159.79","41,135.13","41,334.90","41,102.57",41479084,0.14%
07/05/2022,"41,102.57","41,354.80","41,458.08","41,068.60",41307032,-0.59%
07/04/2022,"41,348.19","41,634.45","41,685.69","41,323.42",43258916,-0.68%
07/01/2022,"41,630.35","41,583.63","41,744.86","41,538.49",66102392,0.22%
06/30/2022,"41,540.83","41,297.79","41,559.31","41,220.49",112322832,0.59%
06/29/2022,"41,297.73","41,750.48","41,813.62","41,119.19",78505072,-1.12%
06/28/2022,"41,765.62","41,995.52","42,149.29","41,614.60",119520064,-0.27%
06/27/2022,"41,878.57","41,194.48","41,949.93","41,051.79",110007200,2.01%
06/24/2022,"41,051.79","42,720.55","42,782.34","40,555.41",210002816,-3.90%
06/23/2022,"42,716.97","42,555.23","42,983.41","42,458.14",184550640,0.61%
06/22/2022,"42,458.14","42,678.14","42,880.17","42,408.17",113322032,-0.16%
06/21/2022,"42,525.95","41,809.83","42,568.87","41,745.27",134668352,1.79%
06/20/2022,"41,776.98","42,190.10","42,357.92","41,740.12",66406244,-0.86%
06/17/2022,"42,140.76","41,742.97","42,420.64","41,730.16",129717952,0.98%
06/16/2022,"41,730.16","41,450.83","41,764.19","41,322.89",73107136,0.70%
06/15/2022,"41,438.79","41,131.23","41,534.99","41,054.68",60034652,0.94%
06/14/2022,"41,054.68","40,883.05","41,115.72","40,657.88",55487292,0.43%
06/13/2022,"40,879.93","42,069.65","42,069.65","40,834.97",62586268,-2.70%
06/10/2022,"42,014.73","41,719.79","42,076.14","41,715.05",39317752,0.67%
06/09/2022,"41,735.96","41,585.25","41,994.62","41,553.16",66231936,0.44%
06/08/2022,"41,553.16","41,539.04","41,620.35","41,391.53",73306784,-0.04%
06/07/2022,"41,568.41","41,616.45","41,854.25","41,524.07",61910892,-0.02%
06/06/2022,"41,577.21","41,278.56","41,674.10","41,031.91",95010704,0.63%
06/03/2022,"41,314.88","42,250.28","42,310.94","41,145.35",129768672,-2.19%
06/02/2022,"42,237.91","42,744.64","42,822.77","42,132.98",69979904,-1.21%
06/01/2022,"42,756.04","43,067.63","43,148.77","42,723.51",68286832,-0.75%
05/31/2022,"43,078.14","43,165.61","43,339.22","43,018.40",122381640,0.09%
05/30/2022,"43,040.14","42,956.57","43,257.78","42,861.45",81180904,0.42%
05/27/2022,"42,861.45","42,909.80","43,554.75","42,541.71",235629696,0.75%
05/26/2022,"42,541.71","42,003.71","42,607.43","41,904.46",133359192,1.26%
05/25/2022,"42,012.66","41,897.91","42,128.41","41,356.02",119848280,0.15%
05/24/2022,"41,950.32","42,400.28","42,637.57","41,915.98",75936272,-1.15%
05/23/2022,"42,440.25","42,930.39","43,100.71","42,345.08",54415108,-1.53%
05/20/2022,"43,100.70","43,000.29","43,185.80","42,938.60",84365064,0.27%
05/19/2022,"42,983.45","43,021.13","43,256.32","42,938.75",82113504,-0.10%
05/18/2022,"43,026.88","42,732.91","43,161.43","42,509.55",117826728,0.70%
05/17/2022,"42,726.06","42,723.38","42,883.86","42,607.15",96984376,0.14%
05/16/2022,"42,667.32","43,377.20","43,486.46","42,375.39",134402624,-1.88%
05/13/2022,"43,486.46","42,913.33","43,505.75","42,853.80",100218336,1.37%
05/12/2022,"42,898.44","42,840.08","43,032.50","42,273.27",101958944,0.08%
05/11/2022,"42,863.15","43,533.60","43,649.59","42,394.32",167251872,-1.47%
05/10/2022,"43,504.36","43,479.50","43,647.55","43,262.69",114291928,0.26%
05/09/2022,"43,393.14","44,841.41","44,841.41","43,233.21",170735936,-3.23%
05/06/2022,"44,840.81","45,182.50","45,249.41","44,784.42",87547352,-0.90%
04/28/2022,"45,249.41","45,451.19","45,533.30","44,656.96",154954432,-0.62%
04/27/2022,"45,533.30","45,898.79","45,958.37","45,482.50",122906664,-0.62%
04/26/2022,"45,817.67","46,120.63","46,184.55","45,782.89",93533320,-0.55%
04/25/2022,"46,073.25","45,822.05","46,203.59","45,553.02",118606136,1.14%
04/22/2022,"45,553.02","45,739.31","45,774.85","45,505.07",89230848,-0.22%
04/21/2022,"45,652.62","45,954.55","46,067.18","45,599.96",97886976,-0.63%
04/20/2022,"45,943.16","46,450.97","46,586.06","45,891.14",111523368,-0.84%
04/19/2022,"46,333.36","46,649.18","46,746.27","46,275.64",114293840,-0.44%
04/18/2022,"46,539.59","46,540.86","46,970.04","46,418.76",118565272,-0.13%
04/15/2022,"46,601.54","46,623.30","46,785.59","46,484.43",168108416,0.25%
04/14/2022,"46,484.43","46,188.36","46,510.11","46,054.36",210997184,0.69%
04/13/2022,"46,165.50","46,363.85","46,643.05","46,062.27",146200960,-0.52%
04/12/2022,"46,407.26","46,267.39","46,459.26","45,896.46",186484640,0.57%
04/11/2022,"46,144.96","45,318.65","46,215.54","44,444.58",227535392,3.83%
04/08/2022,"44,444.58","43,909.55","44,501.55","43,786.83",93862128,1.50%
04/07/2022,"43,786.83","44,167.89","44,349.59","43,751.75",68925760,-0.74%
04/06/2022,"44,111.10","43,943.76","44,377.92","43,928.08",46666392,0.42%
04/05/2022,"43,928.08","43,889.95","44,289.83","43,784.03",52473040,0.06%
04/04/2022,"43,902.04","44,364.96","45,152.11","43,824.08",75553304,-2.77%
04/01/2022,"45,152.11","44,897.04","45,396.14","44,654.95",126015704,0.50%
03/31/2022,"44,928.83","44,394.56","44,928.83","44,337.56",163935984,1.33%
03/30/2022,"44,337.56","44,374.65","44,444.98","43,975.67",115438832,-0.23%
03/29/2022,"44,438.70","44,056.81","44,478.58","43,933.56",104631240,1.15%
03/28/2022,"43,933.56","43,578.94","43,933.56","43,291.01",58013056,0.88%
03/25/2022,"43,551.14","43,525.46","43,686.35","43,375.51",67898936,0.07%
03/24/2022,"43,522.55","43,219.43","43,569.67","42,936.06",64458388,0.74%
03/22/2022,"43,203.79","43,301.80","43,398.44","43,164.20",53776520,-0.06%
03/21/2022,"43,230.22","43,122.18","43,388.18","43,029.97",47618440,0.47%
03/18/2022,"43,029.97","43,593.62","43,807.23","42,990.55",92021160,-1.77%
03/17/2022,"43,807.23","44,042.39","44,187.00","43,798.16",46620424,-0.38%
03/16/2022,"43,975.69","43,793.91","44,281.27","43,719.82",77151184,0.59%
03/15/2022,"43,719.82","43,415.27","43,793.57","43,326.76",48724712,0.81%
03/14/2022,"43,366.89","43,698.44","43,767.77","43,324.94",43179504,-0.66%
03/11/2022,"43,653.33","43,963.66","43,966.27","43,596.16",61770376,-0.46%
03/10/2022,"43,853.62","43,322.13","43,921.82","43,042.96",43879836,1.88%
03/09/2022,"43,042.96","42,915.51","43,217.19","42,865.81",82038752,0.38%
03/08/2022,"42,878.35","43,233.26","43,426.72","42,788.53",92851600,-0.90%
03/07/2022,"43,266.97","44,419.16","44,551.35","43,050.88",104806976,-2.88%
03/04/2022,"44,551.35","44,516.59","44,723.19","44,461.06",62614256,0.06%
03/03/2022,"44,525.72","44,522.53","44,705.74","44,311.80",107168984,0.03%
03/02/2022,"44,514.12","44,614.81","44,803.58","44,133.88",114496152,-0.65%
03/01/2022,"44,803.58","44,968.88","45,016.65","44,461.01",128916264,0.77%
02/28/2022,"44,461.01","43,999.42","44,557.10","43,645.58",80465816,1.08%
02/25/2022,"43,984.24","43,805.73","44,192.52","43,805.73",89827264,0.35%
02/24/2022,"43,830.51","44,691.69","45,132.92","43,791.31",135745488,-2.89%
02/23/2022,"45,132.92","45,087.81","45,235.21","44,756.23",94189368,0.27%
02/22/2022,"45,012.18","45,302.54","45,362.85","44,698.45",111967648,-0.77%
02/21/2022,"45,362.85","45,681.25","45,742.83","45,342.06",62091912,-0.69%
02/18/2022,"45,675.87","45,442.29","45,705.50","45,441.10",113530600,0.52%
02/17/2022,"45,441.10","45,582.17","45,716.89","45,258.85",63631776,-0.53%
02/16/2022,"45,684.80","45,815.98","45,904.63","45,603.93",78116768,-0.10%
02/15/2022,"45,731.70","45,645.57","45,804.00","45,502.81",98140384,0.19%
02/14/2022,"45,644.09","46,053.19","46,133.87","45,507.45",71845248,-0.94%
02/11/2022,"46,079.37","45,912.97","46,143.91","45,838.75",84507392,0.30%
02/10/2022,"45,940.04","46,349.50","46,464.38","45,936.74",112100432,-0.86%
02/09/2022,"46,339.76","46,000.86","46,405.86","45,947.95",124943032,0.85%
02/08/2022,"45,947.95","45,820.53","46,040.61","45,727.64",91523296,0.23%
02/07/2022,"45,841.25","45,957.04","46,139.82","45,799.67",77165400,-0.15%
02/04/2022,"45,909.65","45,897.84","46,133.20","45,814.64",81869104,0.10%
02/03/2022,"45,862.93","46,343.62","46,387.64","45,818.04",125431400,-0.56%
02/02/2022,"46,119.15","45,702.82","46,139.50","45,674.50",123141240,0.97%
02/01/2022,"45,674.50","45,419.30","45,754.17","45,374.68",115148256,0.66%
01/31/2022,"45,374.68","45,139.09","45,462.62","45,077.91",91872552,0.66%
01/28/2022,"45,077.91","45,069.78","45,312.05","45,042.25",89165008,-0.01%
01/27/2022,"45,083.04","44,995.16","45,179.89","44,955.05",89492184,0.28%
01/26/2022,"44,955.05","44,894.78","45,030.45","44,712.65",66909868,0.15%
01/25/2022,"44,887.77","44,965.59","45,255.43","44,846.03",96806216,-0.08%
01/24/2022,"44,923.91","45,008.77","45,044.51","44,797.42",87899424,-0.21%
01/21/2022,"45,018.28","44,828.12","45,149.19","44,755.74",89779488,0.43%
01/20/2022,"44,825.97","44,760.24","44,875.44","44,275.23",113579152,-0.02%
01/19/2022,"44,833.43","45,522.43","45,575.77","44,734.24",100519672,-1.48%
01/18/2022,"45,507.41","45,662.12","45,758.10","45,469.46",78496568,-0.23%
01/17/2022,"45,612.20","45,739.50","45,787.48","45,385.97",71519960,-0.33%
01/14/2022,"45,763.45","45,810.99","45,987.88","45,734.30",90135784,0.00%
01/13/2022,"45,763.20","45,938.81","46,002.77","45,693.80",130442800,-0.33%
01/12/2022,"45,916.25","45,960.35","46,220.40","45,872.48",125116728,0.08%
01/11/2022,"45,881.13","45,926.66","46,057.24","45,524.23",102109984,-0.01%
01/10/2022,"45,887.63","45,345.77","45,967.29","45,206.00",126790816,1.20%
01/07/2022,"45,345.65","45,022.16","45,364.19","44,968.90",84107744,0.58%
01/06/2022,"45,082.30","45,396.46","45,407.89","45,021.32",132060208,-0.72%
01/05/2022,"45,407.89","45,409.48","45,438.16","45,241.45",96600200,0.04%
01/04/2022,"45,390.84","44,947.73","45,406.08","44,886.89",134143464,1.12%
