Week_ending_Friday,Dubai,Cost,Price,Margin
4/23/2004,50.74,48.6,114.5,13.9
4/30/2004,52.16,52.2,113,11.8
5/7/2004,52.94,53.3,117.3,13.8
5/14/2004,56.55,56.4,121.9,14.2
5/21/2004,59.4,54.3,121.3,12.6
5/28/2004,56.68,53.7,123.9,11.8
6/4/2004,56.13,49.4,123.6,13.6
6/11/2004,53.3,48.2,120.6,11.5
6/18/2004,53.12,47.7,118.6,14.1
6/25/2004,53.45,44.6,116.9,13.7
7/2/2004,50.51,47.3,114.5,12.2
7/9/2004,52.78,48.3,112.9,13.8
7/16/2004,52.52,48.9,113.9,12
7/23/2004,53.44,51.3,115.8,12.7
7/30/2004,55.75,53.1,118,14
8/6/2004,57.74,53.2,120.6,14
8/13/2004,58.39,53.9,121.9,13.3
8/20/2004,59.77,52.8,121.9,13.2
8/27/2004,60.34,50.1,121.9,12.5
9/3/2004,55.91,49.3,121.8,13.5
9/10/2004,53.79,49.9,119.9,14.6
9/17/2004,52.45,51.6,119.9,15.3
9/24/2004,53.21,52.7,120,14.8
10/1/2004,55.57,53.5,120.9,13.8
10/8/2004,56.14,55.4,120.9,12.8
10/15/2004,55.47,53.2,122.3,13.3
10/22/2004,54.58,53.6,125,13.8
10/29/2004,54.03,51.8,123.3,14.4
11/5/2004,53.31,51.3,121.9,12.8
11/12/2004,50.71,49,121,13.8
11/19/2004,47.01,50.4,119.6,13
11/26/2004,47.37,48.1,118.3,14.2
12/3/2004,49.53,42.3,120.6,14.9
12/10/2004,46.35,42.8,113.9,11.2
12/17/2004,47.81,43.1,109.9,13.4
12/24/2004,50.46,41.5,112.1,14.9
12/31/2004,46.51,42.5,112.5,14.9
1/7/2005,49.18,45,110.5,14.3
1/14/2005,52.94,48.4,113.6,16.5
1/21/2005,56.19,49.1,117.2,17.2
1/28/2005,56.5,48.5,118.2,14.7
2/4/2005,54.53,49.1,118.9,14.6
2/11/2005,54.21,51.7,117.6,14
2/18/2005,55.09,54.7,116.5,12.4
2/25/2005,56.65,54.7,119.2,12.3
3/4/2005,59.11,55.7,120.2,10.2
3/11/2005,60.59,54.5,121.9,11.7
3/18/2005,62.36,55.3,122.2,10.9
3/25/2005,65.16,57.4,121.8,11.8
4/1/2005,65.95,61.2,124.7,12.7
4/8/2005,70.16,58.5,129.5,10.8
4/15/2005,64.96,57.9,129.5,7
4/22/2005,62.65,55.6,129.5,9.7
4/29/2005,65.03,51.4,129.5,10.2
5/6/2005,62.71,51.6,127.2,10.5
5/13/2005,62.53,50.5,123.9,11.8
5/20/2005,62.73,51.7,123.6,11.3
5/27/2005,63.64,53.7,120.9,10
6/3/2005,67.08,54.9,121.8,9.5
6/10/2005,69.48,56.9,124.6,10.1
6/17/2005,71.05,58.6,127.6,11.5
6/24/2005,70.78,59.3,131,12.6
7/1/2005,75.84,64.4,132.2,12.3
7/8/2005,79.41,62.3,132.2,10.5
7/15/2005,80.02,63.3,133.2,6.4
7/22/2005,75.8,64.5,135.8,10.7
7/29/2005,75.92,65.9,137.9,11.6
8/5/2005,79.61,69.1,138.8,11.2
8/12/2005,80.11,68.3,141,11.8
8/19/2005,81.24,71,143.9,11.2
8/26/2005,81.33,79.5,144.5,12.5
9/2/2005,84.3,79.5,150,14.7
9/9/2005,81.01,78.1,154.2,9.9
9/16/2005,78.6,74.1,153.6,10.7
9/23/2005,81.2,74.6,151.9,13.3
9/30/2005,81.83,73.4,151.9,12.8
10/7/2005,80.54,71,151.9,13.9
10/14/2005,77.75,70.4,149.8,14.4
10/21/2005,77.18,67.7,148.3,13.7
10/28/2005,75.19,62.7,142.5,11.3
11/4/2005,75.95,62.5,139.9,14
11/11/2005,77.73,62.2,139.9,14.2
11/18/2005,74.04,60.1,137.8,12.6
11/25/2005,73.1,58.4,136.9,13.9
12/2/2005,71.98,54.7,135.3,14.2
12/9/2005,74.99,57,131.9,14.9
12/16/2005,77.88,60,132.5,13.1
12/23/2005,77.23,59.1,135.9,13.2
12/30/2005,76.85,60.1,135.9,14
1/6/2006,80.96,65.3,136.8,13.8
1/13/2006,82.67,63.6,141,12.4
1/20/2006,84.88,65.8,141.9,14.9
1/27/2006,88.1,66.3,145.3,15.8
2/3/2006,88.3,64.3,145.8,15.6
2/10/2006,86.74,63.3,143.2,15.3
2/17/2006,83.53,62.6,141.9,15.2
2/24/2006,84.37,66.5,144.5,18.1
3/3/2006,86.94,67.1,147.9,17.3
3/10/2006,88.94,68,149.2,17.8
3/17/2006,89.14,70.1,149.5,17.2
3/24/2006,91.2,71.7,151.8,17.1
3/31/2006,95.74,76.3,155.2,18.6
4/7/2006,100.02,79.1,156.2,14.1
4/14/2006,102.16,83.4,159.3,14.1
4/21/2006,104.64,86.7,164.5,14.5
4/28/2006,105.35,87.3,168.8,15
5/5/2006,104.65,92,170.9,16.2
5/12/2006,104.03,92.5,170.9,11.6
5/19/2006,102.09,93.9,170.9,11
5/26/2006,102.38,92.1,170.9,9.6
6/2/2006,102.91,90,170.9,11.5
6/9/2006,104.57,89.3,170.9,13.5
6/16/2006,101.89,88.1,170.9,14.2
6/23/2006,103.94,85.4,169.2,13.9
6/30/2006,110.54,91.2,166.9,14.6
7/7/2006,113.42,92.3,169.8,11.4
7/14/2006,113.11,91.2,170.9,11.2
7/21/2006,111.08,91.1,174.8,15.8
7/28/2006,109.82,90.7,176.9,17.7
8/4/2006,113.22,93.5,176.9,18.1
8/11/2006,113.39,91.3,176.9,15.4
8/18/2006,107.18,84.4,173,14.1
8/25/2006,106.85,83.3,166.9,15.5
9/1/2006,101.1,77.2,165.5,15.4
9/8/2006,97.58,70.8,158.5,15.3
9/15/2006,92.8,68.3,154.5,18.1
9/22/2006,86.98,66.4,148.6,15.5
9/29/2006,85.61,65.4,145.6,14.7
10/6/2006,85.37,64,142.8,13.2
10/13/2006,85.41,62.3,142.8,14.6
10/20/2006,85.66,62.1,142.8,16.2
10/27/2006,86.07,61.7,142.8,16.4
11/3/2006,82.91,59.1,141.3,15.6
11/10/2006,86.12,60.9,137.8,14.9
11/17/2006,85.4,61.8,137.8,13.2
11/24/2006,83.9,63.1,137.8,12.3
12/1/2006,87.1,65,138.9,12
12/8/2006,86.92,64.3,141.8,12.7
12/15/2006,84.46,65.7,141.8,13.4
12/22/2006,84.29,67,141.8,11.9
12/29/2006,80.95,65.8,141.8,10.6
1/5/2007,76.05,63.3,140.2,10.4
1/12/2007,74.27,60.6,137.9,11
1/19/2007,71.44,57.6,135.2,11.2
1/26/2007,74.17,58.9,135.2,14.2
2/2/2007,77.26,61.5,135.2,12.9
2/9/2007,81.03,63.6,137.8,12.6
2/16/2007,78.89,62.4,141.2,13.6
2/23/2007,81.09,64.7,141.2,14.7
3/2/2007,83.91,68.8,141.8,12.9
3/9/2007,85.73,73.1,147.3,13.8
3/16/2007,83.17,72,150.6,12.4
3/23/2007,82.28,70.6,153.2,15.8
3/30/2007,86.7,72.8,153.2,17.2
4/6/2007,88.55,74,155.3,16.2
4/13/2007,88.5,74.3,151.3,11.5
4/20/2007,84.5,73,151.3,11.2
4/27/2007,86,76.1,151.8,13
5/4/2007,85.93,78.1,155.3,12.9
5/11/2007,85.27,78.8,154.3,10
5/18/2007,88.15,81.6,153.7,8.8
5/25/2007,91.17,82.3,153.8,6.1
6/1/2007,87.53,79.1,151.3,3.2
6/8/2007,87.56,75,152.7,7.7
6/15/2007,87.23,73.2,156.3,14.9
6/22/2007,88.38,73,156.3,16.7
6/29/2007,86.66,73.5,156.3,16.9
7/6/2007,87.85,74.2,156.4,15
7/13/2007,90,73.7,155.8,13.7
7/20/2007,88.69,71.1,155.8,14.2
7/27/2007,88.05,68.4,152.8,14.2
8/3/2007,91.57,69.5,152.8,16.9
8/10/2007,87.2,66.9,152.8,15.8
8/17/2007,92.7,70.5,153.2,18.7
8/24/2007,94.41,70.9,155.8,17.4
8/31/2007,95.63,73.2,155.8,17.1
9/7/2007,100.71,75.8,157.9,16.7
9/14/2007,104.06,75.8,161.1,16.9
9/21/2007,103.52,76.8,162.8,18.4
9/28/2007,101.32,74.9,162.8,17.4
10/5/2007,96.37,72,157.5,14.6
10/12/2007,97.16,73.6,154.9,15.2
10/19/2007,103.73,77.7,159.3,17.5
10/26/2007,105.57,79.3,160.6,14.5
11/2/2007,110.01,81.7,164.3,16.2
11/9/2007,113.6,84.3,166.5,15.7
11/16/2007,112.57,85.4,166.5,13.1
11/23/2007,116.8,87.9,168.6,13.9
11/30/2007,112.68,86.6,171.5,14
12/7/2007,109.79,83.5,169.8,13.8
12/14/2007,109.89,83.8,168.5,15.8
12/21/2007,112.69,86.1,168.5,15.4
12/28/2007,116.96,88.5,168.5,13.1
1/4/2008,117.82,94.3,169.7,11.8
1/11/2008,115.42,92.5,174,9.8
1/18/2008,109.65,87.9,171.8,9.7
1/25/2008,109.39,88,169,11.7
2/1/2008,110.92,88.4,169,11.6
2/8/2008,106.88,85.7,169,11.3
2/15/2008,113.89,88.9,166.1,11.5
2/22/2008,115.8,87.3,169.6,11.3
2/29/2008,114.77,92.5,173,15.9
3/7/2008,119.03,92.5,173,10.7
3/14/2008,123,95.6,174.7,12.2
3/21/2008,119.55,91.6,176,10.3
3/28/2008,120.68,93.3,176,14.2
4/4/2008,122.12,96.3,178.2,14.6
4/11/2008,126.89,100.1,180.4,13.5
4/18/2008,132.76,101.7,182.9,12
4/25/2008,137.43,103.4,186.1,13.3
5/2/2008,138.08,103.9,187.8,12.9
5/9/2008,149.4,108.2,188.1,12.7
5/16/2008,156.79,115,191.6,11.6
5/23/2008,160.82,118.5,196.2,8.9
5/30/2008,156.75,117.8,200.1,8.8
6/6/2008,156.87,118.6,200.1,9.5
6/13/2008,171.41,126.9,205.4,13.5
6/20/2008,171,125.6,210.6,9.8
6/27/2008,172.79,127.2,210.6,11.1
7/4/2008,180.75,130.8,209.9,6.9
7/11/2008,178.58,128.4,214.8,7.6
7/18/2008,172.43,122.6,215.4,10.6
7/25/2008,163.38,114.7,209.1,10.8
8/1/2008,163.86,113.8,203.4,13.5
8/8/2008,159.84,112.5,200.5,11.9
8/15/2008,156.93,112.6,199.7,12.5
8/22/2008,156.12,110.8,197.5,10.5
8/29/2008,159.64,114,197.5,12.3
9/5/2008,151.19,112.2,197.5,9.1
9/12/2008,145.78,113,197.5,10.9
9/19/2008,132.09,107.4,195.8,8.5
9/26/2008,141.09,111.3,193.5,12.1
10/3/2008,131.44,106.6,188.1,3.3
10/10/2008,120.25,104,184.6,5
10/17/2008,106.7,97.1,183.5,6.5
10/24/2008,98.23,85.7,172.6,3.8
10/31/2008,96.68,82.4,167.6,10.8
11/7/2008,91.76,72.7,161.6,8.8
11/14/2008,85.37,66.9,152.9,10.6
11/21/2008,83.18,59.9,146.5,10.8
11/28/2008,80.97,58.8,140.1,12
12/5/2008,74.76,56,138.1,11.4
12/12/2008,71.48,54.7,134.6,11.1
12/19/2008,71.45,60.1,134.6,12.4
12/26/2008,64.49,55.4,134.6,7
1/2/2009,65.13,54.9,136.9,13.7
1/9/2009,75.65,61,132,9.8
1/16/2009,75.93,67.1,135.7,7.1
1/23/2009,77.63,75.7,147.1,11.1
1/30/2009,81.25,78.9,158,12.2
2/6/2009,85.51,83.1,165.4,15.6
2/13/2009,84.25,83.3,167.1,12.9
2/20/2009,79.39,81.5,168.7,14.1
2/27/2009,81.73,78,166.6,13.9
3/6/2009,84.8,75.3,163.9,15
3/13/2009,84.59,71.6,162.4,16.5
3/20/2009,83.19,74.2,158.9,17.1
3/27/2009,88.94,74.7,158.9,14.4
4/3/2009,83.15,72.5,157.5,12.8
4/10/2009,87.5,74.7,157.5,15
4/17/2009,87.42,77.1,157.5,12.7
4/24/2009,86.94,76.6,157.5,10.3
5/1/2009,87.16,70.8,156.1,9.6
5/8/2009,93.97,77.2,154,13.5
5/15/2009,95.01,78.3,157.5,10.3
5/22/2009,96.83,81.7,161.1,12.3
5/29/2009,100.01,81.4,162.5,10.2
6/5/2009,104.19,82.7,164.2,12.1
6/12/2009,111.51,85.5,166.5,12.7
6/19/2009,110.77,85.8,166.5,10
6/26/2009,107.7,82.1,166.5,9.6
7/3/2009,106.82,80,166.2,12.4
7/10/2009,97.68,74.6,163.9,12.5
7/17/2009,97.3,73,159.3,13.9
7/24/2009,101.49,76.8,157.2,13.6
7/31/2009,102.9,79.8,160,12.3
8/7/2009,108.24,84,164.3,13.1
8/14/2009,105.49,83.8,167.2,11.4
8/21/2009,105.01,80.3,167.2,11.7
8/28/2009,104.25,80.7,167.2,15.1
9/4/2009,98.23,77.8,165.9,13.6
9/11/2009,98.54,75.2,164.2,15
9/18/2009,97.09,73.7,162,15.7
9/25/2009,92.99,70.6,161.2,16.4
10/2/2009,92.32,67.9,155.7,13.8
10/9/2009,93.44,67.7,156.7,15.2
10/16/2009,97.94,70.3,156.7,15.4
10/23/2009,102.35,73.2,158.4,14.4
10/30/2009,103.55,75.5,161.1,13.8
11/6/2009,107.09,76.4,164.7,14.7
11/13/2009,104.44,74.9,164.7,13.8
11/20/2009,105.41,75.4,164.7,15.3
11/27/2009,106.41,76.2,164.7,14.8
12/4/2009,109.96,78.3,164.7,14.1
12/11/2009,104,77,165,12.2
12/18/2009,101.25,75.3,165.2,13.7
12/25/2009,103.76,79.4,162.7,13.2
1/1/2010,107.69,81.6,162.7,9.1
1/8/2010,108.8941817,81.09447289,166.9825397,11.20545127
1/15/2010,105.7606611,81.56239847,172.4111111,15.56292252
1/22/2010,103.5051093,80.6966031,172.268254,16.30173376
1/29/2010,102.3615382,81.65509853,171.4111111,14.58133357
2/5/2010,104.1239462,83.32342222,171.4111111,12.91300988
2/12/2010,102.5537207,81.26978131,171.4111111,14.96665078
2/19/2010,108.1540527,83.13138559,171.4111111,13.10504651
2/26/2010,108.8118641,85.31237269,171.4111111,10.92405941
3/5/2010,110.7498417,86.48322842,174.268254,12.29288622
3/12/2010,111.4187049,88.10271381,178.5539683,14.48292464
3/19/2010,108.7379462,86.47410496,179.4111111,16.87343825
3/26/2010,109.5717527,85.45766498,179.4111111,17.88987823
4/2/2010,111.8961076,85.98759871,176.3787023,14.66446996
4/9/2010,117.2880156,88.85655952,177.532967,12.82152228
4/16/2010,117.2737461,87.36903447,180.1043956,16.59476162
4/23/2010,117.3667888,86.96139307,180.1043956,17.00240302
4/30/2010,117.6691416,87.49082667,180.1043956,16.47296943
5/7/2010,112.1142573,84.94041239,180.1043956,19.0233837
5/14/2010,110.9994136,81.54619096,176.1043956,18.86204958
5/21/2010,105.1508377,80.03020839,174.3901099,18.85422262
5/28/2010,104.2415956,78.44088985,172.3901099,18.66576339
6/4/2010,108.0580154,80.95571146,171.1043956,15.00808464
6/11/2010,108.4225048,81.57268547,171.1043956,14.39111062
6/18/2010,108.0976421,81.41462833,171.1043956,14.54916776
6/25/2010,106.1114085,79.98465598,173.2472527,17.88390202
7/2/2010,103.5941713,79.20041246,175.5056105,19.84397469
7/9/2010,102.9606209,78.66299721,173.5565217,17.40146656
7/16/2010,102.1370383,78.18543678,173.5565217,17.87902699
7/23/2010,103.4400583,79.5264359,173.5565217,16.53802787
7/30/2010,101.5831135,78.349892,173.5565217,17.71457177
8/6/2010,107.8262298,80.85217312,174.4136646,15.97419541
8/13/2010,103.1783418,79.24398029,175.5565217,18.59826126
8/20/2010,102.4812285,78.93392273,173.842236,17.38450929
8/27/2010,101.3075611,77.36826659,171.842236,16.94138766
9/3/2010,103.7173987,78.79278699,171.5565217,15.262899
9/10/2010,103.9951205,77.89994104,171.5565217,16.15574495
9/17/2010,104.3530768,77.96460292,171.5565217,16.09108307
9/24/2010,103.8035734,76.99951675,171.5565217,17.05616924
10/1/2010,104.8354217,77.84944084,174.4298137,15.389658
10/8/2010,108.9012108,80.48468069,179.689441,14.32800713
10/15/2010,106.7695239,81.62509106,180.2608696,13.68449117
10/22/2010,105.8432051,80.31922407,182.2608696,16.7294886
10/29/2010,106.750225,80.84143946,182.2608696,16.20727321
11/5/2010,107.2072072,79.92035191,182.2608696,17.12836076
11/12/2010,108.9235164,81.52658769,182.2608696,15.52212497
11/19/2010,106.6771874,81.06317235,182.2608696,15.98554032
11/26/2010,107.0636143,81.95908176,182.2608696,15.0896309
12/3/2010,114.3337874,87.61270734,184.5465839,11.33118296
12/10/2010,116.6904838,90.87709899,189.689441,12.51574101
12/17/2010,119.6337114,91.6603619,192.8322981,14.46539735
12/24/2010,122.2201256,94.35305179,194.9751553,13.6360615
12/31/2010,117.2622679,92.1206772,195.357764,16.2011393
1/7/2011,119.5318664,92.86971636,195.6,15.66274016
1/14/2011,122.6921566,93.78955052,195.6,14.742906
1/21/2011,121.1157456,94.25772822,197.6,16.01385873
1/28/2011,120.9122203,92.5811535,197.6,17.69043346
2/4/2011,124.5088916,94.34867854,197.6,15.92290841
2/11/2011,125.4869371,94.31450274,197.6,15.95708421
2/18/2011,131.0733566,97.00110572,199.3142857,14.76116446
2/25/2011,140.5204461,103.3091368,200.6,9.571145816
3/4/2011,146.3525632,107.081247,206.1714286,10.64375606
3/11/2011,148.9214489,109.6707874,212.8857143,13.89272501
3/18/2011,146.5654295,108.2223368,213.6,15.96229359
3/25/2011,148.518198,109.5557224,216.1714286,16.86493292
4/1/2011,145.5646014,108.0957482,216.7153846,18.79791229
4/8/2011,149.1448562,110.367526,216.8692308,16.65991375
4/15/2011,147.5167922,109.4153585,216.8692308,17.61208128
4/22/2011,146.1742424,108.4811377,216.8692308,18.5463021
4/29/2011,147.7332835,111.7837971,216.8692308,15.24364273
5/6/2011,140.3423044,111.5884959,219.0120879,17.30229791
5/13/2011,136.3842892,107.1875376,213.8692308,17.23120651
5/20/2011,135.5636937,100.981029,210.8692308,20.82901953
5/27/2011,134.9023246,100.6159699,204.7263736,15.85246365
6/3/2011,133.3406631,99.15600613,203.8692308,16.56708584
6/10/2011,134.7260712,100.1725401,203.8692308,15.55055187
6/17/2011,135.7311437,99.89419158,205.2978022,17.07113642
6/24/2011,129.1755902,97.76847068,205.8692308,19.69375173
7/1/2011,128.7860193,96.65578262,203.6112996,18.84302135
7/8/2011,131.084471,101.1010058,203.2673913,14.16804748
7/15/2011,133.3509184,101.1018449,206.1245342,16.79028047
7/22/2011,131.0137256,97.51305178,205.5531056,19.90527917
7/29/2011,128.6648702,97.33284993,204.2673913,18.9674686
8/5/2011,124.1685401,96.16386712,204.2673913,20.1364514
8/12/2011,121.960661,95.67294253,198.981677,16.0311027
8/19/2011,124.97296,98.2445858,198.981677,13.45945944
8/26/2011,127.4948591,99.20119065,200.2673913,13.62086701
9/2/2011,129.2218192,101.0455813,203.6959627,14.75784286
9/9/2011,130.2599678,101.9137068,204.2673913,14.38661169
9/16/2011,130.5966517,100.7446002,206.4102484,17.41907233
9/23/2011,130.5045815,101.2496034,207.2673913,17.65941073
9/30/2011,131.7591044,102.1658172,207.302795,16.7739828
10/7/2011,129.616999,103.7408179,207.3913043,15.27594673
10/14/2011,133.7344176,105.4111155,207.3913043,13.92908919
10/21/2011,133.9054608,102.7991783,207.3913043,16.62188638
10/28/2011,133.4408636,99.75331825,207.3913043,19.6677464
11/4/2011,132.1892162,96.50711129,206.1055901,21.79594094
11/11/2011,140.5913774,99.09356319,204.3913043,17.71880581
11/18/2011,142.0501551,96.3821334,204.3913043,20.4302356
11/25/2011,143.32012,97.35294169,204.3913043,19.45942731
12/2/2011,141.9249379,97.14946372,204.3913043,19.66290528
12/9/2011,139.0944599,97.03209459,204.3913043,19.78027441
12/16/2011,138.0435927,99.61120459,204.3913043,17.20116441
12/23/2011,137.0302714,98.49767339,204.3913043,18.8228556
12/30/2011,136.1101504,100.1702003,204.3044775,17.20186714
1/6/2012,138.4899101,103.3075517,203.7835165,13.61150613
1/13/2012,139.4616338,103.5854978,207.3549451,16.43915006
1/20/2012,137.0250708,103.0198995,208.7835165,18.24698444
1/27/2012,134.0701763,101.7839001,208.7835165,19.48298378
2/3/2012,132.8157125,100.9476795,207.4978022,19.20119197
2/10/2012,136.8118373,102.0802352,205.7835165,16.57795303
2/17/2012,139.8712281,104.300207,208.0692308,16.34555891
2/24/2012,143.2640069,105.4448115,209.7835165,16.69163762
3/2/2012,144.27439,106.1924068,212.6406593,18.42851439
3/9/2012,149.3848215,108.5396404,213.7835165,17.07506962
3/16/2012,151.2651265,111.0818051,215.9263736,16.39625888
3/23/2012,150.3373423,110.294975,216.7835165,17.92843063
3/30/2012,148.3989847,110.7288137,216.689011,17.4124132
4/6/2012,147.6180316,111.782216,216.121978,15.86593879
4/13/2012,143.7480967,108.4558614,216.121978,19.19229344
4/20/2012,140.1821245,107.1435574,216.121978,20.50459741
4/27/2012,140.9035109,107.6272327,216.121978,20.02092214
5/4/2012,139.6024013,106.5015241,216.121978,21.14663072
5/11/2012,137.9673312,104.2080429,216.121978,23.44011188
5/18/2012,138.7389725,103.5848491,216.121978,24.06330568
5/25/2012,137.9369612,103.0490169,212.121978,21.12087707
6/1/2012,133.8043048,101.8652722,212.121978,22.30462175
6/8/2012,127.3715933,95.2788139,208.6934066,25.90971357
6/15/2012,123.6571605,90.907768,203.4076923,25.68448619
6/22/2012,116.4718331,84.05735492,198.2648352,28.06284957
6/29/2012,116.2805434,84.35402871,193.4943041,23.61788793
7/6/2012,120.4388652,88.56600942,194.0139752,19.85779506
7/13/2012,122.3855428,91.66238718,195.7282609,18.25210054
7/20/2012,127.869427,96.29321528,199.7282609,17.0995333
7/27/2012,127.4693073,97.37794568,205.0139752,20.61107619
8/3/2012,126.7116516,98.38310204,208.1568323,20.54673908
8/10/2012,131.082009,102.7415265,210.4425466,18.31449232
8/17/2012,135.92089,106.0475922,214.871118,18.85935821
8/24/2012,138.6099529,104.4124343,217.4425466,22.73054095
8/31/2012,136.979322,102.1726213,217.4425466,24.970354
9/7/2012,140.5063291,101.8881047,215.7282609,23.76418735
9/14/2012,138.8977187,102.9959011,215.7282609,22.65639092
9/21/2012,131.9436062,99.43990528,214.2996894,24.97015076
9/28/2012,131.0649023,100.2161133,210.7282609,21.08835265
10/5/2012,130.7774383,100.2883715,209.9826087,20.36770132
10/12/2012,135.0161432,103.961462,211.6968944,18.18529402
10/19/2012,134.3380268,101.5418051,212.9826087,21.72296331
10/26/2012,130.0336494,95.16890057,209.1254658,24.7418306
11/2/2012,128.9428245,93.59610455,206.9826087,24.45127257
11/9/2012,128.0981685,93.38722455,203.9826087,22.05145692
11/16/2012,131.3758266,97.72552002,203.9826087,17.71316145
11/23/2012,133.1732183,99.32048113,206.8397516,18.60267239
11/30/2012,131.3198833,97.34933742,207.9826087,21.56760492
12/7/2012,128.3713379,94.5288883,207.9826087,24.38805404
12/14/2012,125.3011473,92.27976774,204.5540373,23.65580814
12/21/2012,126.5681164,93.5407761,203.9826087,21.89790537
12/28/2012,129.6079864,97.64324842,203.9826087,17.79543306
1/4/2013,129.7094733,98.35426597,206.7594203,19.49903429
1/11/2013,128.2525662,96.08995486,207.2222222,22.16578186
1/18/2013,127.5843178,94.63327153,205.9365079,22.50445276
1/25/2013,129.5152715,97.28374577,204.2222222,18.36329529
2/1/2013,131.7915621,100.5749858,205.9365079,16.56273852
2/8/2013,133.4284695,103.7926194,209.9365079,16.82336578
2/15/2013,134.1987743,105.9986802,213.9365079,18.09556578
2/22/2013,131.6121057,105.107188,215.2222222,20.10507045
3/1/2013,129.7006537,102.9200048,215.2222222,22.29225365
3/8/2013,127.7027517,100.4785214,214.3650794,23.98839544
3/15/2013,127.9352424,100.0650218,213.2222222,23.40810619
3/22/2013,126.4727941,99.3500119,212.3650794,23.3777745
3/29/2013,126.3359235,97.4957116,211.2222222,24.23828598
4/5/2013,125.7173441,96.60906728,210.4406593,24.44531041
4/12/2013,120.3857978,89.79307746,206.1549451,27.53459216
4/19/2013,115.1741059,86.77922122,201.0120879,26.0763987
4/26/2013,118.0566658,88.71457374,199.7263736,23.02303376
5/3/2013,117.6912072,87.83608241,199.7263736,23.90152509
5/10/2013,119.3566658,89.94692155,199.7263736,21.79068595
5/17/2013,121.8537415,92.70440327,201.4406593,20.52388746
5/24/2013,123.9342566,94.5969921,203.7263736,20.61887627
5/31/2013,123.4138861,95.53843688,205.4406593,21.16811472
6/7/2013,124.9984411,97.24918903,206.7263736,20.57537499
6/14/2013,127.4069967,99.38702994,210.7263736,21.91579495
6/21/2013,127.6880026,99.58542695,210.7263736,21.71739794
6/28/2013,127.4141216,99.55178526,210.7263736,21.75103964
7/5/2013,130.1766021,100.3505901,215.6217391,22.2090744
7/12/2013,132.539358,104.5500533,220.3360248,22.45549007
7/19/2013,133.4046182,105.1905287,222.6217391,23.8025923
7/26/2013,131.0945834,98.03780291,220.3360248,28.96774043
8/2/2013,131.4392991,97.16609307,216.9074534,26.85808382
8/9/2013,132.1129972,96.49488727,216.6217391,27.2808424
8/16/2013,132.2074037,95.90165538,214.0503106,25.63804945
8/23/2013,135.0076524,96.05141079,213.6217391,25.11562324
8/30/2013,143.0530633,101.3612812,215.7645963,21.6691069
9/6/2013,140.8184626,102.426277,216.6217391,21.34945272
9/13/2013,135.1968055,95.98699034,217.3360248,28.40985736
9/20/2013,129.9954065,92.78213768,213.9074534,28.63334355
9/27/2013,127.8517912,92.36548021,212.6217391,27.9319886
10/4/2013,127.0838862,92.33587929,210.7645963,26.34668269
10/11/2013,129.1337254,93.26124232,207.1217391,22.25361779
10/18/2013,127.8149799,92.60953091,207.1217391,22.9053292
10/25/2013,125.8259325,90.84995842,207.1217391,24.66490169
11/1/2013,128.4704176,92.75459043,207.1217391,22.76026968
11/8/2013,124.7657038,90.51000416,207.1217391,25.00485596
11/15/2013,127.506296,93.11561464,207.1217391,22.39924547
11/22/2013,128.6419456,93.32250326,207.1217391,22.19235686
11/29/2013,132.7616578,95.6395568,208.8360248,21.36598655
12/6/2013,132.2776477,95.83352236,211.2645963,23.28382223
12/13/2013,128.8471759,95.40237355,212.1217391,24.46031265
12/20/2013,130.661556,95.54280611,212.1217391,24.31988009
12/27/2013,133.3970864,99.46331797,212.1217391,20.39936823
1/3/2014,129.7095841,99.62395159,214.5744651,22.37153985
1/10/2014,125.2114855,95.74588237,212.6412698,24.56856967
1/17/2014,123.8707977,94.11274938,210.9269841,24.71101943
1/24/2014,125.4636543,95.25100163,210.3555556,23.07587277
1/31/2014,126.7598784,95.88079574,210.3555556,22.44607866
2/7/2014,125.5705807,95.27826109,210.3555556,23.04861331
2/14/2014,126.7849833,97.65313434,210.3555556,20.67374005
2/21/2014,128.1444463,97.50935603,210.3555556,20.81751836
2/28/2014,127.1768634,97.68318053,211.4984127,21.63748269
3/7/2014,125.4254635,96.91910232,212.3555556,23.14690252
3/14/2014,122.680825,95.08924977,212.3555556,24.97675506
3/21/2014,120.9918669,92.33812389,210.3555556,25.98875051
3/28/2014,121.4380577,92.3295258,210.3555556,25.9973486
4/4/2014,119.4151097,92.06762579,208.102599,24.30015594
4/11/2014,119.9093977,93.17000241,207.0604396,22.29155373
4/18/2014,122.2273567,95.0930532,208.7747253,21.85918617
4/25/2014,123.0566433,95.86733234,210.2032967,22.32714305
5/2/2014,122.2160097,94.19534202,211.0604396,24.74447499
5/9/2014,119.9044917,91.70139598,208.9175824,25.37506699
5/16/2014,122.4905643,94.09170471,208.9175824,22.98475826
5/23/2014,124.2379822,95.50608595,210.0604396,22.56416584
5/30/2014,124.6747157,96.62770857,211.7747253,22.93322645
6/6/2014,124.5117765,95.2841176,212.0604396,24.52526463
6/13/2014,124.9386926,94.65503514,212.0604396,25.15434709
6/20/2014,127.184399,96.35705996,212.9175824,24.19766388
6/27/2014,125.8370792,97.31183273,214.0604396,24.23667993
7/4/2014,123.4966567,97.69336814,215.4695038,22.08041777
7/11/2014,120.869486,94.54029763,214.5614907,24.44391166
7/18/2014,119.7973838,93.51749722,213.7043478,24.72137045
7/25/2014,122.0341335,91.75840847,213.7043478,26.4804592
8/1/2014,123.2688606,90.66493888,213.7043478,27.57392879
8/8/2014,121.8937143,88.43986133,211.9900621,28.30832312
8/15/2014,120.5213651,88.46418994,211.7043478,28.0355473
8/22/2014,118.4775645,87.98498837,209.9900621,27.02406564
8/29/2014,120.3903257,90.50948301,209.7043478,24.2511238
9/5/2014,119.5234896,90.95975588,211.4186335,25.29153416
9/12/2014,116.9216965,90.5587334,211.7043478,25.94100384
9/19/2014,117.5388239,91.01836243,211.7043478,25.48137481
9/26/2014,116.7265519,91.61873396,211.7043478,24.88100328
10/3/2014,118.5845006,93.90501651,214.1593168,24.72947634
10/10/2014,114.1887062,90.94986329,214.3413043,27.84287962
10/17/2014,107.7116194,85.32566695,209.4841615,29.24347348
10/24/2014,106.0088983,83.30873323,207.1984472,29.27282956
10/31/2014,106.9810302,85.39173229,206.3413043,26.44448888
11/7/2014,104.1381625,83.0521626,204.9127329,27.54182255
11/14/2014,98.60361628,79.87133232,203.1984472,29.2319696
11/21/2014,94.73004784,76.9808897,200.3413043,29.63794017
11/28/2014,92.23721049,77.82106922,199.4841615,28.05241903
12/5/2014,86.70150095,70.39558537,194.0555901,30.75740599
12/12/2014,79.8831105,66.11447438,191.1127329,32.38711076
12/19/2014,73.78570692,62.23594974,186.6270186,32.34191429
12/26/2014,72.77394305,63.48909469,184.6270186,29.34963891
1/2/2015,68.90001284,59.42655975,183.0415114,32.0334719
1/9/2015,61.31222888,54.50963738,176.6380952,31.38220631
1/16/2015,56.39667892,50.93664963,166.7809524,26.38376549
1/23/2015,57.6908003,53.09926315,165.0666667,22.73046873
1/30/2015,60.48288757,55.25916982,165.0666667,20.57056206
2/6/2015,73.67665653,63.86292539,172.9238095,18.79910464
2/13/2015,74.98308754,66.17177266,179.352381,22.08031947
2/20/2015,77.34262757,67.57651485,184.4952381,25.14762698
2/27/2015,75.5892748,68.13354807,185.0666667,25.08748817
3/6/2015,76.86899772,71.17030843,186.7809524,23.54141103
3/13/2015,74.23515297,71.11100541,187.0666667,23.84916126
3/20/2015,69.56486399,67.76098037,187.352381,27.4476335
3/27/2015,71.15288681,68.10482053,185.352381,25.3646629
4/3/2015,71.00733823,66.75483092,184.1289377,25.65078885
4/10/2015,73.81228658,65.50920501,183.7538462,26.57024817
4/17/2015,78.14569536,69.91002432,185.0395604,23.28744128
4/24/2015,79.63190505,71.07089688,190.7538462,27.09551282
5/1/2015,81.6828606,74.03132432,193.3252747,26.37111022
5/8/2015,86.97044927,76.68360671,198.7538462,28.43932472
5/15/2015,86.36889858,77.98619093,197.7538462,26.26717529
5/22/2015,85.43668241,79.8273306,195.7538462,22.68690519
5/29/2015,84.66250897,78.82983276,195.7538462,23.68440302
6/5/2015,86.45129677,79.98043162,197.4681319,24.02448739
6/12/2015,88.22115385,83.79248383,198.0395604,20.7093296
6/19/2015,88.48984991,84.8878199,201.4681319,22.59535998
6/26/2015,88.46511358,82.2588442,202.7538462,26.34234811
7/3/2015,89.80983878,81.08852269,203.8908505,28.501369
7/10/2015,84.95609581,80.02476383,203.202795,28.96681881
7/17/2015,85.63510949,80.22560807,202.3456522,28.02063295
7/24/2015,83.84678423,79.37318001,202.3456522,28.87306101
7/31/2015,80.761922,77.09107204,199.7742236,28.91914413
8/7/2015,76.22100122,77.02686801,198.202795,27.61688854
8/14/2015,74.53936348,75.65911255,197.3456522,28.23930238
8/21/2015,71.42857143,70.38570492,195.9170807,32.27047399
8/28/2015,68.03535261,64.91792861,190.3456522,32.89352981
9/4/2015,75.12311408,72.6411095,193.202795,27.65482096
9/11/2015,73.20901912,73.77045693,195.4885093,28.51305117
9/18/2015,69.60688503,71.43818354,196.3456522,31.59066618
9/25/2015,70.39042462,72.78443966,196.3456522,30.24441006
10/2/2015,69.30366837,72.45561796,194.471118,28.94320205
10/9/2015,74.41775282,70.56424532,193.0652174,29.61205241
10/16/2015,69.42381942,67.00292716,190.2080745,30.68889852
10/23/2015,65.25138676,62.98684069,186.2080745,31.22672413
10/30/2015,65.92427617,63.54914691,185.0652174,29.67062908
11/6/2015,68.13414049,64.29160136,185.0652174,28.69717463
11/13/2015,64.10687536,63.837477,185.0652174,29.15129899
11/20/2015,59.79229398,61.70695842,183.3509317,29.79113435
11/27/2015,61.48704331,62.58221536,183.0652174,28.6674302
12/4/2015,59.64286793,61.47958346,183.0652174,29.63142209
12/11/2015,52.37242614,58.70750483,177.9223602,27.89679104
12/18/2015,48.77433523,58.67863822,175.7795031,26.06230361
12/25/2015,47.08311822,56.6420308,174.0652174,26.6082278
1/1/2016,46.3422933,56.76667695,173.4862467,25.98012885
1/8/2016,45.51409215,57.1649553,172.7142857,24.9105801
1/15/2016,40.32827121,54.72554195,171.2857143,26.10775743
1/22/2016,37.27940948,52.75398996,168.5714286,25.71906097
1/29/2016,42.93975755,53.65755814,169,25.1881636
2/5/2016,45.81068359,50.01611414,170.7142857,30.32029083
2/12/2016,40.55119588,44.06439072,165.1428571,31.42729375
2/19/2016,44.5986723,47.71040857,161.7142857,24.79990944
2/26/2016,44.86238807,47.97875821,161.7142857,24.53155981
3/4/2016,48.4929692,50.99185809,164.7142857,24.12715557
3/11/2016,52.74895186,55.74645176,168.1428571,22.35392836
3/18/2016,53.4487374,55.92225775,174.7142857,27.89240809
3/25/2016,54.54410784,56.89342218,174.7142857,26.69028366
4/1/2016,50.91465637,55.47315389,174.0036107,27.43483365
4/8/2016,51.49321532,53.34303063,171.3417582,27.25030262
4/15/2016,57.84016775,56.2011377,174.9131868,27.49778561
4/22/2016,58.12717294,54.27429355,174.6274725,28.94518256
4/29/2016,61.29918981,58.18632496,175.4846154,25.77849276
5/6/2016,60.87683394,56.74613979,176.056044,27.53077235
5/13/2016,63.16315434,58.42985762,177.7703297,27.29153775
5/20/2016,67.44460857,61.9797329,180.3417582,25.97768731
5/27/2016,67.87028246,62.91103261,183.3417582,27.65508326
6/3/2016,68.15898345,62.08184181,185.056044,29.97495728
6/10/2016,67.64151279,59.58773856,182.9131868,30.60570649
6/17/2016,64.86955039,56.97089956,180.7703297,31.35919146
6/24/2016,64.5739408,57.65979764,177.3417582,27.41172692
7/1/2016,63.68464168,56.2087155,178.8981742,30.14691422
7/8/2016,61.08943996,52.92361271,179.6400621,33.92213695
7/15/2016,59.45020976,50.14649502,173.3543478,31.23341613
7/22/2016,60.20271617,51.78739857,173.3543478,29.59251258
7/29/2016,56.61877449,49.44472195,169.0686335,28.20848113
8/5/2016,54.86024197,47.84373515,167.3543478,28.31878469
8/12/2016,58.90128851,49.78725458,168.7829193,27.61750129
8/19/2016,64.12803532,53.98431275,174.497205,28.38938722
8/26/2016,63.3916813,54.91687417,177.9257764,30.43819226
9/2/2016,59.92716036,55.20600635,179.7829193,31.76396691
9/9/2016,60.11758013,54.86637062,178.3543478,30.86136662
9/16/2016,58.94520548,55.13324986,178.3543478,30.59448738
9/23/2016,59.56258725,55.0061195,178.3543478,30.72161774
9/30/2016,60.6498692,56.02006929,177.1593168,28.66851051
10/7/2016,67.59680462,58.54354523,177.028882,26.03161302
10/14/2016,69.73762083,60.80912431,180.8860248,27.1200712
10/21/2016,68.27924066,61.53173242,184.8860248,29.87572397
10/28/2016,67.39480501,62.15294387,185.1717391,29.50295972
11/4/2016,60.43788751,58.18563923,184.028882,32.47647555
11/11/2016,58.01188162,55.09296532,178.028882,30.35175815
11/18/2016,60.59665265,55.92812562,175.1717391,27.0321258
11/25/2016,64.86671029,59.58724788,177.7431677,25.60902838
12/2/2016,67.33237426,59.01227205,180.6003106,28.66847626
12/9/2016,71.55249608,62.60675121,184.3145963,28.30381077
12/16/2016,73.32678546,64.33254109,187.3145963,29.18671654
12/23/2016,75.35077083,67.69242844,189.3145963,27.56595962
12/30/2016,77.32345584,69.66065415,189.7281573,25.95735224
1/6/2017,77.51470799,69.20147026,188.4952381,25.34443243
1/13/2017,75.73470783,67.39795398,189.0666667,27.64484312
1/20/2017,74.64670491,66.86006839,191.6380952,30.41875356
1/27/2017,74.47748419,65.81584813,192.0666667,31.83564462
2/3/2017,75.23059185,66.31817308,192.0666667,30.79281968
2/10/2017,74.51952883,66.56705025,190.9238095,29.55015369
2/17/2017,74.84156104,67.13413497,190.0666667,28.23772735
2/24/2017,75.9541241,65.23268438,190.0666667,30.13917794
3/3/2017,76.33427556,63.9630914,190.0666667,31.40877092
3/10/2017,75.76193214,64.78481352,190.0666667,30.5870488
3/17/2017,71.6195624,62.26980828,188.352381,31.61137081
3/24/2017,69.94826018,61.80890626,187.0666667,30.9542604
3/31/2017,71.511959,63.28147247,187.6664574,30.00325132
4/7/2017,75.13672938,66.30278412,189.1659341,28.28583246
4/14/2017,77.9039678,67.88159026,191.1659341,28.44615675
4/21/2017,73.78018377,66.27516506,191.1659341,30.05258196
4/28/2017,72.11129532,64.28926243,191.1659341,32.03848458
5/5/2017,70.73474832,61.7304704,191.1659341,34.59727662
5/12/2017,70.71191764,62.75965324,187.1659341,30.0898329
5/19/2017,74.39095128,64.42933972,187.1659341,28.42014643
5/26/2017,74.33107742,64.31279763,187.1659341,28.53668852
6/2/2017,69.79311126,62.08412227,187.1659341,30.76536387
6/9/2017,65.79441854,58.88597769,187.1659341,33.96350845
6/16/2017,63.98426026,56.47369647,180.4516484,30.53728035
6/23/2017,61.44511859,54.81267179,172.8802198,25.6144541
6/30/2017,63.20532486,55.60422306,171.8340523,23.91319197
7/7/2017,65.129683,57.12996754,173.5043478,24.6398784
7/14/2017,64.07609294,56.72829483,173.5043478,25.04155111
7/21/2017,64.91385645,58.22678987,173.5043478,23.54305607
7/28/2017,65.63328957,57.77014834,175.5043478,25.73882803
8/4/2017,68.01179783,60.53604825,178.9329193,25.95429458
8/11/2017,69.13428766,62.56347967,182.7900621,27.28090043
8/18/2017,67.61277938,62.77731282,184.5043478,28.55775051
8/25/2017,69.13648258,63.6737033,185.647205,28.65514885
9/1/2017,69.7410331,65.28653621,188.647205,29.65101159
9/8/2017,72.61330227,66.6005873,191.647205,30.76269615
9/15/2017,73.80781543,66.61629178,192.5043478,31.44659328
9/22/2017,74.45731023,65.97249125,192.5043478,32.09039381
9/29/2017,77.02620522,66.87132758,192.1118012,30.85021263
10/6/2017,75.91228658,65.74109798,189.7565217,29.9323731
10/13/2017,76.8504159,66.49291109,188.3279503,27.93832396
10/20/2017,78.0974257,67.43846683,187.7565217,26.49587381
10/27/2017,82.03008882,69.76888977,187.7565217,24.16545087
11/3/2017,85.27413172,72.52073397,192.6136646,25.63720916
11/10/2017,89.21718556,75.01401452,196.8993789,26.87063668
11/17/2017,87.83705253,74.23252848,197.7565217,28.39746433
11/24/2017,88.73465809,75.12514636,197.7565217,27.50484646
12/1/2017,88.87304267,75.09630228,199.7565217,29.27282097
12/8/2017,87.66309413,73.95251806,199.7565217,30.23180519
12/15/2017,87.60332959,73.77357506,196.8993789,27.88007614
12/22/2017,88.14203279,72.52653713,195.7565217,28.13332525
12/29/2017,89.42987834,72.25255722,195.7565217,28.40730516
1/5/2018,91.0053902,73.13695735,201.2444444,31.33171173
1/12/2018,91.87190749,73.60240911,202.1015873,31.61160159
1/19/2018,91.27136811,73.43243269,203.2444444,32.77536683
1/26/2018,91.69805142,73.89575509,203.2444444,32.31204443
2/2/2018,89.64457618,74.95412204,203.2444444,31.25367748
2/9/2018,86.36113405,73.19435906,202.3873016,32.26809884
2/16/2018,81.86046512,69.34626323,198.9587302,33.13482821
2/23/2018,85.0751143,70.04438951,197.2444444,30.9460187
3/2/2018,85.6095477,72.04258018,197.2444444,28.94782803
3/9/2018,84.87186553,70.95861778,197.2444444,30.03179043
3/16/2018,84.21196768,70.45031205,197.2444444,30.54009616
3/23/2018,89.6526893,74.05826992,197.2444444,26.93213829
3/30/2018,89.34835797,74.0673905,198.5440607,28.0531188
4/6/2018,89.35086391,74.17740808,194.3417582,24.28892517
4/13/2018,92.8620079,74.66767643,196.056044,25.28934005
4/20/2018,94.97076982,75.46240822,197.3417582,25.61262069
4/27/2018,99.3816751,79.47386736,203.3417582,26.81855285
5/4/2018,100.4548039,79.63674521,203.3417582,26.655675
5/11/2018,105.0700754,82.60695117,207.056044,26.91528271
5/18/2018,109.7861009,87.00053834,213.056044,27.73908684
5/25/2018,110.090418,88.20210705,215.3417582,28.52509577
6/1/2018,107.9996548,84.52279616,215.3417582,32.20440666
6/8/2018,104.3502985,81.87038949,211.056044,31.13010525
6/15/2018,105.7813035,81.33952359,209.3417582,30.17028793
6/22/2018,104.2729592,79.04504749,208.1989011,31.47097521
6/29/2018,109.2083675,81.36237112,207.7282555,28.74439454
7/6/2018,110.3239166,83.50255299,210.0472391,25.15072017
7/13/2018,108.5519551,82.7168269,210.0472391,25.93644626
7/20/2018,104.3993382,81.02891227,210.0472391,27.62436089
7/27/2018,107.2236753,83.58748082,211.7718106,26.56541967
8/3/2018,106.6273932,83.49298798,213.0652391,27.784633
8/10/2018,107.5512824,84.98702142,214.7898106,27.79022689
8/17/2018,106.8086529,86.61059066,218.0952391,28.46344336
8/24/2018,108.8145166,85.71420056,218.0952391,29.35983347
8/31/2018,112.9070881,87.65433963,221.1132391,30.04404222
9/7/2018,114.5260728,90.0554328,222.8378106,29.14257638
9/14/2018,116.9425154,91.28715798,226.2869534,30.91010586
9/21/2018,116.2044326,91.13291153,227.1492391,31.81416597
9/28/2018,120.1250864,92.28720688,229.1612391,32.40943584
10/5/2018,126.9064178,95.65062006,240.4018975,35.32050822
10/12/2018,125.5137039,94.94848319,242.7013261,38.02214819
10/19/2018,120.1123287,88.9600991,238.8210404,40.63637079
10/26/2018,116.9944143,84.97740765,234.9407547,41.24490075
11/2/2018,112.4691396,82.17244136,228.7610404,38.67620245
11/9/2018,104.8231129,74.89834714,218.8447547,37.32743952
11/16/2018,98.32846047,70.84967372,210.5093261,34.12791418
11/23/2018,90.92506884,68.20289176,207.6350404,34.27531726
11/30/2018,86.7834161,62.29807416,203.0361832,36.18112865
12/7/2018,87.14918759,62.68400553,200.4493261,33.54575629
12/14/2018,86.42191142,62.88007928,198.7247547,31.8500552
12/21/2018,80.85944389,61.49300055,197.4313261,32.11241344
12/28/2018,81.57072735,61.48807562,196.5690404,31.36752471
1/4/2019,81.92855358,61.09097,193.1884752,27.90100839
1/11/2019,86.65680473,64.09820429,192.8166667,24.33946237
1/18/2019,88.24221046,63.7696174,194.8286667,26.41761449
1/25/2019,90.32649557,63.87539281,196.8406667,28.06140429
2/1/2019,89.16863362,61.40337583,196.8406667,30.53342127
2/8/2019,90.79376719,64.4837216,196.8406667,27.4530755
2/15/2019,94.18409178,65.76130091,198.996381,28.05003035
2/22/2019,97.42078544,68.66282419,204.3138095,29.77235801
3/1/2019,95.40260043,68.97871882,206.6132381,31.45596648
3/8/2019,96.66254271,71.44715179,206.9006667,29.2374714
3/15/2019,97.9164228,74.33396577,209.056381,28.22519158
3/22/2019,98.14771668,75.51873613,206.9006667,25.16588706
3/29/2019,97.88901234,75.78511006,210.6372381,28.14870568
4/5/2019,101.6449502,77.14612908,209.4518681,25.75693017
4/12/2019,104.3248695,80.26994744,215.4878681,27.88180746
4/19/2019,104.7258699,81.69959602,217.0687253,27.82681727
4/26/2019,110.1027827,84.05711233,220.5178681,28.46855561
5/3/2019,107.0923692,81.1453572,214.4818681,26.13161509
5/10/2019,105.5585897,78.14511265,211.6075824,26.63248075
5/17/2019,108.9862663,80.13119578,214.4818681,27.14577651
5/24/2019,105.389148,79.62157089,220.3741538,32.77912811
5/31/2019,100.6214222,75.02519818,217.2124396,34.62618405
6/7/2019,91.20737885,67.45166937,208.5895824,34.70157621
6/14/2019,92.22269443,68.68395421,207.0087253,32.09463298
6/21/2019,95.0582551,69.45691047,207.0087253,31.32167673
6/28/2019,96.95611634,72.31374244,207.0087253,28.46484475
7/5/2019,92.63576317,73.13315787,205.1858696,22.2603374
7/12/2019,96.80870299,77.0008706,207.3415839,20.26715884
7/19/2019,93.11614647,75.07322943,209.928441,24.44424099
7/26/2019,93.17741695,72.63783592,210.2158696,27.1295724
8/2/2019,94.90213928,73.8829334,210.2158696,25.88447492
8/9/2019,88.28418396,72.63074276,210.2158696,27.13666556
8/16/2019,90.10978787,73.99191816,210.2158696,25.77549016
8/23/2019,92.15784216,74.22229202,210.2158696,25.5451163
8/30/2019,92.57450696,74.75680646,211.5092981,26.13532235
9/6/2019,91.72241858,73.1030325,213.2338696,29.28872364
9/13/2019,93.2789336,76.74964014,213.2338696,25.642116
9/20/2019,101.6649291,85.52538556,217.1141553,20.24053208
9/27/2019,98.899876,82.30294555,216.2518696,22.71315842
10/4/2019,92.49816756,79.26234294,211.8098199,21.89110912
10/11/2019,93.30689929,82.6080878,211.0694783,17.90158895
10/18/2019,93.8321665,81.69928708,211.0694783,18.81038967
10/25/2019,94.50429352,77.49304072,211.0694783,23.01663603
11/1/2019,94.51615427,75.87831531,211.0694783,24.63136144
11/8/2019,95.84794589,80.57866623,212.3629068,21.05573102
11/15/2019,96.97748793,82.82124904,215.2371925,21.31252709
11/22/2019,97.1493693,80.86476818,216.0994783,24.01882161
11/29/2019,97.84708375,80.29736672,216.0994783,24.58622307
12/6/2019,95.66886807,78.17365441,216.0994783,26.70993538
12/13/2019,97.53052587,77.17624369,216.0994783,27.7073461
12/20/2019,100.5006827,76.64867248,216.0994783,28.23491731
12/27/2019,99.98744287,76.43633948,216.961764,29.19706398
1/3/2020,98.99717023,75.88475042,222.9752983,34.97781335
1/10/2020,100.5660605,76.08839056,224.2884835,35.91607337
1/17/2020,97.56796717,73.50810507,222.8513407,37.24666942
1/24/2020,95.36644458,72.44474508,221.2704835,36.93537103
1/31/2020,89.09391352,68.40349289,216.3841978,36.72767912
2/7/2020,84.09003016,67.88080774,214.6596264,35.75073693
2/14/2020,84.80224229,69.39988274,214.6596264,34.23166193
2/21/2020,88.47717323,70.63717154,214.0847692,32.49449735
2/28/2020,81.53051851,66.51111552,213.2224835,35.87073971
3/6/2020,79.03878637,63.82451086,211.3541978,36.93274809
3/13/2020,52.93760583,48.33460662,192.0964835,35.67681383
3/20/2020,47.23459224,37.0101288,179.4496264,36.00402456
3/27/2020,43.39941973,30.81825404,179.4496264,42.19589933
4/3/2020,40.58768281,28.57864583,178.2617433,43.40256569
4/10/2020,42.95561533,28.2675532,177.78659,43.30048159
4/17/2020,34.5717832,27.39434796,177.78659,44.17368683
4/24/2020,29.33409106,30.20588879,177.78659,41.362146
5/1/2020,30.30626927,34.35515357,178.9363043,38.21263277
5/8/2020,44.25509429,41.21670564,179.79859,32.10089436
5/15/2020,47.54586019,41.33789335,181.5231614,33.47933399
5/22/2020,56.30994364,44.91022688,180.9483043,29.40712468