Area,Date,Commodity type,Commodity priceUSD/W,Cumulative capacity (MW),Polysilicon_USDkg
Pakistan,01/01/2017,Panels,0.38,65.55,17.4675
Pakistan,01/02/2017,Panels,0.38,113.26,17.7176
Pakistan,01/03/2017,Panels,0.38,249.4,16.6105
Pakistan,01/04/2017,Panels,0.38,372.46,13.7184
Pakistan,01/05/2017,Panels,0.38,533.36,14.5184
Pakistan,01/06/2017,Panels,0.38,577.89,14.9899
Pakistan,01/07/2017,Panels,0.38,598.25,15.4194
Pakistan,01/08/2017,Panels,0.32,621.25,17.7248
Pakistan,01/09/2017,Panels,0.31,650.08,19.2174
Pakistan,01/10/2017,Panels,0.31,663.41,19.2409
Pakistan,01/11/2017,Panels,0.3,699.09,19.5445
Pakistan,01/12/2017,Panels,0.3,755.45,19.7497
Pakistan,01/01/2018,Panels,0.29,834.94,20.3985
Pakistan,01/02/2018,Panels,0.28,888.24,18.7129
Pakistan,01/03/2018,Panels,0.28,954.36,17.4021
Pakistan,01/04/2018,Panels,0.27,1074.88,17.8269
Pakistan,01/05/2018,Panels,0.26,1224.15,17.4847
Pakistan,01/06/2018,Panels,0.26,1394.75,13.7342
Pakistan,01/07/2018,Panels,0.25,1493.25,12.4502
Pakistan,01/08/2018,Panels,0.25,1575.09,12.115
Pakistan,01/09/2018,Panels,0.24,1639.31,11.6324
Pakistan,01/10/2018,Panels,0.24,1714.56,10.715
Pakistan,01/11/2018,Panels,0.26,1847.92,10.2217
Pakistan,01/12/2018,Panels,0.27,1977.43,10.1439
Pakistan,01/01/2019,Panels,0.29,2115.44,10.0608
Pakistan,01/02/2019,Panels,0.29,2193.16,10.2373
Pakistan,01/03/2019,Panels,0.28,2330.92,10.2109
Pakistan,01/04/2019,Panels,0.28,2472.25,9.8495
Pakistan,01/05/2019,Panels,0.28,2623.48,9.8158
Pakistan,01/06/2019,Panels,0.27,2720.34,9.7506
Pakistan,01/07/2019,Panels,0.27,2830.21,9.7792
Pakistan,01/08/2019,Panels,0.26,2885.55,9.5225
Pakistan,01/09/2019,Panels,0.26,2960.86,9.3923
Pakistan,01/10/2019,Panels,0.26,3031.49,9.478
Pakistan,01/11/2019,Panels,0.25,3160.47,9.4548
Pakistan,01/12/2019,Panels,0.25,3339.74,9.0846
Pakistan,01/01/2020,Panels,0.24,3575.18,9.2098
Pakistan,01/02/2020,Panels,0.24,3614.7,9.1383
Pakistan,01/03/2020,Panels,0.23,3875.69,9.2019
Pakistan,01/04/2020,Panels,0.23,4076.06,8.2603
Pakistan,01/05/2020,Panels,0.23,4202.38,7.3522
Pakistan,01/06/2020,Panels,0.22,4348.23,7.123
Pakistan,01/07/2020,Panels,0.21,4488.6,7.682
Pakistan,01/08/2020,Panels,0.23,4586.81,11.4979
Pakistan,01/09/2020,Panels,0.23,4684.84,12.9158
Pakistan,01/10/2020,Panels,0.24,4736.15,12.1715
Pakistan,01/11/2020,Panels,0.25,4831.03,11.6937
Pakistan,01/12/2020,Panels,0.25,4930.08,11.2594
Pakistan,01/01/2021,Panels,0.26,4998.13,12.0075
Pakistan,01/02/2021,Panels,0.26,5154.68,12.6371
Pakistan,01/03/2021,Panels,0.26,5390.58,15.1686
Pakistan,01/04/2021,Panels,0.26,5648.58,18.1238
Pakistan,01/05/2021,Panels,0.27,5879.09,23.0454
Pakistan,01/06/2021,Panels,0.28,6067.97,28.9246
Pakistan,01/07/2021,Panels,0.27,6245.01,28.0123
Pakistan,01/08/2021,Panels,0.27,6396.05,27.771
Pakistan,01/09/2021,Panels,0.28,6545.31,29.3327
Pakistan,01/10/2021,Panels,0.28,6691.88,35.131
Pakistan,01/11/2021,Panels,0.28,6893.61,37.5028
Pakistan,01/12/2021,Panels,0.28,7129.15,35.4299
Pakistan,01/01/2022,Panels,0.26,7390.09,32.4082
Pakistan,01/02/2022,Panels,0.26,7515.43,33.5158
Pakistan,01/03/2022,Panels,0.25,7845.23,34.3683
Pakistan,01/04/2022,Panels,0.28,8131.4,34.6084
Pakistan,01/05/2022,Panels,0.29,8466.44,34.0495
Pakistan,01/06/2022,Panels,0.29,9052.15,35.7144
Pakistan,01/07/2022,Panels,0.29,9493.46,38.3667
Pakistan,01/08/2022,Panels,0.29,9699.3,39.3505
Pakistan,01/09/2022,Panels,0.29,9758.65,38.4202
Pakistan,01/10/2022,Panels,0.28,9833.41,37.5388
Pakistan,01/11/2022,Panels,0.28,10020.5,37.4133
Pakistan,01/12/2022,Panels,0.21,10331.33,32.3368
Pakistan,01/01/2023,Panels,0.23,10678.04,20.6239
Pakistan,01/02/2023,Panels,0.23,11200.11,29.1189
Pakistan,01/03/2023,Panels,0.22,12096.22,27.4827
Pakistan,01/04/2023,Panels,0.22,12764.33,24.5086
Pakistan,01/05/2023,Panels,0.22,13110.44,17.5587
Pakistan,01/06/2023,Panels,0.21,13637.16,9.1135
Pakistan,01/07/2023,Panels,0.18,14182.09,8.1583
Pakistan,01/08/2023,Panels,0.18,14582.13,8.9123
Pakistan,01/09/2023,Panels,0.17,15384.81,9.8222
Pakistan,01/10/2023,Panels,0.14,15956.51,9.4768
Pakistan,01/11/2023,Panels,0.14,16791.73,7.7926
Pakistan,01/12/2023,Panels,0.13,17925.45,7.2505
Pakistan,01/01/2024,Panels,0.13,19257.98,6.8617
Pakistan,01/02/2024,Panels,0.13,21551.13,7.1353
Pakistan,01/03/2024,Panels,0.13,24408.2,7.0044
Pakistan,01/04/2024,Panels,0.13,26418.89,5.7164
Pakistan,01/05/2024,Panels,0.12,27302.67,4.4292
Pakistan,01/06/2024,Panels,0.12,29218.27,3.9035
Pakistan,01/07/2024,Panels,0.12,30284.93,3.9001
Pakistan,01/08/2024,Panels,0.11,31436.01,4.0858
Pakistan,01/09/2024,Panels,0.12,31709.89,4.2991
Pakistan,01/10/2024,Panels,0.1,31984.62,4.3698
Pakistan,01/11/2024,Panels,0.1,33159.7,4.206
Pakistan,01/12/2024,Panels,0.09,34309.98,4.0719
Pakistan,01/01/2025,Panels,0.09,36468.49,4.0635
Pakistan,01/02/2025,Panels,0.09,38115.75,4.076
Pakistan,01/03/2025,Panels,0.1,41389.88,4.0895
Pakistan,01/04/2025,Panels,0.1,43734.21,3.9901
Pakistan,01/05/2025,Panels,0.09,46062.99,3.8321
Pakistan,01/06/2025,Panels,0.1,47191.75,3.6974
Pakistan,01/07/2025,Panels,0.09,48088.54,3.861
Pakistan,01/08/2025,Panels,0.1,49688.8,4.6267
Pakistan,01/09/2025,Panels,0.1,50557.99,5.1866
Pakistan,01/10/2025,Panels,0.1,50830.19,5.3072
Pakistan,01/11/2025,Panels,0.1,50903.76,5.3077
Pakistan,01/12/2025,Panels,0.1,51170.14,5.34
Pakistan,01/01/2026,Panels,0.1,51555.87,5.5237
Pakistan,01/02/2026,Panels,0.11,52411.04,5.4137
Pakistan,01/03/2026,Panels,0.11,54010.38,4.7348
Pakistan,01/04/2026,Panels,0.12,54771.36,3.5983
Pakistan,01/05/2026,Panels,0.12,55743.68,3.4977
