company, (Intercept)," lag(logS, 1)"," lag(logS, 2)"," lag(logS, 3)"," lag(logS, 4)"," lag(logS, 5)"," lag(CDS, 1)"," lag(CDS, 2)"," lag(CDS, 3)"," lag(CDS, 4)"," lag(CDS, 5)", SPY, L, Q, VIX, VIX_var, MC, U, D,std.error_(Intercept),"std.error_lag(logS, 1)","std.error_lag(logS, 2)","std.error_lag(logS, 3)","std.error_lag(logS, 4)","std.error_lag(logS, 5)","std.error_lag(CDS, 1)","std.error_lag(CDS, 2)","std.error_lag(CDS, 3)","std.error_lag(CDS, 4)","std.error_lag(CDS, 5)",std.error_SPY,std.error_L,std.error_Q,std.error_VIX,std.error_VIX_var,std.error_MC,std.error_U,std.error_D,statistic_(Intercept),"statistic_lag(logS, 1)","statistic_lag(logS, 2)","statistic_lag(logS, 3)","statistic_lag(logS, 4)","statistic_lag(logS, 5)","statistic_lag(CDS, 1)","statistic_lag(CDS, 2)","statistic_lag(CDS, 3)","statistic_lag(CDS, 4)","statistic_lag(CDS, 5)",statistic_SPY,statistic_L,statistic_Q,statistic_VIX,statistic_VIX_var,statistic_MC,statistic_U,statistic_D,p.value_(Intercept),"p.value_lag(logS, 1)","p.value_lag(logS, 2)","p.value_lag(logS, 3)","p.value_lag(logS, 4)","p.value_lag(logS, 5)","p.value_lag(CDS, 1)","p.value_lag(CDS, 2)","p.value_lag(CDS, 3)","p.value_lag(CDS, 4)","p.value_lag(CDS, 5)",p.value_SPY,p.value_L,p.value_Q,p.value_VIX,p.value_VIX_var,p.value_MC,p.value_U,p.value_D
VZ,0.393,0.87,-0.004,-0.017,0.012,0.02,0,0.001,-0.001,0.001,0,-0.007,0,0.008,0,-0.035,0,NA,NA,0.029,0.022,0.029,0.029,0.029,0.021,0.002,0.002,0.002,0.002,0.002,0.002,0,0.001,0,0.003,0,NA,NA,13.337,39.707,-0.141,-0.586,0.429,0.953,0.286,0.268,-0.652,0.305,-0.068,-4.473,0.843,9.259,-2.139,-12.081,16.361,NA,NA,0,0,0.888,0.558,0.668,0.341,0.775,0.788,0.515,0.76,0.946,0,0.399,0,0.033,0,0,NA,NA
CAT,0.4,0.761,0.009,-0.069,0.006,0.026,-0.008,-0.003,-0.008,0,0.003,0.076,0.018,-0.091,0,-0.073,0,NA,NA,0.029,0.023,0.028,0.028,0.028,0.02,0.004,0.006,0.006,0.006,0.004,0.005,0.002,0.008,0,0.004,0,NA,NA,13.695,33.714,0.332,-2.435,0.2,1.316,-1.987,-0.528,-1.376,0.074,0.854,16.635,11.622,-11.614,7.41,-17.092,23.909,NA,NA,0,0,0.74,0.015,0.841,0.188,0.047,0.597,0.169,0.941,0.393,0,0,0,0,0,0,NA,NA
CVX,1.727,0.564,-0.033,0.057,-0.046,0.011,0.003,-0.005,0.002,-0.01,0.01,-0.008,0.044,-0.024,-0.001,-0.021,0,0.009,0.004,0.052,0.021,0.024,0.024,0.024,0.017,0.003,0.004,0.004,0.004,0.003,0.002,0.008,0.003,0,0.004,0,0.011,0.009,33.4,27.334,-1.413,2.419,-1.92,0.608,0.885,-1.194,0.367,-2.186,2.901,-5.042,5.446,-9.445,-21.251,-5.173,37.224,0.835,0.443,0,0,0.158,0.016,0.055,0.543,0.376,0.233,0.714,0.029,0.004,0,0,0,0,0,0,0.404,0.658
KO,1.058,0.48,-0.024,0.015,-0.007,-0.011,0.005,-0.008,0.007,-0.004,-0.003,0.067,0.014,-0.031,0,-0.015,0,-0.006,0,0.027,0.019,0.021,0.021,0.021,0.015,0.004,0.006,0.006,0.006,0.004,0.002,0.001,0.002,0,0.002,0,0.008,0.006,39.437,25.502,-1.129,0.737,-0.316,-0.771,1.064,-1.286,1.055,-0.642,-0.678,30.082,23.684,-20.655,-2.478,-6.974,46.168,-0.779,0.021,0,0,0.259,0.461,0.752,0.441,0.288,0.199,0.291,0.521,0.498,0,0,0,0.013,0,0,0.436,0.983
DIS,0.298,0.814,0.057,-0.01,-0.031,0.034,0.011,-0.009,0.004,-0.005,0.01,0.022,0.055,-0.011,-0.001,-0.058,0,-0.007,0.005,0.042,0.021,0.027,0.027,0.027,0.02,0.003,0.003,0.003,0.003,0.003,0.004,0.007,0.003,0,0.004,0,0.011,0.009,7.151,38.323,2.081,-0.373,-1.134,1.679,3.927,-2.714,1.112,-1.348,3.411,5.297,8.454,-3.915,-8.339,-14.06,18.341,-0.614,0.534,0,0,0.038,0.709,0.257,0.093,0,0.007,0.266,0.178,0.001,0,0,0,0,0,0,0.539,0.593
XOM,0.585,0.754,0.031,-0.002,-0.023,0.028,0.008,-0.001,-0.005,-0.001,0.008,0.015,0.006,-0.046,0,-0.051,0,-0.005,0.086,0.033,0.021,0.026,0.026,0.026,0.018,0.01,0.015,0.015,0.015,0.01,0.002,0.006,0.004,0,0.004,0,0.016,0.011,17.729,36.444,1.224,-0.089,-0.905,1.515,0.815,-0.039,-0.363,-0.071,0.739,7.713,1.036,-10.541,-6.14,-12.204,23.549,-0.309,7.677,0,0,0.221,0.929,0.365,0.13,0.415,0.969,0.716,0.944,0.46,0,0.3,0,0,0,0,0.757,0
HPQ,-0.16,0.944,0.005,-0.012,0.009,0.015,0.007,-0.007,0,-0.003,0.003,0.036,NA,-0.033,-0.001,-0.082,0,-0.023,NA,0.038,0.023,0.031,0.031,0.031,0.022,0.003,0.004,0.004,0.004,0.003,0.006,NA,0.009,0,0.006,0,0.021,NA,-4.185,41.628,0.163,-0.388,0.278,0.686,2.626,-1.887,0.129,-0.898,0.994,6.531,NA,-3.815,-7.072,-14.761,5.912,-1.062,NA,0,0,0.87,0.698,0.781,0.493,0.009,0.059,0.898,0.369,0.321,0,NA,0,0,0,0,0.288,NA
HD,0.161,0.963,0.022,0.009,-0.066,0.049,0.016,-0.01,-0.004,-0.013,0.011,-0.009,0,-0.01,0,-0.069,0,NA,NA,0.047,0.023,0.031,0.031,0.031,0.022,0.006,0.007,0.007,0.007,0.006,0.007,0,0.004,0,0.004,0,NA,NA,3.423,42.679,0.713,0.285,-2.159,2.189,2.759,-1.415,-0.509,-1.714,1.888,-1.311,-1.088,-2.883,-3.869,-17.795,6.397,NA,NA,0.001,0,0.476,0.776,0.031,0.029,0.006,0.157,0.611,0.087,0.059,0.19,0.277,0.004,0,0,0,NA,NA
IBM,0.81,0.685,0.043,-0.04,-0.013,0.025,0.003,0.005,-0.007,-0.011,0.016,0.051,0.002,0.024,0,-0.043,0,-0.011,-0.011,0.04,0.022,0.027,0.027,0.027,0.02,0.004,0.005,0.005,0.005,0.004,0.002,0.001,0.002,0,0.003,0,0.012,0.009,20.076,30.84,1.602,-1.485,-0.496,1.273,0.763,0.912,-1.314,-2.15,4.363,21.286,3.68,11.733,-8.441,-12.662,29.208,-0.877,-1.203,0,0,0.109,0.138,0.62,0.203,0.446,0.362,0.189,0.032,0,0,0,0,0,0,0,0.381,0.229
JNJ,1.017,0.763,0.007,-0.034,-0.04,0.062,0.003,0.005,-0.007,-0.007,0.012,-0.008,-0.005,-0.005,0,-0.033,0,NA,NA,0.043,0.021,0.027,0.027,0.027,0.019,0.004,0.005,0.005,0.005,0.004,0.003,0.001,0.001,0,0.003,0,NA,NA,23.669,35.961,0.264,-1.259,-1.481,3.306,0.701,0.89,-1.364,-1.387,3.276,-2.97,-3.793,-6.937,-5.229,-12.524,24.898,NA,NA,0,0,0.792,0.208,0.139,0.001,0.483,0.374,0.173,0.166,0.001,0.003,0,0,0,0,0,NA,NA
MCD,0.128,0.933,-0.015,0.049,-0.055,0.027,0.008,-0.008,-0.002,-0.003,0.005,0.013,0,0,0,-0.05,0,NA,-0.007,0.024,0.022,0.03,0.03,0.03,0.022,0.004,0.006,0.006,0.006,0.004,0.004,0,0.001,0,0.003,0,NA,0.007,5.395,41.839,-0.511,1.651,-1.838,1.218,1.818,-1.312,-0.4,-0.584,1.251,3.302,8.529,-0.557,2.241,-15.395,11.462,NA,-0.941,0,0,0.61,0.099,0.066,0.224,0.069,0.19,0.69,0.56,0.211,0.001,0,0.578,0.025,0,0,NA,0.347
PFE,0.407,0.621,-0.028,0.016,-0.054,0.052,0.001,-0.001,0.006,-0.015,0.008,0.08,0,-0.007,0,-0.03,0,-0.01,-0.004,0.017,0.021,0.025,0.025,0.025,0.017,0.004,0.006,0.006,0.006,0.004,0.003,0,0.001,0,0.003,0,0.008,0.007,24.17,29.866,-1.121,0.658,-2.197,2.982,0.243,-0.18,1.132,-2.611,1.864,27.744,0.576,-10.407,3.292,-9.768,35.269,-1.186,-0.585,0,0,0.263,0.511,0.028,0.003,0.808,0.857,0.258,0.009,0.062,0,0.565,0,0.001,0,0,0.236,0.559
PG,0.58,0.79,-0.022,-0.001,-0.035,0.075,0.004,-0.009,0.003,-0.009,0.014,0.018,-0.007,0.013,0,-0.028,0,NA,NA,0.033,0.022,0.028,0.028,0.028,0.02,0.004,0.005,0.005,0.005,0.004,0.003,0.002,0.004,0,0.003,0,NA,NA,17.639,35.945,-0.775,-0.037,-1.248,3.714,0.933,-1.706,0.574,-1.695,3.714,6.109,-4.294,2.897,-0.809,-10.026,20.87,NA,NA,0,0,0.438,0.97,0.212,0,0.351,0.088,0.566,0.09,0,0,0,0.004,0.418,0,0,NA,NA
T,0.313,0.921,0.05,-0.073,0.015,0.024,0.002,-0.001,-0.002,-0.002,0.004,-0.017,-0.001,0.001,0,-0.044,0,NA,-0.001,0.041,0.023,0.03,0.03,0.03,0.022,0.002,0.002,0.002,0.002,0.002,0.003,0.002,0.002,0,0.004,0,NA,0.01,7.715,40.687,1.642,-2.418,0.502,1.055,0.988,-0.37,-1.171,-1.176,2.665,-6.911,-0.366,0.829,-5.765,-11.973,8.895,NA,-0.097,0,0,0.101,0.016,0.616,0.291,0.323,0.712,0.242,0.24,0.008,0,0.715,0.407,0,0,0,NA,0.923
WMT,1.024,0.714,-0.01,-0.009,0.013,0.032,-0.001,-0.005,0.006,0.006,0.002,0.004,-0.04,-0.077,0,-0.025,0,NA,NA,0.044,0.022,0.027,0.027,0.027,0.02,0.004,0.006,0.006,0.006,0.004,0.004,0.002,0.007,0,0.003,0,NA,NA,23.201,32.452,-0.36,-0.331,0.468,1.637,-0.309,-0.788,1.005,1.06,0.358,1.128,-18.181,-10.275,-3.904,-8.258,26.887,NA,NA,0,0,0.719,0.74,0.64,0.102,0.757,0.431,0.315,0.289,0.72,0.26,0,0,0,0,0,NA,NA
CI,0.107,0.96,0.037,-0.044,-0.024,0.046,-0.002,0.006,-0.014,0.01,0.001,0.001,-0.001,-0.02,0,-0.06,0,NA,NA,0.042,0.022,0.03,0.03,0.03,0.021,0.011,0.014,0.014,0.014,0.011,0.006,0.002,0.005,0,0.005,0,NA,NA,2.517,44.152,1.236,-1.472,-0.797,2.164,-0.178,0.442,-1.022,0.721,0.101,0.207,-0.376,-4.096,-4.721,-12.219,7.174,NA,NA,0.012,0,0.217,0.141,0.425,0.031,0.859,0.658,0.307,0.471,0.919,0.836,0.707,0,0,0,0,NA,NA
MO,1.101,0.551,-0.014,-0.013,0.001,-0.004,0.001,0.004,-0.001,-0.006,0.005,0.045,0,-0.036,0,-0.019,0,-0.009,0.006,0.031,0.02,0.024,0.024,0.024,0.017,0.003,0.004,0.004,0.004,0.003,0.002,0,0.002,0,0.003,0,0.008,0.012,35.2,27.24,-0.571,-0.569,0.055,-0.266,0.404,1.02,-0.369,-1.62,2.019,22.975,-6.911,-15.765,-6.897,-6.224,40.944,-1.108,0.468,0,0,0.568,0.57,0.957,0.79,0.686,0.308,0.712,0.105,0.044,0,0,0,0,0,0,0.268,0.64
HCA,1.73,0.104,0.041,-0.011,0.013,0.037,-0.002,0.002,0,0,-0.002,0.091,NA,0.001,0,-0.008,0,NA,NA,0.251,0.036,0.037,0.037,0.037,0.029,0.001,0.002,0.002,0.002,0.001,0.035,NA,0.018,0,0.006,0,NA,NA,6.885,2.892,1.092,-0.284,0.343,1.297,-1.647,1.119,-0.077,0.02,-1.593,2.56,NA,0.08,0.253,-1.281,34.45,NA,NA,0,0.004,0.276,0.776,0.732,0.196,0.101,0.264,0.938,0.984,0.113,0.011,NA,0.936,0.8,0.202,0,NA,NA
IP,0.533,0.591,0.017,0,-0.04,0.03,0.003,0.005,-0.006,-0.006,0.008,0.079,0,0.018,0,-0.045,0,NA,NA,0.019,0.02,0.024,0.024,0.024,0.018,0.003,0.004,0.004,0.004,0.003,0.003,0,0.002,0,0.004,0,NA,NA,28.629,29.138,0.716,-0.004,-1.646,1.686,0.992,1.265,-1.437,-1.518,2.841,31.676,-1.625,10.511,-8.578,-12.339,35.394,NA,NA,0,0,0.474,0.997,0.1,0.092,0.321,0.206,0.151,0.129,0.005,0,0.104,0,0,0,0,NA,NA
RCL,1.528,0.752,-0.019,-0.106,0.102,0.006,0.003,-0.001,-0.005,0.002,0.002,-0.083,-0.002,0.003,-0.002,-0.05,0,-0.009,0.039,0.065,0.026,0.033,0.033,0.033,0.024,0.001,0.001,0.001,0.001,0.001,0.005,0.001,0.003,0,0.008,0,0.017,0.014,23.442,28.515,-0.571,-3.214,3.033,0.252,3.261,-0.67,-3.251,1.446,1.594,-16.235,-1.739,1.234,-12.405,-6.401,27.617,-0.526,2.685,0,0,0.568,0.001,0.002,0.801,0.001,0.503,0.001,0.148,0.111,0,0.082,0.217,0,0,0,0.599,0.007
HES,0.46,0.871,0.003,0.022,-0.09,0.038,0.005,-0.003,-0.001,-0.008,0.006,0.01,0,-0.007,-0.001,-0.08,0,NA,-0.051,0.045,0.025,0.032,0.032,0.032,0.023,0.001,0.002,0.002,0.002,0.001,0.004,0.002,0.001,0,0.007,0,NA,0.027,10.315,35.397,0.101,0.69,-2.79,1.645,3.157,-1.386,-0.389,-3.616,4.422,2.396,0.172,-4.692,-6.798,-11.345,17.123,NA,-1.915,0,0,0.919,0.49,0.005,0.1,0.002,0.166,0.697,0,0,0.017,0.863,0,0,0,0,NA,0.056
BSX,0.239,0.862,0.02,0.009,-0.041,0.04,0.004,-0.002,-0.002,-0.015,0.007,0.002,0,-0.021,0,-0.074,0,0.004,NA,0.031,0.022,0.029,0.029,0.029,0.021,0.005,0.007,0.007,0.007,0.005,0.004,0,0.002,0,0.004,0,0.011,NA,7.689,39.217,0.687,0.304,-1.434,1.926,0.795,-0.296,-0.24,-2.253,1.341,0.383,0.15,-8.956,-2.376,-17.745,15.444,0.309,NA,0,0,0.492,0.761,0.152,0.054,0.427,0.767,0.811,0.024,0.18,0.702,0.881,0,0.018,0,0,0.757,NA
BMY,0.401,0.962,0.002,-0.025,0.027,-0.033,0.014,0.002,-0.014,0.005,-0.004,-0.02,0,0.001,0,-0.048,0,0.003,-0.089,0.04,0.022,0.031,0.031,0.031,0.022,0.005,0.007,0.007,0.007,0.005,0.003,0,0.001,0,0.004,0,0.015,0.015,10.09,42.775,0.056,-0.822,0.866,-1.53,2.671,0.252,-1.99,0.731,-0.692,-6.811,-0.641,1.779,-6.758,-11.851,10.574,0.189,-5.82,0,0,0.956,0.411,0.387,0.126,0.008,0.801,0.047,0.465,0.489,0,0.521,0.075,0,0,0,0.85,0
CPB,1.639,0.387,-0.022,0.01,-0.005,-0.017,-0.003,0.001,-0.005,0.007,-0.004,0.03,0.001,-0.025,0,-0.01,0,0.007,0.003,0.031,0.018,0.02,0.02,0.02,0.014,0.002,0.003,0.003,0.003,0.002,0.001,0,0.003,0,0.003,0,0.01,0.007,52.057,21.305,-1.099,0.519,-0.239,-1.152,-1.604,0.259,-1.748,2.46,-2.011,28.834,4.368,-9.798,7.61,-3.998,54.992,0.725,0.444,0,0,0.272,0.604,0.811,0.249,0.109,0.796,0.081,0.014,0.044,0,0,0,0,0,0,0.469,0.657
CAG,0.007,0.988,-0.109,0.102,-0.023,0.003,0,-0.001,-0.003,0.003,0.001,0.013,-0.003,0.005,0,-0.039,0,-0.015,0.025,0.015,0.023,0.032,0.032,0.032,0.023,0.003,0.004,0.004,0.004,0.003,0.003,0.001,0.002,0,0.004,0,0.012,0.013,0.442,43.011,-3.397,3.176,-0.721,0.148,-0.12,-0.127,-0.799,0.667,0.198,4.984,-2.693,2.087,-0.946,-8.863,8.058,-1.193,2.017,0.658,0,0.001,0.002,0.471,0.882,0.905,0.899,0.424,0.505,0.843,0,0.007,0.037,0.344,0,0,0.233,0.044
GLW,0.231,0.93,0.041,-0.05,0.021,0.012,0,-0.012,0.015,-0.016,0.015,-0.008,-0.015,-0.005,0,-0.079,0,0.003,0.052,0.05,0.021,0.028,0.028,0.028,0.02,0.007,0.009,0.009,0.009,0.007,0.005,0.004,0.001,0,0.004,0,0.017,0.017,4.652,44.819,1.452,-1.794,0.742,0.584,-0.009,-1.362,1.626,-1.754,2.238,-1.415,-4.204,-3.891,-6.065,-17.79,6.502,0.187,3.013,0,0,0.147,0.073,0.458,0.56,0.992,0.174,0.104,0.08,0.025,0.157,0,0,0,0,0,0.852,0.003
DHR,-0.193,0.901,0.084,-0.052,-0.008,0.037,0,-0.002,0.007,-0.003,0.003,0.047,0.002,0,0,-0.07,0,-0.015,0.054,0.046,0.021,0.028,0.028,0.028,0.02,0.004,0.006,0.006,0.006,0.004,0.008,0.004,0.001,0,0.004,0,0.007,0.01,-4.17,43.914,3.035,-1.888,-0.302,1.844,-0.061,-0.249,1.07,-0.507,0.736,5.991,0.433,0.069,-0.414,-19.662,6.011,-2.212,5.548,0,0,0.002,0.059,0.763,0.065,0.951,0.803,0.285,0.612,0.462,0,0.665,0.945,0.679,0,0,0.027,0
TGT,0.131,0.925,-0.066,0.064,-0.012,-0.017,-0.002,-0.01,0.001,0.014,-0.009,0.04,-0.017,-0.029,0,-0.063,0,NA,0.002,0.053,0.024,0.033,0.033,0.033,0.024,0.006,0.009,0.009,0.009,0.006,0.006,0.003,0.005,0,0.005,0,NA,0.019,2.458,37.921,-1.991,1.917,-0.362,-0.699,-0.268,-1.159,0.14,1.528,-1.479,6.455,-5.083,-5.534,3.364,-12.671,13.033,NA,0.124,0.014,0,0.047,0.055,0.718,0.484,0.788,0.247,0.889,0.127,0.139,0,0,0,0.001,0,0,NA,0.901
DE,-0.19,0.899,0.067,-0.023,-0.04,0.015,0.003,-0.005,0,-0.012,0.011,0.068,0.002,0.004,0,-0.075,0,NA,NA,0.039,0.023,0.03,0.03,0.03,0.022,0.005,0.007,0.007,0.007,0.005,0.008,0,0.008,0,0.005,0,NA,NA,-4.936,39.598,2.219,-0.769,-1.323,0.679,0.658,-0.698,-0.066,-1.741,2.203,8.962,5.072,0.522,-1.201,-15.761,10.834,NA,NA,0,0,0.027,0.442,0.186,0.497,0.511,0.485,0.947,0.082,0.028,0,0,0.602,0.23,0,0,NA,NA
D,0.639,0.931,-0.029,-0.023,-0.075,0.099,0.01,0.01,-0.013,-0.023,0.018,-0.032,-0.006,-0.04,-0.001,-0.028,0,NA,-0.024,0.046,0.022,0.03,0.03,0.03,0.021,0.005,0.007,0.007,0.007,0.005,0.003,0.001,0.007,0,0.004,0,NA,0.014,13.789,42.258,-0.981,-0.779,-2.51,4.668,1.999,1.421,-1.87,-3.442,3.589,-10.947,-4.516,-6.104,-9.76,-7.699,13.895,NA,-1.693,0,0,0.327,0.436,0.012,0,0.046,0.155,0.062,0.001,0,0,0,0,0,0,0,NA,0.091
FDX,1.084,0.749,0.012,0.008,-0.005,-0.008,-0.01,0.006,0.003,0.001,-0.001,0.006,-0.008,-0.039,-0.001,-0.063,0,NA,NA,0.058,0.021,0.027,0.027,0.027,0.019,0.004,0.006,0.006,0.006,0.004,0.004,0.002,0.003,0,0.004,0,NA,NA,18.665,35.068,0.445,0.288,-0.179,-0.404,-2.509,0.966,0.504,0.216,-0.23,1.4,-3.839,-11.26,-9.891,-14.318,23.933,NA,NA,0,0,0.657,0.773,0.858,0.686,0.012,0.334,0.614,0.829,0.818,0.162,0,0,0,0,0,NA,NA
F,0.327,0.708,0.009,-0.009,-0.031,0.065,0,0,-0.001,-0.001,0.001,0.005,0.005,-0.011,-0.001,-0.053,0,0.007,0.079,0.025,0.023,0.028,0.028,0.028,0.021,0.001,0.001,0.001,0.001,0.001,0.004,0.001,0.003,0,0.005,0,0.014,0.015,13.137,31.074,0.318,-0.333,-1.089,3.156,-0.166,-0.167,-0.696,-1.028,1.772,1.453,5.459,-3.185,-13.386,-9.855,25.417,0.508,5.355,0,0,0.75,0.739,0.276,0.002,0.868,0.867,0.486,0.304,0.076,0.146,0,0.001,0,0,0,0.612,0
FCX,0.676,0.881,0.023,0.005,-0.028,0.005,-0.003,0.003,-0.002,-0.001,0.001,-0.051,-0.004,-0.013,-0.001,-0.125,0,0.034,0.024,0.069,0.025,0.032,0.032,0.033,0.024,0.001,0.001,0.001,0.001,0.001,0.007,0.001,0.003,0,0.009,0,0.019,0.024,9.785,35.224,0.723,0.152,-0.846,0.224,-3.087,2.271,-1.441,-0.555,0.938,-7.387,-3.044,-4.506,-4.943,-14.395,13.298,1.736,1.017,0,0,0.469,0.879,0.397,0.823,0.002,0.023,0.15,0.579,0.348,0,0.002,0,0,0,0,0.083,0.309
GIS,1.008,0.678,-0.043,0.017,-0.036,0.06,-0.002,0.005,-0.011,0.007,-0.002,-0.009,0.008,0.004,0,-0.024,0,NA,-0.02,0.033,0.021,0.026,0.026,0.026,0.018,0.003,0.004,0.004,0.004,0.003,0.001,0.001,0.005,0,0.003,0,NA,0.011,30.117,32.17,-1.673,0.649,-1.407,3.31,-0.781,1.114,-2.514,1.65,-0.723,-6.784,13.331,0.789,-6.349,-8.371,30.985,NA,-1.772,0,0,0.095,0.516,0.159,0.001,0.435,0.265,0.012,0.099,0.47,0,0,0.43,0,0,0,NA,0.077
HAL,0.049,0.983,-0.072,0.014,-0.029,0.024,0.007,-0.006,-0.001,-0.014,0.015,0.019,0.001,0.008,-0.001,-0.088,0,0.022,0.011,0.035,0.024,0.034,0.034,0.034,0.024,0.003,0.004,0.004,0.004,0.003,0.004,0.001,0.003,0,0.008,0,0.02,0.014,1.378,40.285,-2.132,0.425,-0.856,1.02,2.56,-1.427,-0.191,-3.447,5.545,5.061,0.967,2.647,-9,-11.658,12.524,1.093,0.772,0.168,0,0.033,0.671,0.392,0.308,0.011,0.154,0.848,0.001,0,0,0.334,0.008,0,0,0,0.274,0.44
HSY,0.46,0.805,-0.003,0.091,-0.074,0.007,0.011,0.003,-0.02,0.013,0.003,0.032,0,0.012,0,-0.03,0,NA,NA,0.028,0.022,0.028,0.028,0.028,0.02,0.009,0.012,0.012,0.012,0.009,0.003,0,0.002,0,0.003,0,NA,NA,16.279,37.252,-0.106,3.309,-2.685,0.371,1.26,0.259,-1.663,1.065,0.308,11.749,0.33,7.824,0.365,-9.098,18.847,NA,NA,0,0,0.916,0.001,0.007,0.711,0.208,0.796,0.096,0.287,0.758,0,0.742,0,0.715,0,0,NA,NA
HUM,0.265,0.876,-0.017,0.045,-0.105,0.062,-0.009,-0.024,0.032,-0.027,0.012,0.027,0.026,0.011,0,-0.047,0,NA,NA,0.04,0.022,0.029,0.029,0.029,0.021,0.009,0.011,0.012,0.011,0.009,0.006,0.003,0.004,0,0.005,0,NA,NA,6.711,39.664,-0.585,1.551,-3.583,2.955,-1.043,-2.115,2.783,-2.383,1.312,4.646,9.441,2.609,5.011,-9.485,17.098,NA,NA,0,0,0.559,0.121,0,0.003,0.297,0.035,0.005,0.017,0.19,0,0,0.009,0,0,0,NA,NA
IPG,0.408,0.633,0.02,-0.04,0.023,0.031,-0.005,-0.005,0.005,-0.018,0.008,0.037,0.007,0.001,-0.001,-0.046,0,-0.015,0.004,0.023,0.02,0.024,0.024,0.024,0.017,0.009,0.011,0.011,0.011,0.009,0.002,0.001,0.006,0,0.004,0,0.016,0.016,17.522,31.412,0.824,-1.673,0.974,1.783,-0.528,-0.496,0.45,-1.674,0.919,15.097,7.505,0.091,-14.056,-10.587,29.768,-0.94,0.235,0,0,0.41,0.094,0.33,0.075,0.597,0.62,0.653,0.094,0.358,0,0,0.928,0,0,0,0.347,0.814
K,2.201,0.197,-0.016,-0.006,0.003,-0.004,0,0,0,0,0,0.052,0.004,0.006,0,-0.001,0,NA,0.004,0.025,0.013,0.014,0.014,0.014,0.01,0,0,0,0,0,0.001,0,0.003,0,0.002,0,NA,0.006,86.42,14.834,-1.165,-0.453,0.182,-0.436,1.056,0.408,0.302,0.994,0.888,65.146,20.641,2.097,11.479,-0.914,90.536,NA,0.678,0,0,0.244,0.651,0.855,0.663,0.291,0.683,0.763,0.321,0.375,0,0,0.036,0,0.361,0,NA,0.498
KR,-0.19,0.755,-0.02,0.011,-0.022,0.033,-0.012,0.007,0,0.003,0.002,0.1,0.001,-0.056,0.001,-0.037,0,NA,NA,0.016,0.022,0.028,0.028,0.028,0.02,0.003,0.005,0.005,0.005,0.003,0.004,0.001,0.011,0,0.004,0,NA,NA,-12.019,34.412,-0.711,0.399,-0.784,1.679,-3.515,1.455,0.025,0.631,0.549,23.164,2.058,-5.049,10.735,-8.637,25.219,NA,NA,0,0,0.477,0.69,0.433,0.093,0,0.146,0.98,0.528,0.583,0,0.04,0,0,0,0,NA,NA
LEN,0.385,0.931,-0.017,-0.017,-0.041,0.071,0.001,0.001,-0.002,-0.011,0.012,-0.016,0.002,0.001,-0.001,-0.077,0,0.021,-0.028,0.067,0.024,0.031,0.031,0.031,0.024,0.002,0.002,0.002,0.002,0.002,0.009,0.003,0.001,0,0.006,0,0.016,0.023,5.78,39.04,-0.565,-0.538,-1.305,2.933,0.589,0.603,-0.679,-5.069,7.338,-1.8,0.495,1.179,-6.749,-12.947,11.307,1.285,-1.237,0,0,0.572,0.591,0.192,0.003,0.556,0.546,0.497,0,0,0.072,0.621,0.238,0,0,0,0.199,0.216
LLY,-0.114,0.953,-0.019,-0.044,0.058,-0.002,0.001,-0.001,0.017,-0.019,0.005,0.044,0,-0.003,0,-0.06,0,0.003,0.038,0.03,0.021,0.029,0.029,0.029,0.021,0.01,0.013,0.013,0.013,0.01,0.006,0,0.003,0,0.004,0,0.016,0.016,-3.773,44.455,-0.647,-1.511,1.978,-0.076,0.134,-0.089,1.347,-1.51,0.454,7.754,0.909,-1.102,4.174,-14.432,9.211,0.158,2.364,0,0,0.518,0.131,0.048,0.94,0.894,0.929,0.178,0.131,0.65,0,0.363,0.271,0,0,0,0.875,0.018
LOW,0.172,0.909,0.003,0.004,-0.025,0.016,0.022,-0.014,-0.008,-0.004,0.01,0.026,-0.001,0.003,0,-0.065,0,NA,0.021,0.05,0.023,0.031,0.031,0.031,0.022,0.006,0.008,0.008,0.008,0.006,0.007,0,0.005,0,0.005,0,NA,0.018,3.433,39.78,0.1,0.127,-0.819,0.742,3.804,-1.809,-1.032,-0.443,1.8,3.637,-8.51,0.724,-2.278,-13.812,12.017,NA,1.125,0.001,0,0.92,0.899,0.413,0.458,0,0.071,0.302,0.658,0.072,0,0,0.469,0.023,0,0,NA,0.261
MMC,-0.082,0.937,0.027,0.007,-0.086,0.072,0.002,0.014,0,-0.022,0.008,0.034,-0.001,-0.005,0,-0.06,0,-0.006,-0.045,0.03,0.021,0.028,0.029,0.029,0.021,0.004,0.005,0.005,0.005,0.004,0.005,0.001,0.002,0,0.003,0,0.012,0.012,-2.703,43.605,0.937,0.248,-2.991,3.428,0.425,2.531,-0.057,-4.134,1.923,6.37,-1.035,-3.584,-5.656,-19.846,5.163,-0.475,-3.864,0.007,0,0.349,0.804,0.003,0.001,0.671,0.011,0.955,0,0.055,0,0.301,0,0,0,0,0.635,0
MAS,-0.034,0.871,-0.001,0.002,-0.005,0.01,0.001,0.001,-0.002,-0.007,0.009,0.051,0,-0.011,0,-0.075,0,0.009,NA,0.028,0.021,0.027,0.027,0.027,0.02,0.002,0.003,0.003,0.003,0.002,0.005,0,0.002,0,0.004,0,0.018,NA,-1.179,42.023,-0.021,0.089,-0.187,0.509,0.534,0.256,-0.569,-2.239,3.716,10.082,-11.523,-4.99,3.676,-16.839,15.189,0.501,NA,0.239,0,0.983,0.929,0.852,0.611,0.593,0.798,0.569,0.025,0,0,0,0,0,0,0,0.617,NA
CVS,0.161,0.905,0.015,-0.063,-0.01,0.048,0.002,-0.004,0.002,-0.006,0.005,0.018,0.02,0.007,0,-0.052,0,-0.006,-0.034,0.032,0.023,0.031,0.031,0.031,0.022,0.004,0.006,0.006,0.006,0.004,0.004,0.002,0.001,0,0.004,0,0.015,0.016,4.975,39.457,0.474,-2.06,-0.331,2.161,0.584,-0.648,0.293,-1.013,1.11,5.12,9.837,6.053,-3.486,-13.174,15.649,-0.388,-2.199,0,0,0.635,0.04,0.74,0.031,0.559,0.517,0.769,0.311,0.267,0,0,0,0.001,0,0,0.698,0.028
LH,0.266,0.75,0.037,0.027,-0.041,-0.017,-0.003,0.004,0.002,-0.001,-0.004,0.102,-0.005,-0.007,0,-0.045,0,0.009,-0.061,0.031,0.021,0.026,0.026,0.026,0.019,0.005,0.007,0.007,0.007,0.005,0.006,0.003,0.001,0,0.004,0,0.009,0.016,8.59,35.628,1.404,1.024,-1.579,-0.884,-0.646,0.603,0.257,-0.107,-0.766,16.833,-2.036,-4.442,-3.252,-11.003,20.43,0.962,-3.894,0,0,0.161,0.306,0.115,0.377,0.518,0.547,0.797,0.915,0.444,0,0.042,0,0.001,0,0,0.336,0
NKE,0.216,0.843,0.002,0.029,-0.04,0.046,-0.002,-0.004,-0.005,0.042,-0.027,0.031,0.003,-0.029,0,-0.072,0,NA,NA,0.042,0.021,0.027,0.027,0.027,0.02,0.007,0.01,0.01,0.01,0.007,0.006,0.001,0.002,0,0.004,0,NA,NA,5.141,40.728,0.069,1.081,-1.482,2.371,-0.309,-0.383,-0.534,4.052,-3.723,5.16,2.116,-14.615,-2.211,-16.537,17.098,NA,NA,0,0,0.945,0.28,0.139,0.018,0.758,0.702,0.593,0,0,0,0.035,0,0.027,0,0,NA,NA
NSC,0.204,0.896,0.038,-0.028,-0.019,0.031,0.005,0.001,-0.013,-0.015,0.022,0.014,0.008,-0.013,0,-0.076,0,NA,NA,0.036,0.022,0.03,0.03,0.03,0.021,0.005,0.007,0.007,0.007,0.005,0.005,0.002,0.002,0,0.004,0,NA,NA,5.605,40.525,1.287,-0.928,-0.634,1.445,1.009,0.146,-1.83,-2.027,4.035,2.614,3.254,-5.844,-0.776,-17.86,11.983,NA,NA,0,0,0.198,0.354,0.526,0.148,0.313,0.884,0.067,0.043,0,0.009,0.001,0,0.438,0,0,NA,NA
NUE,0.598,0.664,0.052,-0.016,0.033,-0.001,-0.004,-0.003,0.003,0.009,-0.006,0.029,0.021,-0.001,-0.001,-0.064,0,NA,-0.043,0.029,0.021,0.025,0.025,0.025,0.018,0.004,0.005,0.005,0.005,0.004,0.004,0.013,0.001,0,0.005,0,NA,0.019,20.37,32.368,2.123,-0.648,1.327,-0.056,-0.947,-0.483,0.508,1.789,-1.486,7.083,1.623,-0.764,-12.213,-12.791,28.078,NA,-2.256,0,0,0.034,0.517,0.185,0.955,0.344,0.629,0.611,0.074,0.137,0,0.105,0.445,0,0,0,NA,0.024
OXY,0.084,0.98,-0.058,0.011,0.048,-0.037,0.001,0,0.001,-0.003,0.001,0.008,-0.001,0.022,-0.001,-0.077,0,0.039,0.061,0.055,0.025,0.034,0.034,0.034,0.025,0.001,0.002,0.002,0.002,0.001,0.005,0.001,0.006,0,0.009,0,0.015,0.019,1.529,39.005,-1.67,0.332,1.383,-1.516,0.947,0.218,0.3,-1.581,0.694,1.681,-1.159,3.611,-6.798,-8.882,9.143,2.657,3.252,0.126,0,0.095,0.74,0.167,0.13,0.344,0.827,0.765,0.114,0.488,0.093,0.246,0,0,0,0,0.008,0.001
OMC,0.511,0.483,0.009,-0.031,0.007,0.035,0.005,-0.002,-0.002,0.003,0.005,0.144,0.004,-0.137,0.001,-0.027,0,NA,NA,0.02,0.019,0.022,0.022,0.022,0.016,0.003,0.004,0.004,0.004,0.003,0.004,0,0.008,0,0.003,0,NA,NA,25.459,24.84,0.388,-1.384,0.315,2.19,1.602,-0.46,-0.385,0.576,1.596,40.841,11.615,-18.24,11.047,-8.606,44.808,NA,NA,0,0,0.698,0.166,0.752,0.029,0.109,0.646,0.701,0.565,0.111,0,0,0,0,0,0,NA,NA
COP,0.542,0.837,-0.01,0.03,-0.06,0.054,0,-0.001,-0.003,-0.006,0.009,-0.008,0.004,0.005,-0.001,-0.062,0,0.017,0.049,0.04,0.024,0.03,0.03,0.03,0.022,0.002,0.003,0.002,0.003,0.002,0.003,0.001,0.003,0,0.006,0,0.016,0.016,13.446,35.601,-0.343,1.004,-1.983,2.438,-0.194,-0.569,-1.242,-2.518,4.909,-2.341,2.492,1.753,-9.169,-10.148,16.702,1.029,2.963,0,0,0.731,0.316,0.048,0.015,0.846,0.569,0.214,0.012,0,0.019,0.013,0.08,0,0,0,0.304,0.003
PHM,-0.444,0.859,-0.034,0.008,-0.082,0.069,-0.001,-0.001,0,-0.012,0.012,0.103,0.039,-0.001,0,-0.067,0,-0.006,NA,0.045,0.024,0.03,0.031,0.031,0.023,0.002,0.003,0.003,0.003,0.002,0.008,0.004,0.003,0,0.006,0,0.022,NA,-9.972,35.679,-1.108,0.26,-2.66,2.959,-0.272,-0.249,-0.079,-4.424,6.708,12.904,9.678,-0.263,3.017,-11.453,16.853,-0.269,NA,0,0,0.268,0.795,0.008,0.003,0.785,0.803,0.937,0,0,0,0,0.793,0.003,0,0,0.788,NA
PPG,1.388,0.472,-0.009,0.031,0.005,-0.031,0.005,0.006,-0.004,0.009,0.001,0.089,0.006,-0.002,0,-0.036,0,-0.004,0.076,0.035,0.018,0.02,0.02,0.02,0.015,0.007,0.009,0.009,0.009,0.007,0.003,0.001,0.001,0,0.003,0,0.012,0.012,40.037,26.01,-0.452,1.571,0.242,-2.102,0.714,0.669,-0.463,1.023,0.178,29.313,9.598,-1.657,-6.178,-11.214,42.387,-0.342,6.26,0,0,0.651,0.116,0.809,0.036,0.475,0.504,0.643,0.306,0.859,0,0,0.098,0,0,0,0.733,0
SHW,0.293,0.936,-0.021,0.064,-0.14,0.118,0.009,-0.012,0.001,-0.01,0.014,-0.014,0,-0.012,0,-0.062,0,-0.01,0.014,0.063,0.023,0.031,0.031,0.031,0.022,0.003,0.004,0.004,0.004,0.003,0.009,0,0.004,0,0.004,0,0.011,0.016,4.667,41.185,-0.699,2.081,-4.566,5.27,3.148,-3.038,0.157,-2.648,4.982,-1.593,-1.32,-3.177,-3.899,-14.93,8.899,-0.849,0.874,0,0,0.484,0.038,0,0,0.002,0.002,0.875,0.008,0,0.111,0.187,0.002,0,0,0,0.396,0.382
LUV,0.025,0.794,0.058,-0.085,0.06,0.001,0.001,0.001,-0.003,-0.004,0.006,0.057,-0.003,-0.023,0,-0.066,0,0,-0.079,0.032,0.022,0.028,0.028,0.028,0.02,0.001,0.002,0.002,0.002,0.001,0.005,0.002,0.002,0,0.005,0,0.015,0.022,0.787,36.086,2.093,-3.046,2.165,0.052,0.407,0.292,-1.716,-2.068,4.393,11.608,-1.68,-10.278,3.488,-12.06,18.714,-0.003,-3.664,0.431,0,0.036,0.002,0.031,0.959,0.684,0.77,0.086,0.039,0,0,0.093,0,0,0,0,0.997,0
SWK,0.906,0.852,-0.037,0.022,-0.027,0.031,-0.001,0.004,0,-0.004,0.002,-0.036,0.004,-0.052,0,-0.068,0,NA,NA,0.057,0.021,0.027,0.028,0.027,0.02,0.004,0.006,0.006,0.006,0.004,0.004,0.002,0.006,0,0.005,0,NA,NA,15.883,40.244,-1.33,0.8,-0.967,1.568,-0.152,0.63,-0.087,-0.747,0.418,-9.153,2.027,-9.077,-6.814,-13.653,17.933,NA,NA,0,0,0.184,0.424,0.334,0.117,0.879,0.529,0.931,0.455,0.676,0,0.043,0,0,0,0,NA,NA
TXT,0.048,0.741,0.021,-0.045,0.063,0.027,-0.023,0.018,-0.011,0.017,0.001,0.069,0.002,-0.03,-0.001,-0.068,0,0.008,0.177,0.029,0.02,0.025,0.025,0.025,0.018,0.006,0.008,0.008,0.008,0.006,0.005,0.001,0.006,0,0.005,0,0.013,0.019,1.683,36.371,0.866,-1.831,2.547,1.456,-3.993,2.438,-1.451,2.21,0.238,13.377,2.315,-4.903,-8.792,-13.806,20.39,0.645,9.484,0.092,0,0.387,0.067,0.011,0.145,0,0.015,0.147,0.027,0.812,0,0.021,0,0,0,0,0.519,0
TJX,0.604,0.717,-0.003,0.033,-0.016,0.013,0.003,0.002,0.002,0.003,0.002,0.021,-0.004,-0.014,0,-0.043,0,NA,0.185,0.035,0.02,0.025,0.025,0.025,0.018,0.001,0.001,0.001,0.001,0.001,0.004,0.001,0.002,0,0.004,0,NA,0.015,17.384,35.614,-0.132,1.331,-0.651,0.757,3.737,2.832,3.373,3.913,3.17,5.124,-7.068,-6.012,1.149,-11.1,24.638,NA,12.058,0,0,0.895,0.183,0.515,0.449,0,0.005,0.001,0,0.002,0,0,0,0.251,0,0,NA,0
JCI,-0.058,0.963,0.037,0.006,-0.058,0.034,0.001,-0.004,0.011,-0.019,0.012,0.015,0.002,0.008,0,-0.074,0,-0.012,0.026,0.019,0.021,0.029,0.029,0.029,0.021,0.007,0.01,0.01,0.01,0.007,0.003,0.002,0.003,0,0.004,0,0.017,0.01,-3.115,45.261,1.284,0.216,-1.978,1.616,0.105,-0.377,1.072,-1.863,1.774,4.892,1.049,2.771,-6.964,-17.182,0.901,-0.693,2.683,0.002,0,0.199,0.829,0.048,0.106,0.917,0.706,0.284,0.063,0.076,0,0.294,0.006,0,0,0.368,0.488,0.007
UNP,0.319,0.885,0.033,-0.033,-0.03,0.04,0.012,-0.004,-0.01,-0.016,0.019,0.014,-0.006,-0.007,0,-0.071,0,NA,-0.023,0.036,0.022,0.029,0.029,0.029,0.021,0.005,0.007,0.007,0.007,0.005,0.005,0.001,0.002,0,0.004,0,NA,0.015,8.815,40.729,1.16,-1.167,-1.055,1.939,2.376,-0.627,-1.465,-2.285,3.809,2.883,-6.981,-3.454,1.208,-18.459,14.615,NA,-1.571,0,0,0.246,0.243,0.292,0.053,0.018,0.531,0.143,0.022,0,0.004,0,0.001,0.227,0,0,NA,0.116
UNH,0.064,1.008,-0.016,-0.02,-0.101,0.114,0.012,-0.001,-0.013,-0.018,0.015,-0.001,0,-0.013,0,-0.064,0,NA,NA,0.048,0.023,0.032,0.032,0.032,0.022,0.005,0.007,0.007,0.007,0.005,0.007,0.001,0.01,0,0.004,0,NA,NA,1.337,44.568,-0.493,-0.64,-3.158,5.116,2.175,-0.113,-1.742,-2.436,2.833,-0.111,0.371,-1.203,-3.208,-15.45,4.347,NA,NA,0.181,0,0.622,0.522,0.002,0,0.03,0.91,0.082,0.015,0.005,0.912,0.711,0.229,0.001,0,0,NA,NA
VFC,0.296,0.85,0.033,-0.039,-0.02,0.078,-0.001,0.003,0,0.007,-0.007,-0.002,-0.004,0.007,0,-0.069,0,-0.025,0.058,0.031,0.021,0.028,0.028,0.028,0.02,0.008,0.009,0.009,0.009,0.008,0.003,0.001,0.001,0,0.005,0,0.021,0.012,9.582,40.028,1.191,-1.395,-0.73,3.827,-0.176,0.352,-0.042,0.75,-0.892,-0.735,-4.07,5.422,0.338,-12.963,14.631,-1.203,4.846,0,0,0.234,0.163,0.465,0,0.86,0.725,0.966,0.453,0.373,0.463,0,0,0.736,0,0,0.229,0
WY,0.459,0.877,0.001,0.019,-0.074,0.047,0.002,0.001,0.012,-0.03,0.011,-0.011,-0.004,0.015,-0.001,-0.062,0,0.004,0.01,0.039,0.022,0.029,0.029,0.029,0.021,0.004,0.006,0.006,0.006,0.004,0.004,0.003,0.001,0,0.005,0,0.008,0.013,11.752,39.649,0.031,0.644,-2.554,2.246,0.531,0.183,2.193,-5.261,2.764,-2.592,-1.53,13.008,-12.201,-12.714,13.722,0.484,0.76,0,0,0.975,0.52,0.011,0.025,0.595,0.855,0.028,0,0.006,0.01,0.126,0,0,0,0,0.628,0.448
WHR,0.508,0.671,0.068,-0.058,-0.049,0.03,-0.003,0.015,-0.009,-0.019,0.018,0.117,-0.002,-0.019,0,-0.052,0,NA,NA,0.027,0.021,0.026,0.026,0.026,0.019,0.003,0.004,0.004,0.004,0.003,0.004,0.001,0.007,0,0.005,0,NA,NA,19.125,31.214,2.601,-2.202,-1.859,1.56,-1.158,4.097,-2.408,-5.104,6.806,26.51,-2.758,-2.649,-4.836,-10.546,29.647,NA,NA,0,0,0.009,0.028,0.063,0.119,0.247,0,0.016,0,0,0,0.006,0.008,0,0,0,NA,NA
WMB,0.414,0.922,-0.027,0.058,-0.087,0.074,0.005,-0.007,-0.002,-0.005,0.009,-0.033,0,0,-0.001,-0.085,0,-0.008,0.02,0.047,0.023,0.03,0.03,0.03,0.022,0.002,0.003,0.003,0.003,0.002,0.004,0,0,0,0.007,0,0.012,0.016,8.817,40.741,-0.899,1.912,-2.865,3.322,2.422,-2.486,-0.618,-1.754,4.625,-7.377,-1.926,0.795,-6.98,-12.096,10.474,-0.67,1.259,0,0,0.369,0.056,0.004,0.001,0.016,0.013,0.537,0.08,0,0,0.054,0.427,0,0,0,0.503,0.208
TAP,0.326,0.974,-0.032,-0.051,-0.06,0.092,0,0.002,0.001,-0.003,-0.004,-0.009,0.001,-0.001,0,-0.055,0,0.02,0.023,0.037,0.022,0.03,0.03,0.03,0.021,0.006,0.008,0.008,0.008,0.006,0.003,0.003,0,0,0.005,0,0.013,0.011,8.849,45.181,-1.051,-1.699,-1.973,4.403,0.007,0.27,0.152,-0.375,-0.72,-3.481,0.176,-2.961,-4.955,-11.86,10.98,1.596,2.073,0,0,0.293,0.089,0.049,0,0.995,0.788,0.879,0.708,0.472,0.001,0.86,0.003,0,0,0,0.111,0.038
TSN,0.338,0.785,0.055,-0.076,0.018,0.027,0.004,-0.001,-0.008,0.006,0.001,0.027,0.02,-0.002,0,-0.039,0,-0.012,-0.032,0.025,0.023,0.029,0.029,0.029,0.021,0.004,0.006,0.006,0.006,0.004,0.003,0.003,0.003,0,0.005,0,0.012,0.018,13.737,34.561,1.922,-2.639,0.633,1.274,0.97,-0.187,-1.304,1.034,0.125,10.876,6.138,-0.504,-0.968,-8.594,21.273,-0.964,-1.798,0,0,0.055,0.008,0.527,0.203,0.332,0.852,0.192,0.301,0.901,0,0,0.615,0.333,0,0,0.335,0.072
DHI,0.088,0.865,0.034,-0.024,-0.02,0.007,-0.001,0.004,-0.003,-0.012,0.009,0.04,0.011,-0.007,0,-0.081,0,0.024,-0.006,0.058,0.024,0.03,0.03,0.031,0.023,0.003,0.004,0.004,0.004,0.003,0.009,0.01,0.003,0,0.006,0,0.015,0.022,1.52,36.301,1.102,-0.794,-0.649,0.322,-0.398,1.033,-0.877,-3.251,3.395,4.324,1.059,-2.659,0.826,-14.198,14.214,1.578,-0.256,0.129,0,0.271,0.427,0.516,0.748,0.691,0.302,0.38,0.001,0.001,0,0.29,0.008,0.409,0,0,0.115,0.798
PKG,0.744,0.755,0.013,-0.02,-0.014,0.058,-0.005,-0.006,-0.004,0.002,0.007,-0.002,0.009,-0.006,0,-0.057,0,NA,NA,0.041,0.022,0.027,0.027,0.027,0.02,0.003,0.005,0.005,0.005,0.003,0.004,0.002,0.001,0,0.004,0,NA,NA,17.962,34.414,0.481,-0.732,-0.518,2.876,-1.379,-1.247,-0.816,0.374,2.151,-0.488,5.403,-5.35,-4.037,-13.515,20.995,NA,NA,0,0,0.631,0.464,0.605,0.004,0.168,0.213,0.414,0.709,0.032,0.626,0,0,0,0,0,NA,NA
STZ,0.681,0.832,-0.046,-0.02,-0.024,0.073,0,0.001,-0.002,0.001,-0.001,0.009,-0.007,-0.017,0,-0.042,0,0.011,-0.028,0.037,0.022,0.028,0.028,0.028,0.02,0.001,0.001,0.001,0.001,0.001,0.003,0.003,0.003,0,0.004,0,0.016,0.016,18.195,38.586,-1.628,-0.701,-0.875,3.723,-0.581,1.13,-1.813,1.367,-1.858,3.205,-2.424,-5.979,-0.807,-10.212,20.18,0.674,-1.725,0,0,0.104,0.484,0.381,0,0.561,0.259,0.07,0.172,0.063,0.001,0.015,0,0.42,0,0,0.5,0.085
BWA,0.61,0.625,0,-0.02,0.031,0.015,-0.004,0.002,-0.01,0.004,0.011,0.027,0.075,0.002,-0.001,-0.06,0,0.005,-0.054,0.03,0.02,0.024,0.024,0.024,0.017,0.003,0.004,0.004,0.004,0.003,0.002,0.003,0.002,0,0.005,0,0.018,0.018,20.616,30.909,-0.005,-0.82,1.296,0.877,-1.372,0.408,-2.319,0.813,3.52,13.491,21.488,0.747,-16.296,-12.237,32.352,0.288,-2.946,0,0,0.996,0.413,0.195,0.381,0.17,0.683,0.021,0.416,0,0,0,0.455,0,0,0,0.773,0.003
EMN,0.575,0.674,0.02,0.023,-0.045,0.017,0.005,-0.001,0.001,-0.013,0.012,0.07,0,0,-0.001,-0.056,0,NA,0.089,0.024,0.021,0.025,0.025,0.025,0.019,0.002,0.003,0.003,0.003,0.002,0.003,0.001,0.002,0,0.004,0,NA,0.016,24.392,31.589,0.782,0.903,-1.791,0.898,2.191,-0.217,0.294,-4.74,5.696,20.918,-0.133,0.096,-14.507,-13.305,29.778,NA,5.49,0,0,0.434,0.367,0.073,0.369,0.029,0.828,0.769,0,0,0,0.894,0.923,0,0,0,NA,0
UPS,0.925,0.758,-0.027,0.004,-0.02,-0.001,0.005,-0.001,0.002,-0.005,0.001,0.03,0,-0.011,0,-0.047,0,0.019,0,0.042,0.022,0.027,0.027,0.027,0.019,0.004,0.005,0.005,0.005,0.004,0.004,0,0.002,0,0.003,0,0.013,0.007,21.911,35.056,-0.99,0.134,-0.748,-0.035,1.301,-0.197,0.362,-1.015,0.293,8.47,4.222,-5.993,-6.569,-13.823,25.91,1.482,-0.003,0,0,0.322,0.893,0.455,0.972,0.193,0.844,0.717,0.31,0.77,0,0,0,0,0,0,0.138,0.998
MCK,0.101,0.843,-0.021,-0.03,0.016,0.012,-0.006,0.001,0.008,-0.01,0.006,0.087,0,-0.086,0,-0.053,0,NA,0.014,0.023,0.023,0.029,0.029,0.029,0.021,0.004,0.005,0.005,0.005,0.004,0.005,0,0.011,0,0.004,0,NA,0.017,4.408,37.192,-0.722,-1.021,0.54,0.548,-1.7,0.228,1.526,-2.027,1.514,18.474,-1.532,-7.859,6.797,-12.394,19.724,NA,0.869,0,0,0.471,0.307,0.589,0.584,0.089,0.82,0.127,0.043,0.13,0,0.126,0,0,0,0,NA,0.385
LMT,0.662,0.79,0.061,-0.053,-0.033,0.077,0.006,-0.011,-0.003,-0.013,0.025,0.006,0,0.002,0,-0.045,0,0.004,0.01,0.034,0.021,0.027,0.027,0.027,0.02,0.004,0.005,0.005,0.005,0.004,0.002,0,0.002,0,0.003,0,0.013,0.009,19.644,37.048,2.247,-1.931,-1.221,3.928,1.422,-2.014,-0.562,-2.49,6.03,2.569,4.163,1.171,-3.278,-13.31,21.679,0.274,1.128,0,0,0.025,0.054,0.222,0,0.155,0.044,0.574,0.013,0,0.01,0,0.242,0.001,0,0,0.784,0.26
DRI,0.726,0.883,-0.01,0.023,-0.088,0.013,0.005,-0.007,-0.002,-0.019,0.017,-0.009,-0.012,-0.018,0,-0.068,0,-0.041,0.074,0.057,0.024,0.031,0.032,0.031,0.024,0.002,0.003,0.003,0.003,0.002,0.006,0.001,0.004,0,0.006,0,0.011,0.017,12.664,37.229,-0.316,0.722,-2.813,0.535,2.34,-2.25,-0.598,-6.355,7.944,-1.434,-8.997,-4.394,1.737,-11.825,15.683,-3.6,4.464,0,0,0.752,0.47,0.005,0.593,0.019,0.025,0.55,0,0,0.152,0,0,0.083,0,0,0,0
DGX,0.258,0.845,0.034,0.055,-0.089,0.037,0.006,-0.007,0.005,-0.011,0.006,0.021,-0.007,-0.005,0,-0.047,0,NA,NA,0.026,0.022,0.029,0.029,0.029,0.021,0.004,0.005,0.005,0.005,0.004,0.004,0.007,0.002,0,0.004,0,NA,NA,10.092,37.595,1.184,1.887,-3.063,1.756,1.587,-1.24,0.847,-1.953,1.558,4.731,-1.007,-2.699,-1.271,-12.48,15.254,NA,NA,0,0,0.237,0.059,0.002,0.079,0.113,0.215,0.397,0.051,0.119,0,0.314,0.007,0.204,0,0,NA,NA
PXD,1.874,0.774,0.051,-0.071,0.027,-0.012,-0.005,0.003,-0.003,0.001,0.001,-0.104,-0.001,-0.006,-0.002,-0.06,0,NA,NA,0.095,0.022,0.027,0.027,0.027,0.02,0.002,0.004,0.004,0.004,0.002,0.006,0.003,0.001,0,0.007,0,NA,NA,19.781,35.519,1.859,-2.607,0.98,-0.584,-2.047,0.774,-0.901,0.288,0.225,-16.972,-0.245,-5.514,-16.271,-9.009,20.598,NA,NA,0,0,0.063,0.009,0.327,0.559,0.041,0.439,0.367,0.774,0.822,0,0.806,0,0,0,0,NA,NA
VLO,0.216,0.727,-0.003,0.059,-0.043,0.032,0.002,-0.006,0.006,-0.015,0.014,0.068,-0.009,0.012,0,-0.054,0,NA,NA,0.023,0.022,0.027,0.027,0.027,0.02,0.002,0.003,0.003,0.003,0.002,0.004,0.001,0.004,0,0.006,0,NA,NA,9.565,32.679,-0.104,2.161,-1.584,1.587,1.141,-2.477,2.198,-5.777,7.251,18.949,-7.279,3.003,-4.242,-8.502,23.529,NA,NA,0,0,0.917,0.031,0.113,0.113,0.254,0.013,0.028,0,0,0,0,0.003,0,0,0,NA,NA
YUM,-0.058,0.95,-0.01,0.05,-0.06,0.06,-0.001,-0.002,0,-0.004,0.007,0.013,NA,0,0,-0.06,0,-0.01,0.026,0.02,0.023,0.031,0.031,0.031,0.023,0.001,0.002,0.002,0.002,0.001,0.005,NA,0.002,0,0.004,0,0.011,0.016,-2.931,41.778,-0.329,1.636,-1.941,2.648,-0.418,-1.213,-0.041,-2.48,5.685,2.729,NA,0.29,-3.698,-14.512,1.854,-0.935,1.633,0.003,0,0.742,0.102,0.052,0.008,0.676,0.225,0.967,0.013,0,0.006,NA,0.772,0,0,0.064,0.35,0.103
FE,1.181,0.811,-0.068,0.012,-0.026,0.016,0.007,-0.001,-0.009,0.002,0.004,-0.063,0.004,0.033,-0.001,-0.025,0,-0.02,-0.022,0.05,0.023,0.03,0.03,0.03,0.021,0.003,0.004,0.004,0.004,0.003,0.004,0,0.006,0,0.004,0,0.009,0.009,23.45,35.112,-2.277,0.396,-0.869,0.767,2.4,-0.278,-2.164,0.594,1.284,-17.707,8.739,5.855,-10.779,-6.405,24.933,-2.285,-2.402,0,0,0.023,0.692,0.385,0.443,0.016,0.781,0.031,0.552,0.199,0,0,0,0,0,0,0.022,0.016
SEE,-0.073,0.843,-0.059,0.117,-0.051,0.003,0.001,0.001,0.001,-0.005,0.003,0.065,0,0,0,-0.051,0,0,-0.004,0.013,0.023,0.029,0.029,0.029,0.022,0.002,0.002,0.002,0.002,0.002,0.004,0,0.002,0,0.005,0,0.018,0.018,-5.426,36.92,-2.039,4.033,-1.764,0.149,0.467,0.478,0.495,-2.488,1.719,16.05,-3.026,-0.203,-4.932,-10.515,16.365,0.017,-0.24,0,0,0.042,0,0.078,0.881,0.641,0.633,0.62,0.013,0.086,0,0.003,0.839,0,0,0,0.986,0.811
RSG,-0.028,0.94,0.055,0.016,-0.114,0.082,-0.009,-0.005,0.014,0.007,-0.005,0.012,0.008,-0.017,0,-0.05,0,NA,NA,0.045,0.021,0.028,0.028,0.028,0.02,0.007,0.009,0.009,0.009,0.007,0.004,0.009,0.004,0,0.003,0,NA,NA,-0.611,45.374,1.971,0.585,-4.066,4.001,-1.324,-0.616,1.669,0.798,-0.641,3.057,0.825,-4.443,-4.923,-17.503,4.745,NA,NA,0.541,0,0.049,0.558,0,0,0.186,0.538,0.095,0.425,0.522,0.002,0.409,0,0,0,0,NA,NA
SRE,1.351,0.717,0.044,-0.06,-0.021,0.061,0.001,0.015,-0.025,-0.009,0.013,-0.045,0.009,-0.014,-0.001,-0.025,0,NA,NA,0.056,0.022,0.027,0.027,0.027,0.02,0.004,0.006,0.006,0.006,0.004,0.003,0.001,0.003,0,0.004,0,NA,NA,23.925,32.677,1.621,-2.224,-0.784,3.131,0.303,2.356,-4.022,-1.391,2.844,-14.158,7.575,-4.812,-13.716,-6.829,24.113,NA,NA,0,0,0.105,0.026,0.433,0.002,0.762,0.019,0,0.164,0.005,0,0,0,0,0,0,NA,NA
DVN,0.668,0.87,0.012,0.052,-0.075,0.038,-0.001,0.001,0.004,-0.01,0.005,-0.047,0.007,-0.011,-0.002,-0.085,0,0.005,0.002,0.059,0.024,0.032,0.032,0.032,0.024,0.002,0.002,0.002,0.002,0.002,0.005,0.001,0.003,0,0.009,0,0.032,0.019,11.389,35.799,0.39,1.66,-2.366,1.62,-0.404,0.349,1.775,-4.267,3.169,-9.025,4.517,-3.85,-12.904,-9.792,14.028,0.151,0.113,0,0,0.697,0.097,0.018,0.105,0.686,0.727,0.076,0,0.002,0,0,0,0,0,0,0.88,0.91
NRG,-0.17,0.871,0.033,-0.016,-0.063,0.057,0.001,-0.002,0,-0.005,0.005,0.053,0,-0.003,0,-0.065,0,0.017,-0.101,0.022,0.024,0.031,0.031,0.031,0.023,0.001,0.002,0.002,0.002,0.001,0.004,0,0.002,0,0.006,0,0.011,0.018,-7.827,35.917,1.062,-0.505,-2.02,2.43,0.962,-1.289,0.276,-3.306,4.485,12.811,-0.767,-1.217,4.325,-10.189,14.9,1.505,-5.735,0,0,0.288,0.614,0.043,0.015,0.336,0.197,0.783,0.001,0,0,0.443,0.224,0,0,0,0.132,0
MGM,-0.199,0.889,-0.112,0.028,-0.007,0.034,0.006,-0.007,0.003,-0.002,0.003,0.077,0.011,-0.014,-0.002,-0.064,0,0.12,0.021,0.028,0.024,0.031,0.031,0.031,0.023,0.001,0.002,0.002,0.002,0.001,0.005,0.001,0.001,0,0.007,0,0.019,0.016,-7.012,37.727,-3.641,0.931,-0.214,1.5,4.768,-4.206,1.581,-1.47,2.176,14.549,11.052,-10.91,-12.887,-8.656,18.552,6.249,1.284,0,0,0,0.352,0.83,0.134,0,0,0.114,0.142,0.03,0,0,0,0,0,0,0,0.199
DAL,-0.046,0.682,-0.059,-0.014,0.004,0.039,-0.001,-0.003,0.001,-0.003,0.004,0.123,0,-0.015,0,-0.056,0,0.076,0.044,0.021,0.022,0.026,0.026,0.026,0.02,0.001,0.001,0.001,0.001,0.001,0.004,0,0.003,0,0.006,0,0.013,0.013,-2.235,30.575,-2.234,-0.517,0.168,2.004,-0.548,-1.982,0.919,-2.167,4.433,27.68,-4.267,-4.231,0.838,-9.545,29.565,6.007,3.423,0.025,0,0.026,0.605,0.867,0.045,0.584,0.048,0.358,0.03,0,0,0,0,0.402,0,0,0,0.001
EMR,0.492,0.574,0.015,0.032,-0.061,0.016,-0.003,-0.001,0.009,-0.017,0,0.118,-0.002,-0.01,0,-0.051,0,NA,NA,0.022,0.019,0.022,0.022,0.022,0.016,0.008,0.01,0.01,0.01,0.008,0.004,0.001,0.001,0,0.004,0,NA,NA,22.356,29.901,0.679,1.463,-2.755,1.025,-0.406,-0.074,0.835,-1.604,-0.059,31.217,-1.4,-8.577,-9.344,-13.916,34.919,NA,NA,0,0,0.497,0.144,0.006,0.306,0.685,0.941,0.404,0.109,0.953,0,0.162,0,0,0,0,NA,NA
ITW,0.449,0.894,0.059,-0.011,-0.075,0.078,0.011,0.016,-0.024,0.027,-0.014,-0.022,-0.003,0.004,0,-0.068,0,NA,NA,0.065,0.02,0.027,0.027,0.027,0.02,0.014,0.02,0.02,0.02,0.014,0.007,0.001,0.001,0,0.004,0,NA,NA,6.943,43.637,2.189,-0.395,-2.775,3.928,0.783,0.816,-1.206,1.342,-0.999,-3.165,-2.382,3.833,-7.073,-18.549,8.462,NA,NA,0,0,0.029,0.693,0.006,0,0.434,0.415,0.228,0.18,0.318,0.002,0.017,0,0,0,0,NA,NA
SO,1.864,0.643,-0.068,0.031,-0.073,0.065,0.008,0.002,-0.011,-0.005,0.004,-0.068,-0.017,-0.002,-0.001,-0.016,0,0.003,0.006,0.059,0.021,0.025,0.025,0.026,0.018,0.004,0.005,0.005,0.005,0.004,0.003,0.002,0.002,0,0.003,0,0.011,0.007,31.823,30.664,-2.664,1.229,-2.856,3.633,2.157,0.363,-2.363,-1.08,1.099,-21.913,-10.536,-1.245,-15.092,-5.497,34.045,0.3,0.857,0,0,0.008,0.219,0.004,0,0.031,0.716,0.018,0.28,0.272,0,0,0.213,0,0,0,0.764,0.392
GE,0.028,0.983,-0.003,-0.042,0.025,-0.014,0.001,0.008,-0.006,-0.008,0.007,0.021,0,-0.002,-0.001,-0.067,0,0.026,0.063,0.048,0.025,0.034,0.034,0.034,0.025,0.002,0.002,0.002,0.002,0.002,0.005,0.001,0.002,0,0.006,0,0.011,0.011,0.585,39.595,-0.093,-1.236,0.733,-0.553,0.483,3.127,-2.583,-3.189,3.999,4.584,-0.003,-0.848,-7.731,-10.988,8.883,2.379,5.723,0.559,0,0.926,0.217,0.464,0.58,0.629,0.002,0.01,0.001,0,0,0.998,0.397,0,0,0,0.017,0
DVA,-0.788,0.797,0.077,-0.073,-0.006,0.019,-0.001,0,0,0,0,0.176,0.001,0.02,0.001,-0.069,0,NA,NA,0.055,0.024,0.031,0.031,0.031,0.023,0.001,0.001,0.001,0.001,0.001,0.011,0.001,0.002,0,0.006,0,NA,NA,-14.418,33.247,2.502,-2.369,-0.194,0.825,-0.835,-0.074,0.174,0.056,0.124,16.47,1.934,8.054,8.853,-11.93,16.264,NA,NA,0,0,0.012,0.018,0.846,0.41,0.404,0.941,0.862,0.956,0.901,0,0.053,0,0,0,0,NA,NA
DD,0.226,0.952,-0.038,0.018,0.009,0.02,0.014,-0.008,-0.008,0.002,0.002,0.003,-0.019,-0.026,-0.001,-0.052,0,-0.01,NA,0.099,0.041,0.055,0.056,0.056,0.04,0.009,0.013,0.013,0.013,0.009,0.014,0.008,0.014,0,0.006,0,0.014,NA,2.284,23.407,-0.692,0.315,0.159,0.489,1.516,-0.627,-0.65,0.172,0.184,0.204,-2.393,-1.84,-4.642,-8.17,3.229,-0.701,NA,0.023,0,0.489,0.753,0.874,0.625,0.13,0.531,0.516,0.864,0.854,0.838,0.017,0.066,0,0,0.001,0.483,NA
MOS,0.36,0.81,-0.048,0.081,-0.022,0.03,NA,NA,NA,NA,NA,0.005,-0.016,0.011,-0.002,-0.076,0,NA,-0.055,0.074,0.026,0.033,0.033,0.033,0.024,NA,NA,NA,NA,NA,0.007,0.011,0.005,0,0.009,0,NA,0.029,4.877,31.281,-1.428,2.45,-0.672,1.269,NA,NA,NA,NA,NA,0.806,-1.468,2.048,-12.103,-8.722,15.825,NA,-1.897,0,0,0.153,0.014,0.502,0.205,NA,NA,NA,NA,NA,0.42,0.142,0.041,0,0,0,NA,0.058
DXC,1.841,0.643,0.087,-0.051,-0.191,0.029,0.01,-0.005,-0.001,-0.008,0.014,0.03,-0.001,-0.087,0,-0.041,0,NA,NA,0.435,0.065,0.076,0.077,0.077,0.057,0.006,0.008,0.008,0.009,0.006,0.049,0.021,0.016,0,0.008,0,NA,NA,4.233,9.876,1.139,-0.669,-2.475,0.509,1.495,-0.626,-0.122,-0.997,2.158,0.622,-0.026,-5.444,0.131,-5.417,8.68,NA,NA,0,0,0.256,0.505,0.014,0.611,0.137,0.532,0.903,0.32,0.032,0.535,0.979,0,0.896,0,0,NA,NA
IR,1.659,0.155,-0.034,0.023,-0.023,0.036,NA,NA,NA,NA,NA,0.037,-0.002,0.041,-0.001,0,0,NA,NA,0.122,0.027,0.028,0.028,0.027,0.018,NA,NA,NA,NA,NA,0.015,0,0.005,0,0.004,0,NA,NA,13.62,5.749,-1.221,0.816,-0.856,1.964,NA,NA,NA,NA,NA,2.481,-11.614,8.726,-6.436,0.05,47.919,NA,NA,0,0,0.223,0.415,0.392,0.05,NA,NA,NA,NA,NA,0.013,0,0,0,0.96,0,NA,NA
EOG,0.341,0.671,0.029,-0.042,0.003,0.019,0.011,0.022,-0.012,-0.038,0.024,0.098,0.009,-0.039,-0.002,-0.031,0,NA,NA,0.285,0.035,0.042,0.042,0.041,0.03,0.041,0.041,0.041,0.041,0.029,0.023,0.065,0.006,0,0.013,0,NA,NA,1.196,19.426,0.694,-1.013,0.064,0.635,0.282,0.55,-0.297,-0.934,0.828,4.245,0.138,-6.354,-7.734,-2.461,17.628,NA,NA,0.232,0,0.488,0.312,0.949,0.526,0.778,0.582,0.767,0.351,0.408,0,0.891,0,0,0.014,0,NA,NA
FMC,2.789,0.232,0.002,-0.009,0.017,0.008,NA,NA,NA,NA,NA,0,-0.003,-0.056,0,-0.026,0,NA,NA,0.089,0.025,0.025,0.026,0.025,0.018,NA,NA,NA,NA,NA,0.006,0.002,0.006,0,0.006,0,NA,NA,31.234,9.128,0.096,-0.334,0.69,0.428,NA,NA,NA,NA,NA,0.064,-1.675,-9.095,1.636,-4.539,41.687,NA,NA,0,0,0.923,0.739,0.491,0.669,NA,NA,NA,NA,NA,0.949,0.094,0,0.102,0,0,NA,NA
ED,2.46,0.368,0.01,-0.059,0.032,0.006,NA,NA,NA,NA,NA,-0.024,-0.005,-0.001,-0.001,-0.007,0,NA,NA,0.166,0.038,0.042,0.042,0.042,0.029,NA,NA,NA,NA,NA,0.011,0.015,0.006,0,0.006,0,NA,NA,14.795,9.598,0.248,-1.399,0.769,0.189,NA,NA,NA,NA,NA,-2.094,-0.33,-0.123,-3.929,-1.125,26.93,NA,NA,0,0,0.804,0.162,0.442,0.85,NA,NA,NA,NA,NA,0.037,0.742,0.902,0,0.261,0,NA,NA
CMS,3.127,0.006,0.007,-0.008,-0.006,-0.006,NA,NA,NA,NA,NA,-0.006,0.002,0.007,0,-0.005,0,NA,NA,0.124,0.012,0.012,0.011,0.011,0.009,NA,NA,NA,NA,NA,0.013,0.001,0.006,0,0.003,0,NA,NA,25.289,0.479,0.579,-0.701,-0.572,-0.73,NA,NA,NA,NA,NA,-0.461,2.171,1.177,2.029,-1.558,108.138,NA,NA,0,0.633,0.564,0.485,0.568,0.467,NA,NA,NA,NA,NA,0.646,0.032,0.242,0.045,0.122,0,NA,NA
CNP,2.354,0.001,0.002,-0.001,-0.009,-0.006,NA,NA,NA,NA,NA,0.007,0,-0.004,0,0.003,0,NA,NA,0.086,0.009,0.008,0.008,0.008,0.006,NA,NA,NA,NA,NA,0.008,0.009,0.001,0,0.002,0,NA,NA,27.443,0.102,0.209,-0.133,-1.047,-1.078,NA,NA,NA,NA,NA,0.862,0.037,-3.336,-2.097,1.739,153.188,NA,NA,0,0.919,0.835,0.895,0.298,0.284,NA,NA,NA,NA,NA,0.391,0.97,0.001,0.038,0.085,0,NA,NA
