date,open,hig,low ,close,volume ,change
11-Apr-25,"35,647.35","35,647.35","35,143.89","35,217.14","108,371,483",-533.08
10-Apr-25,"36,219.55","36,338.60","35,722.00","35,750.22","135,096,871",549.81
09-Apr-25,"35,538.18","35,538.18","34,766.56","35,200.41","99,474,387",-461.27
08-Apr-25,"35,870.94","36,092.26","35,654.59","35,661.68","96,363,179",120.37
07-Apr-25,"36,443.81","36,443.81","33,903.46","35,541.31","197,991,870","-1,237.49"
04-Apr-25,"36,822.85","37,456.18","36,728.08","36,778.80","136,698,825",22.57
03-Apr-25,"36,340.29","36,852.92","36,210.24","36,756.23","99,169,114",409.56
27-Mar-25,"36,358.29","36,427.07","36,199.25","36,346.67","83,360,874",50.36
26-Mar-25,"36,284.99","36,399.54","36,031.71","36,296.31","148,588,192",474.7
25-Mar-25,"35,654.18","35,906.51","35,489.09","35,821.61","73,315,029",118.57
24-Mar-25,"36,446.43","36,446.43","35,624.29","35,703.04","83,496,186",-672.47
21-Mar-25,"36,630.35","36,714.78","36,328.50","36,375.51","54,956,759",-156.53
20-Mar-25,"36,345.43","36,727.70","36,345.43","36,532.04","115,106,339",36.41
19-Mar-25,"36,184.98","36,592.29","36,040.42","36,495.63","156,363,897",361.4
18-Mar-25,"36,019.21","36,210.35","35,966.67","36,134.23","109,521,889",227.87
17-Mar-25,"35,755.36","36,086.10","35,720.85","35,906.36","158,747,823",248.24
14-Mar-25,"35,701.13","35,711.13","35,511.68","35,658.12","93,829,575",47.03
13-Mar-25,"35,368.94","35,653.47","35,368.94","35,611.09","111,531,278",353.57
12-Mar-25,"35,389.89","35,453.56","35,214.38","35,257.52","77,898,295",-52.17
11-Mar-25,"35,211.30","35,397.96","35,006.24","35,309.69","94,002,261",-37.5
10-Mar-25,"35,354.00","35,583.12","35,277.06","35,347.19","99,891,492",-110.82
07-Mar-25,"35,400.62","35,569.20","35,391.98","35,458.01","168,816,291",156.18
06-Mar-25,"34,862.36","35,348.26","34,808.40","35,301.83","137,623,567",517.92
05-Mar-25,"35,023.18","35,148.91","34,729.00","34,783.91","52,224,170",-183.67
04-Mar-25,"34,717.60","35,020.51","34,612.54","34,967.58","50,652,849",291.61
03-Mar-25,"35,181.89","35,196.35","34,633.57","34,675.97","40,478,879",-517.96
28-Feb-25,"35,396.58","35,526.11","35,151.10","35,193.93","80,219,673",-193.22
27-Feb-25,"35,437.42","35,602.61","35,371.73","35,387.15","70,891,939",-13.71
26-Feb-25,"35,709.41","35,732.12","35,383.66","35,400.86","109,277,836",-298.09
25-Feb-25,"35,795.81","36,160.31","35,575.52","35,698.95","185,402,257",86.47
24-Feb-25,"35,004.35","35,722.79","34,694.46","35,612.48","120,433,092",576.17
21-Feb-25,"35,571.81","35,571.81","35,036.15","35,036.31","84,067,415",-291.24
20-Feb-25,"35,371.96","35,480.99","35,300.03","35,327.55","218,097,766",35.31
19-Feb-25,"35,440.89","35,561.35","35,203.12","35,292.24","115,864,529",-16.65
18-Feb-25,"34,893.66","35,336.00","34,740.55","35,308.89","65,309,845",502.3
17-Feb-25,"34,999.80","35,092.40","34,743.97","34,806.59","59,720,542",-139.27
14-Feb-25,"35,265.95","35,403.46","34,864.04","34,945.86","89,098,615",-147.98
13-Feb-25,"35,285.90","35,409.91","35,065.41","35,093.84","72,174,181",-217.58
12-Feb-25,"35,475.75","35,500.38","35,191.25","35,311.42","106,600,917",-82.66
11-Feb-25,"34,960.09","35,474.83","34,954.83","35,394.08","115,220,130",596.78
10-Feb-25,"34,522.99","34,850.32","34,257.98","34,797.30","78,382,226",386.12
07-Feb-25,"34,483.61","34,619.47","34,172.18","34,411.18","60,070,879",24.54
06-Feb-25,"35,001.37","35,052.62","34,036.91","34,386.64","92,352,411",-638.02
04-Feb-25,"35,476.90","35,596.00","34,991.84","35,024.66","79,209,131",-334.95
03-Feb-25,"35,930.96","35,969.68","35,321.30","35,359.61","84,778,173",-509.91
31-Jan-25,"35,772.25","36,177.00","35,740.01","35,869.52","103,966,283",304.29
30-Jan-25,"35,032.81","35,639.49","35,024.39","35,565.23","83,280,207",630.84
29-Jan-25,"35,223.70","35,344.56","34,793.58","34,934.39","88,092,635",-201.47
28-Jan-25,"35,613.49","35,703.61","34,900.13","35,135.86","112,153,402",-515.38
27-Jan-25,"3,619.07","36,349.80","35,613.89","35,651.24","106,587,665",-473.73
24-Jan-25,"35,919.93","36,438.21","35,914.53","36,124.97","142,188,126",330.62
23-Jan-25,"35,708.47","35,941.65","35,552.94","35,794.35","150,274,879",159.04
22-Jan-25,"36,163.71","36,239.40","35,589.45","35,635.31","193,610,312",-564.27
21-Jan-25,"36,649.28","36,690.37","36,098.61","36,199.58","147,450,790",-276.58
20-Jan-25,"36,509.72","36,649.64","36,416.49","36,476.16","141,643,072",164.8
17-Jan-25,"35,843.06","36,369.02","35,685.59","36,311.36","143,805,367",549.26
16-Jan-25,"36,101.04","36,152.89","35,678.24","35,762.10","85,206,221",-241.01
15-Jan-25,"36,303.03","36,390.46","35,871.10","36,003.11","157,638,191",-99.16
14-Jan-25,"36,046.45","36,205.34","35,833.78","36,102.27","129,599,319",118.33
13-Jan-25,"35,855.37","36,058.57","35,613.83","35,983.94","107,504,113",272.31
10-Jan-25,"35,396.64","35,802.96","35,217.22","35,711.63","118,264,102",253.55
09-Jan-25,"36,028.09","36,028.09","35,410.77","35,458.08","96,803,861",-494.04
08-Jan-25,"36,756.83","37,172.93","35,820.58","35,952.12","112,937,252",-625.47
07-Jan-25,"36,787.87","36,849.53","35,661.51","36,577.59","167,823,689",-25.77
06-Jan-25,"37,328.96","37,458.79","36,466.40","36,603.36","174,966,486",-461.68
03-Jan-25,"37,056.48","37,208.77","36,403.54","37,065.04","199,485,152",128.02
02-Jan-25,"36,921.07","37,308.60","36,756.99","36,937.02","164,391,058",72.19
01-Jan-25,"36,181.32","36,968.71","35,999.80","36,864.83","190,316,220",682.43
31-Dec-24,"36,771.85","36,771.85","36,076.52","36,182.40","175,718,797",-117.5
30-Dec-24,"35,241.08","36,359.77","35,234.64","36,299.90","168,289,823","1,260.86"
27-Dec-24,"34,855.33","35,270.98","34,646.45","35,039.04","108,734,754",261.01
26-Dec-24,"35,509.68","35,509.68","34,579.52","34,778.03","117,437,845",-730.12
24-Dec-24,"36,043.90","36,328.39","35,451.89","35,508.15","198,799,567",-535.74
23-Dec-24,"35,001.08","36,136.38","34,936.26","36,043.89","216,576,750","1,530.50"
20-Dec-24,"33,317.33","34,626.60","33,114.80","34,513.39","161,567,145","1,160.10"
19-Dec-24,"34,559.47","35,172.74","33,256.52","33,353.29","261,698,691","-1,555.74"
18-Dec-24,"36,152.35","36,697.99","34,847.34","34,909.03","252,892,227","-1,286.99"
17-Dec-24,"36,701.22","36,941.94","35,791.94","36,196.02","313,463,758",-462.78
16-Dec-24,"36,230.70","36,782.79","36,189.33","36,658.80","271,144,513",853.37
13-Dec-24,"35,870.58","36,066.72","35,111.30","35,805.43","182,721,656",104.09
12-Dec-24,"34,602.22","35,801.75","34,602.22","35,701.34","233,460,920","1,272.10"
11-Dec-24,"34,017.85","34,495.83","33,999.03","34,429.24","153,173,658",620.53
10-Dec-24,"34,351.01","34,734.48","33,378.41","33,808.71","236,940,033",-321.95
09-Dec-24,"33,821.93","34,240.98","33,238.28","34,130.66","187,858,105",281.57
06-Dec-24,"33,863.14","34,078.69","33,776.34","33,849.09","193,842,914",155.56
05-Dec-24,"32,763.10","33,742.13","32,626.75","33,693.53","236,416,309","1,139.39"
04-Dec-24,"32,502.56","32,616.37","32,273.04","32,554.14","247,907,864",188.25
03-Dec-24,"32,028.50","32,403.40","31,747.53","32,365.89","254,891,451",396.53
02-Dec-24,"31,636.95","31,996.91","31,636.95","31,969.36","207,722,467",481.1
29-Nov-24,"31,276.43","31,500.79","31,020.90","31,488.26","127,146,764",294.98
28-Nov-24,"31,285.03","31,458.66","30,920.96","31,193.28","158,255,162",160.9
27-Nov-24,"30,337.51","31,114.26","30,216.95","31,032.38","142,253,148","1,587.56"
26-Nov-24,"30,536.04","31,223.09","29,261.07","29,444.82","152,977,883","-1,113.91"
25-Nov-24,"30,494.55","31,048.94","30,246.32","30,558.73","99,723,777",78.02
22-Nov-24,"30,349.53","31,096.46","30,344.58","30,480.71","162,559,979",288.27
21-Nov-24,"29,602.58","30,222.32","29,479.36","30,192.44","104,824,147",614.44
20-Nov-24,"29,685.81","29,938.16","29,466.36","29,578.00","121,725,628",-104.71
19-Nov-24,"29,532.86","29,766.55","29,526.76","29,682.71","124,274,263",201.55
18-Nov-24,"29,533.37","29,579.44","29,341.84","29,481.16","84,707,016",71.04
15-Nov-24,"29,271.88","29,593.77","29,271.87","29,410.12","121,449,005",209.04
14-Nov-24,"29,021.56","29,252.70","29,021.56","29,201.08","128,808,568",270.15
13-Nov-24,"28,954.27","29,086.42","28,800.54","28,930.93","157,503,572",46.01
12-Nov-24,"29,068.42","29,106.41","28,760.67","28,884.92","183,158,918",-132.85
11-Nov-24,"29,033.64","29,223.59","28,910.56","29,017.77","214,434,198",0.81
08-Nov-24,"28,782.23","29,083.30","28,760.34","29,016.96","150,352,382",255.08
07-Nov-24,"28,749.46","28,845.98","28,662.65","28,761.88","107,673,025",97.09
06-Nov-24,"28,849.51","28,980.41","28,641.40","28,664.79","122,168,384",-175.5
05-Nov-24,"28,898.08","28,906.33","28,556.89","28,840.29","159,454,252",96.56
04-Nov-24,"28,659.18","28,816.18","28,534.81","28,743.73","173,693,723",286.07
01-Nov-24,"27,822.07","28,554.68","27,692.65","28,457.66","107,363,036",630.43
31-Oct-24,"28,307.70","28,377.62","27,810.00","27,827.23","90,834,293",-515.86
30-Oct-24,"28,684.28","28,871.04","28,237.66","28,343.09","128,193,308",-212.33
29-Oct-24,"28,425.34","28,761.98","28,383.07","28,555.42","129,935,534",128.28
28-Oct-24,"28,604.86","28,703.61","28,231.20","28,427.14","136,818,503",31.99
25-Oct-24,"28,177.49","28,644.51","28,165.27","28,395.15","191,938,468",352.54
24-Oct-24,"27,465.06","28,109.52","27,407.87","28,042.61","176,391,943",645.62
23-Oct-24,"27,233.92","27,439.61","27,032.32","27,396.99","110,265,519",233.98
22-Oct-24,"27,118.79","27,312.58","27,118.78","27,163.01","76,399,227",118.7
21-Oct-24,"26,837.19","27,085.50","26,833.95","27,044.31","73,238,843",241.27
18-Oct-24,"26,986.00","27,028.21","26,755.20","26,803.04","96,376,906",-180.96
17-Oct-24,"27,303.82","27,333.89","26,951.33","26,984.00","159,324,466",-252.19
16-Oct-24,"27,252.54","27,360.31","27,144.10","27,236.19","150,393,633",2.03
15-Oct-24,"26,992.07","27,251.76","26,847.19","27,234.16","118,074,109",222.48
14-Oct-24,"27,202.93","27,340.86","26,969.04","27,011.68","140,549,602",-147.99
11-Oct-24,"27,129.31","27,246.27","26,915.95","27,159.67","148,340,327",10.7
10-Oct-24,"27,218.25","27,313.51","27,115.35","27,148.97","142,196,358",-67.25
09-Oct-24,"27,322.05","27,515.72","27,156.19","27,216.22","144,613,813",-224.9
08-Oct-24,"27,179.30","27,507.00","27,176.62","27,441.12","195,869,080",243.69
07-Oct-24,"26,755.41","27,259.65","26,600.99","27,197.43","189,285,364",487.31
04-Oct-24,"26,412.05","26,744.25","26,285.52","26,710.12","105,517,674",327.99
03-Oct-24,"26,101.24","26,468.73","26,064.55","26,382.13","101,313,649",306.88
02-Oct-24,"25,972.31","26,196.86","25,908.28","26,075.25","79,648,220",63.94
01-Oct-24,"25,826.12","26,070.85","25,786.19","26,011.31","103,236,597",235.33
30-Sep-24,"25,808.70","25,843.20","25,471.23","25,775.98","63,690,937",-34.39
27-Sep-24,"25,895.49","25,932.45","25,725.47","25,810.37","55,182,213",-64.75
26-Sep-24,"26,292.29","26,308.08","25,827.86","25,875.12","76,098,878",-246.28
25-Sep-24,"25,975.73","26,159.12","25,853.48","26,121.40","86,034,645",218.86
24-Sep-24,"26,013.09","26,044.06","25,735.97","25,902.54","84,288,135",-74.83
23-Sep-24,"26,045.06","26,135.41","25,831.76","25,977.37","107,724,587",-56.93
20-Sep-24,"25,882.03","26,134.90","25,723.89","26,034.30","168,339,310",234.45
19-Sep-24,"25,482.15","25,951.39","25,435.64","25,799.85","94,848,169",331.68
18-Sep-24,"25,228.03","25,500.71","25,208.70","25,468.17","56,983,118",399.58
16-Sep-24,"25,134.12","25,200.75","24,991.77","25,068.59","38,050,927",41.52
13-Sep-24,"24,912.63","25,250.95","24,989.83","25,027.07","95,618,882",114.44
12-Sep-24,"24,850.47","24,973.50","24,756.40","24,912.63","74,300,300",95.72
11-Sep-24,"25,123.62","25,135.96","24,788.23","24,816.91","39,431,554",-256.33
10-Sep-24,"24,912.48","25,086.09","24,849.89","25,073.24","46,918,364",216.82
09-Sep-24,"25,078.86","25,128.53","24,813.70","24,856.42","22,288,868",-151.45
06-Sep-24,"25,050.89","25,102.66","24,996.72","25,007.87","23,792,766",-18.18
05-Sep-24,"25,068.45","25,088.42","24,893.18","25,026.05","38,564,751",13.74
04-Sep-24,"24,878.04","25,023.79","24,878.04","25,012.31","57,856,112",193.45
03-Sep-24,"24,881.62","24,914.37","24,756.67","24,818.86","21,117,423",7.67
02-Sep-24,"24,955.86","25,051.59","24,802.01","24,811.19","37,233,491",-111.98
30-Aug-24,"24,949.21","25,060.95","24,891.89","24,923.17","46,291,762",37.53
29-Aug-24,"24,785.97","24,927.18","24,771.83","24,885.64","29,821,455",123.39
28-Aug-24,"24,828.40","24,837.10","24,740.56","24,762.25","25,976,302",-0.66
27-Aug-24,"24,980.72","25,031.49","24,744.33","24,762.91","39,896,904",-164.72
26-Aug-24,"25,056.39","25,104.92","24,923.43","24,927.63","51,991,867",-67.21
23-Aug-24,"25,050.03","25,121.25","24,985.64","24,994.84","58,384,384",-27.52
22-Aug-24,"24,944.42","25,129.21","24,944.41","25,022.36","49,449,754",132.81
21-Aug-24,"24,851.64","24,938.57","24,808.61","24,889.55","37,769,403",106.12
20-Aug-24,"24,828.02","24,854.36","24,699.77","24,783.43","17,942,747",-93.56
19-Aug-24,"25,013.45","25,083.06","24,763.41","24,876.99","34,560,723",-96.21
16-Aug-24,"25,044.62","25,145.29","24,952.45","24,973.20","39,938,619",-72.01
15-Aug-24,"24,985.41","25,279.90","24,985.41","25,045.21","30,181,202",84.17
13-Aug-24,"24,997.74","25,092.72","24,910.13","24,961.04","36,947,603",-41.33
12-Aug-24,"25,305.03","25,305.02","24,972.86","25,002.37","46,755,209",-176.02
09-Aug-24,"25,055.67","25,280.63","24,979.27","25,178.39","62,308,181",236.17
08-Aug-24,"24,705.82","24,975.31","24,612.85","24,942.22","84,391,942",95.06
07-Aug-24,"24,958.61","25,064.65","24,819.81","24,847.16","57,467,119",-55.38
06-Aug-24,"24,988.39","25,108.05","24,844.21","24,902.54","42,867,604",50.61
05-Aug-24,"25,252.91","25,260.47","24,787.31","24,851.93","91,750,017",-379.01
02-Aug-24,"25,128.80","25,315.90","25,100.01","25,230.94","78,216,648",185.54
01-Aug-24,"25,174.77","25,229.89","24,990.25","25,045.40","36,410,429",-42.05
31-Jul-24,"25,358.57","25,534.72","25,040.24","25,087.45","69,377,055",-242.66
30-Jul-24,"25,527.83","25,530.32","25,246.24","25,330.11","65,727,816",-4.46
29-Jul-24,"25,077.69","25,464.21","25,063.70","25,334.57","56,919,783",250.51
26-Jul-24,"25,176.07","25,229.07","25,030.84","25,084.06","49,331,697",-114.19
25-Jul-24,"25,580.00","25,650.81","25,152.30","25,198.25","54,859,745",-319.86
24-Jul-24,"25,431.01","25,614.48","25,358.52","25,518.11","43,633,704",153.05
23-Jul-24,"25,208.27","25,538.21","25,223.78","25,365.06","43,254,366",156.79
22-Jul-24,"25,619.94","25,655.89","25,117.57","25,208.27","71,129,141",-472.82
19-Jul-24,"25,208.27","26,290.87","25,568.32","25,681.09","87,757,661",-584.08
18-Jul-24,"26,082.58","26,279.37","26,075.79","26,265.17","57,701,443",281.76
15-Jul-24,"25,759.59","26,055.57","25,759.58","25,983.41","79,242,284",482.93
12-Jul-24,"26,567.11","25,648.38","25,070.89","25,500.48","61,757,524",-43.94
11-Jul-24,"25,484.75","25,571.66","25,410.00","25,544.42","52,640,013",75.91
10-Jul-24,"25,801.20","25,820.21","25,457.68","25,468.51","45,770,597",-285.46
09-Jul-24,"25,842.84","25,938.30","25,728.68","25,753.97","99,728,026",-36.04
08-Jul-24,"25,751.95","25,841.60","25,664.74","25,790.01","50,367,894",78.18
05-Jul-24,"25,836.76","25,884.38","25,658.61","25,711.83","57,332,596",-79.98
04-Jul-24,"25,868.48","26,029.12","25,746.79","25,791.81","63,626,187",-7.58
03-Jul-24,"25,631.31","25,881.32","25,631.31","25,799.39","79,037,923",215.83
02-Jul-24,"25,414.81","25,643.66","25,414.81","25,583.56","50,333,057",214.29
01-Jul-24,"25,325.85","25,613.04","25,279.61","25,369.27","56,298,945",87.24
28-Jun-24,"25,482.96","25,505.90","25,249.12","25,282.03","41,571,947",-150.74
27-Jun-24,"25,462.01","25,654.81","25,385.32","25,432.77","50,826,657",51.41
26-Jun-24,"25,195.83","25,500.83","25,195.83","25,381.36","96,823,952",194.33
25-Jun-24,"25,325.19","25,415.05","25,167.83","25,187.03","41,226,743",-116.99
24-Jun-24,"25,638.17","25,706.86","25,273.78","25,304.02","60,780,105",-169.53
21-Jun-24,"25,582.64","25,918.60","25,169.81","25,473.55","92,399,805",35.56
20-Jun-24,"24,746.40","25,469.94","24,746.39","25,437.99","81,162,743",739.54
14-Jun-24,"24,581.17","24,854.99","24,416.05","24,698.45","71,739,324",260.16
13-Jun-24,"23,433.97","24,501.95","23,433.97","24,438.29","139,638,874","1,224.98"
12-Jun-24,"23,128.36","23,354.41","23,112.47","23,213.31","37,012,190",76.44
11-Jun-24,"23,583.25","23,591.02","23,087.29","23,136.87","45,696,010",-263.64
10-Jun-24,"23,653.62","23,677.00","23,329.48","23,400.51","37,773,899",-216.17
07-Jun-24,"23,651.13","23,678.83","22,913.24","23,616.68","97,472,710",-74.58
06-Jun-24,"23,800.46","23,942.59","23,645.42","23,691.26","42,820,846",-88.08
05-Jun-24,"23,913.10","23,949.20","23,743.92","23,779.34","50,885,888",-139.38
04-Jun-24,"24,246.31","24,252.16","23,886.30","23,918.72","60,260,856",-292.88
03-Jun-24,"24,413.37","24,456.77","24,198.37","24,211.60","58,372,968",-131.46
31-May-24,"24,053.07","24,384.18","24,021.86","24,343.06","59,702,334",355.19
30-May-24,"24,066.99","24,160.02","23,934.70","23,987.87","51,399,276",-16.54
29-May-24,"24,290.33","24,322.51","23,977.43","24,004.41","63,215,250",-273.32
27-May-24,"24,482.12","24,509.15","24,268.55","24,277.73","52,979,635",-167.08
24-May-24,"24,167.18","24,512.20","24,164.97","24,444.81","84,048,860",330.84
23-May-24,"24,095.84","24,216.59","23,988.08","24,113.97","59,252,905",30.78
22-May-24,"24,143.39","24,255.68","24,043.39","24,083.19","59,368,372",-59.53
21-May-24,"24,114.24","24,215.51","24,020.37","24,142.72","44,312,280",49.05
20-May-24,"24,242.10","24,295.91","24,017.26","24,093.67","58,583,728",-120.61
17-May-24,"24,164.94","24,250.19","24,115.00","24,214.28","83,749,804",68.6
16-May-24,"24,095.13","24,192.20","24,005.20","24,145.68","62,482,039",74.18
15-May-24,"24,027.63","24,177.18","23,949.86","24,071.50","122,206,451",117.08
14-May-24,"23,682.62","23,978.66","23,682.61","23,954.42","120,544,645",330.74
13-May-24,"23,489.62","23,727.29","23,438.45","23,623.68","116,013,780",196.5
10-May-24,"23,446.86","23,614.76","23,414.91","23,427.18","116,224,476",44.51
09-May-24,"23,493.72","23,514.01","23,328.78","23,382.67","89,537,110",-155.85
08-May-24,"23,621.10","23,658.39","23,450.82","23,538.52","84,819,295",-86.61
07-May-24,"23,771.65","23,817.71","23,601.16","23,625.13","91,454,277",-150.31
06-May-24,"23,760.44","23,906.01","23,737.64","23,775.44","112,993,151",180.59
03-May-24,"23,178.45","23,628.97","23,138.85","23,594.85","122,597,317",360.77
02-May-24,"23,389.16","23,455.24","23,212.77","23,234.08","79,055,719",-160.57
30-Apr-24,"23,573.73","23,730.85","23,378.10","23,394.65","106,961,771",-147.35
29-Apr-24,"24,034.92","24,117.04","23,494.83","23,542.00","96,993,036",-491.86
26-Apr-24,"23,805.51","24,069.71","23,676.58","24,033.86","79,477,965",284.82
25-Apr-24,"23,788.58","23,911.80","23,630.37","23,749.04","100,542,622",-58.77
24-Apr-24,"23,596.69","23,944.84","23,586.58","23,807.81","111,127,951",241.46
23-Apr-24,"23,566.36","23,685.35","23,534.69","23,566.86","105,787,553",-240.95
22-Apr-24,"23,424.02","23,719.44","23,371.89","23,566.35","174,785,169",189.79
19-Apr-24,"23,155.87","23,393.37","23,058.96","23,376.56","116,554,680",282.75
18-Apr-24,"23,191.02","23,225.11","22,904.88","23,093.81","98,879,997",-26.77
17-Apr-24,"23,168.85","23,289.38","23,045.95","23,120.58","97,185,895",-81.97
16-Apr-24,"23,225.88","23,398.51","23,173.55","23,202.55","100,335,756",11.47
15-Apr-24,"23,114.40","23,230.12","22,995.04","23,191.08","101,833,780",58.79
09-Apr-24,"22,997.51","23,333.56","22,997.50","23,132.29","79,316,703",221.49
08-Apr-24,"22,506.70","22,946.23","22,506.69","22,910.80","71,670,907",472.36
04-Apr-24,"22,422.75","22,466.27","22,299.29","22,438.44","96,167,251",187.02
03-Apr-24,"21,967.69","22,293.69","21,962.50","22,251.42","50,083,449",283.7
02-Apr-24,"21,969.49","22,005.43","21,902.56","21,967.72","22,557,970",-5.03
01-Apr-24,"22,082.45","22,136.47","21,944.42","21,972.75","22,129,113",-48.71
29-Mar-24,"22,116.13","22,130.09","21,998.53","22,021.46","43,971,276",-68.53
28-Mar-24,"21,946.92","22,139.85","21,946.91","22,089.99","84,206,752",175.13
27-Mar-24,"21,731.58","21,943.28","21,731.57","21,914.86","57,273,673",207.02
26-Mar-24,"21,605.99","21,737.08","21,564.80","21,707.84","56,139,130",128.84
25-Mar-24,"21,544.70","21,637.12","21,487.10","21,579.00","52,398,260",130.97
22-Mar-24,"21,549.01","21,559.96","21,409.23","21,448.03","26,838,783",-86.52
21-Mar-24,"21,711.07","21,771.85","21,499.80","21,534.55","54,300,245",-197.12
20-Mar-24,"21,778.60","21,846.64","21,708.71","21,731.67","45,245,594",10.75
19-Mar-24,"21,557.85","21,776.81","21,557.76","21,720.92","71,695,522",185.08
18-Mar-24,"21,577.29","21,652.70","21,496.25","21,535.84","27,612,058",-21.02
15-Mar-24,"21,739.77","21,763.23","21,527.85","21,556.86","38,997,883",-155.4
14-Mar-24,"21,412.74","21,760.48","21,412.73","21,712.26","32,085,186",248.29
13-Mar-24,"21,711.89","21,773.00","21,398.31","21,463.97","33,548,603",-283.8
12-Mar-24,"22,023.16","22,062.51","21,706.81","21,747.77","35,402,542",-264.16
11-Mar-24,"22,055.36","22,079.34","21,974.54","22,011.93","37,291,184",3.62
08-Mar-24,"22,095.99","22,162.58","21,990.67","22,008.31","48,616,600",-105.08
07-Mar-24,"22,139.39","22,236.17","21,966.60","22,113.39","49,938,207",-112.97
06-Mar-24,"22,287.65","22,410.82","22,206.96","22,226.36","59,594,193",-58.67
05-Mar-24,"22,460.37","22,461.25","22,208.66","22,285.03","65,999,227",-132.18
04-Mar-24,"22,269.52","22,443.78","22,248.19","22,417.21","89,232,369",271.55
01-Mar-24,"21,968.29","22,202.51","21,876.22","22,145.66","53,204,721",256.58
29-Feb-24,"21,553.60","21,968.35","21,553.59","21,889.08","87,506,039",381.15
28-Feb-24,"21,277.42","21,563.19","21,230.20","21,507.93","82,951,227",202.12
27-Feb-24,"21,349.75","21,410.05","21,205.27","21,305.81","70,376,735",9.59
26-Feb-24,"21,150.07","21,460.86","21,150.06","21,296.22","72,439,149",162.72
23-Feb-24,"20,800.15","21,182.40","20,765.59","21,133.50","72,187,385",282.73
22-Feb-24,"20,723.01","20,867.04","20,621.30","20,850.77","55,515,603",132.3
21-Feb-24,"20,560.54","20,737.87","20,489.08","20,718.47","52,315,941",420.88
20-Feb-24,"20,391.94","20,599.56","20,271.19","20,297.59","46,955,484",-49.26
19-Feb-24,"19,910.78","20,364.80","19,843.45","20,346.85","52,624,265",247.54
16-Feb-24,"20,385.19","20,567.03","20,034.23","20,099.31","73,090,997",-382.1
15-Feb-24,"21,007.15","21,007.15","20,442.50","20,481.41","61,397,050",-473.29
14-Feb-24,"20,847.26","21,092.31","20,795.39","20,954.70","88,960,078",269.59
13-Feb-24,"20,398.57","20,849.20","20,064.13","20,685.11","91,904,447",47.58
12-Feb-24,"21,063.12","21,140.57","20,464.56","20,637.53","67,411,755",-650.72
09-Feb-24,"21,352.45","21,429.34","20,763.26","21,288.25","79,284,776",-423.35
07-Feb-24,"21,663.30","21,734.27","21,632.46","21,711.60","74,165,378",111.43
06-Feb-24,"21,406.91","21,666.96","21,399.73","21,600.17","82,199,536",272.3
02-Feb-24,"21,167.24","21,347.60","21,099.88","21,327.87","53,730,993",178.31
01-Feb-24,"20,988.36","21,181.23","20,880.00","21,149.56","64,210,142",195.24
31-Jan-24,"20,979.15","21,178.30","20,922.99","20,954.32","48,326,317",80.94
30-Jan-24,"21,157.13","21,306.49","20,763.24","20,873.38","84,586,780",-272.43
29-Jan-24,"21,520.74","21,520.74","21,111.49","21,145.81","53,595,457",-388.35
26-Jan-24,"21,670.91","21,797.53","21,501.86","21,534.16","89,291,024",-164.62
25-Jan-24,"21,934.14","22,062.60","21,661.68","21,698.78","148,555,923",-208.02
24-Jan-24,"21,802.41","22,014.47","21,763.24","21,906.80","129,093,944",154.6
23-Jan-24,"21,671.65","21,843.27","21,430.96","21,752.20","143,656,598",150.95
22-Jan-24,"21,296.43","21,661.94","21,239.96","21,601.25","64,982,149",326.05
19-Jan-24,"21,292.56","21,504.19","21,248.80","21,275.20","31,608,895",34.78
18-Jan-24,"21,363.16","21,371.12","20,998.19","21,240.42","61,040,356",-113.82
17-Jan-24,"21,337.07","21,500.97","21,218.05","21,354.24","85,604,288",-1.67
16-Jan-24,"21,541.00","21,541.00","21,230.44","21,355.91","53,829,388",-192.5
15-Jan-24,"21,736.96","21,850.61","21,498.74","21,548.41","72,992,219",-82.44
12-Jan-24,"21,698.68","21,857.33","21,570.14","21,630.85","89,223,892",51.33
11-Jan-24,"21,395.93","21,628.10","21,337.54","21,579.52","71,310,778",238.65
11-Jan-24,"21,395.93","21,628.10","21,337.54","21,579.52","71,310,778",0
10-Jan-24,"21,482.81","21,587.72","21,315.62","21,340.87","64,762,071",-114.84
09-Jan-24,"21,580.34","21,662.26","21,361.67","21,455.71","41,394,105",-16.92
08-Jan-24,"21,617.31","21,762.11","21,451.44","21,472.63","42,676,913",-72.4
07-Jan-24,"25,325.85","25,613.04","25,279.61","25,369.27","56,298,945",87.24
05-Jan-24,"21,678.21","21,766.01","21,270.49","21,545.03","63,879,635",-92.39
04-Jan-24,"21,711.50","21,747.66","21,452.82","21,637.42","55,186,251",3.02
03-Jan-24,"21,620.25","21,837.26","21,494.28","21,634.40","99,580,851",67.47
02-Jan-24,"21,794.31","21,890.47","21,512.40","21,566.93","165,192,768",-49.2
01-Jan-24,"20,863.02","21,641.04","20,849.00","21,616.13","87,684,800",839.59
29-Dec-23,"20,752.90","20,877.91","20,604.45","20,776.54","84,360,372",99.33
28-Dec-23,"20,385.87","20,967.63","20,363.73","20,677.21","101,021,804",398.5
27-Dec-23,"19,719.64","20,336.10","19,563.59","20,278.71","76,863,468",553.82
26-Dec-23,"20,526.86","20,538.63","19,665.06","19,724.89","94,892,164",-836.93
22-Dec-23,"20,982.73","21,026.68","20,510.19","20,561.82","40,075,283",-377.2
21-Dec-23,"21,018.17","21,030.77","20,623.66","20,939.02","60,889,101",45.26
20-Dec-23,"21,027.03","21,176.48","20,410.41","20,893.76","124,436,351",-108.47
19-Dec-23,"21,672.75","21,682.34","20,846.05","21,002.23","120,444,508",-708.52
18-Dec-23,"22,155.19","22,179.95","21,658.51","21,710.75","68,356,359",-333.09
15-Dec-23,"21,989.05","22,132.53","21,853.31","22,043.84","113,408,422",176.32
14-Dec-23,"21,802.77","21,928.89","21,483.35","21,867.52","97,483,606",78.08
13-Dec-23,"22,273.79","22,415.09","21,458.44","21,789.44","173,834,331",-365.28
12-Dec-23,"22,094.95","22,233.51","22,094.30","22,154.72","113,988,545",106.66
11-Dec-23,"22,072.74","22,252.88","21,698.05","22,048.06","153,715,751",-75.08
08-Dec-23,"21,716.68","22,158.45","21,715.10","22,123.14","167,288,578",529.04
07-Dec-23,"21,431.38","21,684.75","21,273.47","21,594.10","159,698,735",242.36
06-Dec-23,"21,098.67","21,395.78","21,091.31","21,351.74","182,471,762",348.08
05-Dec-23,"20,887.01","21,039.81","20,725.32","21,003.66","173,714,479",174.8
04-Dec-23,"20,684.28","21,007.82","20,684.28","20,828.86","191,948,522",274.29
01-Dec-23,"20,246.67","20,597.23","20,215.51","20,554.57","144,483,981",366.13
30-Nov-23,"20,290.08","20,390.65","20,160.82","20,188.44","101,827,601",13.01
29-Nov-23,"20,310.48","20,543.89","20,073.35","20,175.43","126,695,016",-64.2
28-Nov-23,"19,925.22","20,281.83","19,925.21","20,239.63","131,444,430",379.09
27-Nov-23,"19,717.40","19,923.46","19,565.85","19,860.54","114,472,336",223.29
24-Nov-23,"19,620.55","19,770.90","19,595.99","19,637.25","106,260,188",74.44
23-Nov-23,"19,378.43","19,608.64","19,376.61","19,562.81","125,671,571",187.93
22-Nov-23,"19,061.68","19,453.58","19,061.67","19,374.88","106,553,803",328.34
21-Nov-23,"19,006.48","19,162.90","19,006.48","19,046.54","81,749,369",68.14
20-Nov-23,"19,058.66","19,078.87","18,901.28","18,978.40","76,888,265",-68.43
17-Nov-23,"19,257.74","19,329.42","19,013.93","19,046.83","119,824,068",-172.45
16-Nov-23,"19,048.46","19,298.41","18,927.73","19,219.28","162,520,812",218.51
15-Nov-23,"19,073.51","19,098.00","18,909.01","19,000.77","149,010,632",-27.9
14-Nov-23,"19,049.55","19,101.07","18,847.64","19,028.67","121,913,712",40.52
13-Nov-23,"18,666.50","19,006.97","18,666.49","18,988.15","129,600,723",421.79
10-Nov-23,"18,211.94","18,625.32","18,211.94","18,566.36","137,754,698",384.26
08-Nov-23,"17,980.74","18,244.70","17,980.73","18,182.10","117,071,158",192.02
07-Nov-23,"18,036.17","18,174.64","17,971.77","17,990.08","107,661,068",-7.69
06-Nov-23,"17,861.62","18,030.53","17,795.02","17,997.77","79,770,475",193.87
03-Nov-23,"17,777.97","17,861.70","17,694.83","17,803.90","75,404,098",-111.06
02-Nov-23,"17,844.67","17,937.09","17,772.02","17,914.96","85,000,962",10.98
01-Nov-23,"17,838.80","17,951.13","17,838.79","17,903.98","85,881,558",121.87
31-Oct-23,"17,713.40","17,865.36","17,647.07","17,782.11","91,338,634",131.95
30-Oct-23,"17,476.31","17,661.20","17,472.62","17,650.16","73,438,414",152.79
27-Oct-23,"17,561.34","17,497.37","17,446.21","17,497.37","77,649,791",-55.98
26-Oct-23,"17,606.66","17,662.70","17,537.42","17,553.35","64,983,130",16.26
25-Oct-23,"17,494.99","17,675.12","17,480.65","17,537.09","120,496,673",40.59
24-Oct-23,"17,566.14","17,566.14","17,343.29","17,496.50","61,297,406",-100.63
23-Oct-23,"17,529.92","17,735.14","17,529.92","17,597.13","107,359,127",138.13
20-Oct-23,"17,310.63","17,520.12","17,274.84","17,459.00","92,745,904",172.95
19-Oct-23,"16,931.91","17,304.38","16,904.89","17,286.05","115,344,391",375.82
18-Oct-23,"16,928.79","17,011.16","16,883.91","16,910.23","50,743,385",-47.87
17-Oct-23,"17,084.47","17,149.56","16,943.56","16,958.10","78,665,951",-167.73
16-Oct-23,"17,163.24","17,257.46","16,992.18","17,125.83","82,247,818",-5.67
13-Oct-23,"16,923.75","17,138.43","16,886.64","17,131.50","99,132,644",225.25
12-Oct-23,"16,817.41","16,931.92","16,767.68","16,906.25","72,919,115",114.29
11-Oct-23,"16,670.08","16,808.53","16,667.40","16,791.96","64,757,996",142.38
10-Oct-23,"16,515.52","16,666.60","16,503.42","16,649.58","55,723,978",146.06
09-Oct-23,"16,336.18","16,514.11","16,260.76","16,503.52","38,472,992",129.65
06-Oct-23,"16,397.48","16,424.74","16,338.50","16,373.87","55,653,040",-73.71
05-Oct-23,"16,375.32","16,473.57","16,375.32","16,447.58","80,082,510",102.85
04-Oct-23,"16,198.69","16,392.78","16,195.18","16,344.73","48,561,062",143.07
03-Oct-23,"16,176.90","16,226.60","16,154.52","16,201.66","37,772,858",52.34
02-Oct-23,"16,017.65","16,185.38","16,017.64","16,149.32","53,699,478",160.11
28-Sep-23,"16,088.92","16,090.67","15,969.47","15,989.21","47,273,367",-183.18
27-Sep-23,"16,155.38","16,216.46","16,124.49","16,172.39","55,847,590",20.68
26-Sep-23,"16,213.90","16,242.59","16,144.23","16,151.71","32,756,141",-66.9
25-Sep-23,"16,280.44","16,302.22","16,191.34","16,218.61","31,703,997",-41.61
22-Sep-23,"16,256.51","16,301.20","16,176.94","16,260.22","44,770,565",52.77
21-Sep-23,"16,093.16","16,245.97","16,024.12","16,207.45","46,768,106",120.48
20-Sep-23,"16,153.76","16,176.82","16,064.66","16,086.97","23,796,936",-51.59
19-Sep-23,"16,131.56","16,205.98","16,127.16","16,138.56","28,021,939",26.33
18-Sep-23,"16,109.38","16,152.12","16,063.78","16,112.23","25,623,661",20.46
15-Sep-23,"16,204.05","16,239.27","16,073.20","16,091.77","111,668,552",24.37
14-Sep-23,"16,057.89","16,126.03","16,040.62","16,067.40","18,360,788",-12.71
13-Sep-23,"16,059.29","16,139.97","16,056.69","16,080.11","26,704,033",17.16
12-Sep-23,"16,197.09","16,197.09","16,044.61","16,062.95","46,117,099",-120.02
11-Sep-23,"16,274.32","16,312.30","16,129.18","16,182.97","51,583,020",-62.72
08-Sep-23,"16,193.27","16,275.74","16,155.67","16,245.69","51,612,583",83.95
07-Sep-23,"16,224.71","16,305.35","16,142.03","16,161.74","69,424,370",-42.59
06-Sep-23,"16,115.32","16,225.33","16,071.37","16,204.33","42,832,268",100.28
05-Sep-23,"16,254.98","16,297.78","16,066.91","16,104.05","30,166,706",-148.41
04-Sep-23,"16,166.59","16,286.74","16,146.86","16,252.46","36,101,301",164.73
01-Sep-23,"15,969.56","16,106.68","15,885.35","16,087.73","35,738,951",117.81
31-Aug-23,"16,438.17","16,480.06","15,734.77","15,969.92","114,566,990",-450.83
30-Aug-23,"16,610.28","16,660.11","16,361.71","16,420.75","62,792,908",-199.93
29-Aug-23,"16,797.40","16,825.31","16,537.98","16,620.68","63,418,607",-256.59
28-Aug-23,"16,965.47","16,973.86","16,855.36","16,877.27","42,629,186",-93.54
25-Aug-23,"17,001.48","17,014.35","16,926.57","16,970.81","47,710,763",-35.57
24-Aug-23,"16,900.06","17,095.13","16,900.06","17,006.38","83,600,775",152.69
23-Aug-23,"16,838.94","16,899.07","16,668.57","16,853.69","73,246,672",52.26
22-Aug-23,"16,798.06","16,901.60","16,751.73","16,801.43","48,215,992",-26.13
21-Aug-23,"17,091.74","17,123.71","16,811.14","16,827.56","46,516,913",-302.71
18-Aug-23,"17,215.42","17,304.29","17,119.23","17,130.27","91,434,337",-58.39
17-Aug-23,"17,043.86","17,208.41","17,006.02","17,188.66","66,091,983",63.68
16-Aug-23,"17,283.76","17,293.30","17,108.63","17,124.98","50,565,706",-155.31
15-Aug-23,"17,266.32","17,350.29","17,161.91","17,280.29","66,935,063",77.71
11-Aug-23,"16,986.15","17,426.25","16,986.14","17,202.58","120,151,324",257.87
10-Aug-23,"17,261.76","17,271.99","16,848.08","16,944.71","115,716,671",-265.37
09-Aug-23,"16,847.24","17,253.55","16,799.23","17,210.08","131,829,699",312.68
08-Aug-23,"17,231.31","17,262.30","16,857.26","16,897.40","127,028,460",-350.05
07-Aug-23,"17,387.77","17,526.03","17,201.29","17,247.45","146,897,616",-122.68
04-Aug-23,"17,347.20","17,476.78","17,289.62","17,370.13","121,402,631",-11.06
03-Aug-23,"17,536.00","17,687.20","17,355.19","17,381.19","167,562,105",-98.4
02-Aug-23,"17,274.74","17,510.97","17,233.15","17,479.59","195,912,613",219.7
01-Aug-23,"17,196.55","17,357.10","17,162.27","17,259.89","151,283,804",63.34
31-Jul-23,"16,948.49","17,228.27","16,929.58","17,196.55","161,969,808",387.88
27-Jul-23,"16,631.95","16,925.85","16,631.27","16,808.67","158,003,008",116.9
26-Jul-23,"16,654.48","16,719.13","16,615.67","16,691.77","119,231,216",78.24
25-Jul-23,"16,462.35","16,665.96","16,428.97","16,613.53","78,734,416",157.62
24-Jul-23,"16,452.52","16,481.24","16,371.07","16,455.91","84,350,816",60.15
21-Jul-23,"16,251.29","16,468.30","16,251.22","16,395.76","108,381,872",165.38
20-Jul-23,"16,101.53","16,253.71","16,097.38","16,230.38","89,450,288",152.84
19-Jul-23,"16,005.20","16,118.90","15,962.51","16,077.54","87,581,352",110.82
18-Jul-23,"15,987.60","16,014.90","15,894.00","15,966.72","66,865,680",1.9
17-Jul-23,"16,014.86","16,071.65","15,951.45","15,964.82","61,494,920",-50.49
14-Jul-23,"16,155.77","16,177.61","16,006.18","16,015.31","68,869,184",-88.35
13-Jul-23,"16,203.04","16,360.20","16,091.50","16,103.66","168,934,018",-99.38
12-Jul-23,"16,059.75","16,240.97","16,063.46","16,203.04","130,507,784",172.49
12-Jul-23,"16,059.75","16,240.97","16,063.46","16,203.04","130,507,784",0
11-Jul-23,"15,895.36","16,082.13","15,909.10","16,030.55","153,726,496",155.28
10-Jul-23,"182,855,392.00","15,921.16","15,823.59","15,875.27","142,682,384",70.8
07-Jul-23,"15,756.60","15,828.94","15,726.65","15,804.47","83,626,344",30.04
06-Jul-23,"15,522.55","15,785.77","15,501.91","15,774.43","116,661,912",275.2
05-Jul-23,"15,498.95","15,709.23","15,470.43","15,499.23","136,590,288",0.28
04-Jul-23,"15,570.21","15,845.77","15,469.61","15,498.95","177,662,304",-71.26
03-Jul-23,"15,474.39","15,593.48","15,407.65","15,570.21","71,529,536",933.49
27-Jun-23,"14,646.97","14,719.80","14,560.08","14,636.72","82,360,696",-20.79
26-Jun-23,"14,238.97","14,678.45","14,233.21","14,657.51","78,389,664",526.34
23-Jun-23,"14,182.11","14,220.13","14,092.47","14,131.17","32,990,188",-43.54
22-Jun-23,"14,167.88","14,250.80","14,161.69","14,174.71","18,996,492",-3.22
21-Jun-23,"14,319.97","14,357.18","14,168.59","14,177.93","24,930,832",-128.95
20-Jun-23,"14,262.71","14,323.82","14,232.36","14,306.88","37,164,288",46.3
19-Jun-23,"14,531.26","14,584.48","14,247.87","14,260.58","48,086,512",-280.61
16-Jun-23,"14,605.21","14,659.39","14,531.93","14,541.19","44,750,680",-50.27
15-Jun-23,"14,673.10","14,674.74","14,526.97","14,591.46","47,505,584",-61.57
14-Jun-23,"14,678.46","14,748.50","14,631.78","14,653.03","66,312,480",-17.29
13-Jun-23,"14,776.11","14,858.82","14,660.23","14,670.32","39,224,968",-76.83
12-Jun-23,"14,789.12","14,836.14","14,689.77","14,747.15","59,522,816",-56.68
09-Jun-23,"14,742.78","14,839.18","14,721.08","14,803.83","65,909,856",61.47
08-Jun-23,"14,951.14","14,978.33","14,723.05","14,742.36","83,771,256",-200.89
07-Jun-23,"14,890.52","14,982.68","14,868.30","14,943.25","84,119,312",70.55
06-Jun-23,"14,831.29","14,929.94","14,825.43","14,872.70","86,196,416",74.26
05-Jun-23,"14,677.45","14,815.98","14,672.51","14,798.44","55,361,144",134.31
02-Jun-23,"14,656.89","14,711.22","14,625.15","14,664.13","25,539,016",5.91
01-Jun-23,"14,703.72","14,742.88","14,642.97","14,658.22","25,560,460",-21.85
31-May-23,"14,832.28","14,894.01","14,658.06","14,680.07","46,128,168",-137.97
30-May-23,"14,682.04","14,826.07","14,672.27","14,818.04","50,876,904",154.58
29-May-23,"14,549.52","14,787.43","14,545.94","14,663.46","45,241,864",131.53
26-May-23,"14,585.58","14,624.14","14,454.64","14,531.93","54,515,856",-43.75
25-May-23,"14,605.36","14,628.10","14,531.96","14,575.68","34,480,856",-19.67
24-May-23,"14,622.29","14,697.52","14,583.35","14,595.35","21,046,602",-11.72
23-May-23,"14,659.70","14,695.21","14,604.73","14,607.07","23,405,532",-48.49
22-May-23,"14,781.95","14,808.35","14,631.53","14,655.56","23,669,740",-132.79
19-May-23,"14,762.08","14,810.34","14,712.49","14,788.35","30,735,808",13.54
18-May-23,"14,953.40","14,994.11","14,736.50","14,774.81","29,311,652",-168.75
17-May-23,"15,040.59","15,076.81","14,939.92","14,943.56","26,682,226",-82.25
16-May-23,"14,958.42","15,053.58","14,953.86","15,025.81","47,467,540",119.15
15-May-23,"14,832.79","14,916.68","14,733.38","14,906.66","26,418,496",64.71
12-May-23,"14,865.00","14,922.59","14,805.19","14,841.95","28,694,746",65.69
11-May-23,"14,776.26","14,912.76","14,732.57","14,776.26","23,134,344",43.69
11-May-23,"27,232.31","27,390.26","27,185.62","27,303.45","96,804,680","12,527.19"
10-May-23,"14,823.90","14,939.00","14,708.67","14,732.57","32,409,940",-206.43
09-May-23,"15,114.94","15,115.42","14,896.43","14,939.00","57,224,688",-175.81
08-May-23,"15,307.76","15,407.93","15,084.87","15,114.81","64,425,468",-293.12
05-May-23,"15,351.32","15,422.22","15,294.25","15,407.93","55,209,628",48.78
04-May-23,"15,371.77","15,412.70","15,343.53","15,359.15","60,983,216",-9.4
03-May-23,"15,401.54","15,430.84","15,303.47","15,368.55","96,998,040",37.28
02-May-23,"15,257.19","15,376.18","15,203.82","15,331.27","52,901,576",-44.91
28-Apr-23,"15,393.09","15,482.17","15,346.11","15,376.18","79,394,248",8.38
27-Apr-23,"15,280.45","15,391.35","15,236.35","15,367.80","51,505,536",73.47
26-Apr-23,"15,398.89","15,417.77","15,270.40","15,294.33","59,618,844",-12.39
20-Apr-23,"15,159.29","15,333.73","15,095.58","15,306.72","52,969,808",211.14
19-Apr-23,"15,033.85","15,109.12","14,995.11","15,095.58","23,973,916",15.15
18-Apr-23,"15,007.41","15,101.46","14,985.29","15,080.43","17,287,078",88.05
17-Apr-23,"15,023.50","15,056.89","14,969.94","14,992.38","22,158,760",2.98
13-Apr-23,"15,024.59","15,087.15","14,949.02","14,989.40","24,733,200",28.58
12-Apr-23,"14,809.51","14,986.93","14,804.99","14,960.82","20,589,016",153.66
11-Apr-23,"14,848.47","14,860.83","14,785.47","14,807.16","10,496,072",-26.02
10-Apr-23,"14,921.91","14,968.44","14,820.76","14,833.18","12,772,538",-81.82
07-Apr-23,"15,086.95","15,124.32","14,899.32","14,915.00","30,427,364",-131.09
06-Apr-23,"14,794.50","15,059.38","14,761.57","15,046.09","59,792,120",284.52
05-Apr-23,"14,778.05","14,840.10","14,748.26","14,761.57","22,505,768",10.57
04-Apr-23,"14,832.07","14,836.30","14,660.90","14,751.00","23,528,756",-70.23
03-Apr-23,"14,870.53","14,911.17","14,811.45","14,821.23","18,183,782",-31.58
31-Mar-23,"14,764.20","14,854.18","14,737.14","14,852.81","36,119,396",85.79
30-Mar-23,"14,779.65","14,835.64","14,745.30","14,767.02","30,561,130",-4.34
29-Mar-23,"14,828.51","14,868.10","14,756.11","14,771.36","19,748,450",-55.94
28-Mar-23,"14,789.00","14,878.62","14,786.88","14,827.30","20,337,572",40.42
27-Mar-23,"14,734.32","14,813.53","14,682.18","14,786.88","22,460,048",48.36
24-Mar-23,"14,885.20","14,915.75","14,718.27","14,738.52","12,400,827",-177.23
22-Mar-23,"15,090.95","15,137.19","14,902.73","14,915.75","32,446,786",-172.28
21-Mar-23,"15,041.28","15,121.44","14,994.96","15,088.03","41,268,384",44.86
20-Mar-23,"15,206.23","15,352.01","15,036.17","15,043.17","54,578,336",-308.84
17-Mar-23,"15,524.66","15,563.73","15,315.15","15,352.01","56,928,612",-166.23
16-Mar-23,"15,619.63","15,663.59","15,500.75","15,518.24","54,654,580",-70
15-Mar-23,"15,553.14","15,654.15","15,478.15","15,588.24","52,068,360",5.71
14-Mar-23,"15,607.77","15,657.62","15,517.94","15,582.53","70,658,512",-75.09
13-Mar-23,"15,598.33","15,772.49","15,551.73","15,657.62","116,666,736",105.89
10-Mar-23,"15,537.96","15,662.84","15,494.56","15,551.73","88,531,056",-111.11
09-Mar-23,"15,583.91","15,672.24","15,551.39","15,662.84","75,341,392",72.84
08-Mar-23,"15,595.80","15,669.81","15,527.37","15,590.00","59,276,179",62.63
07-Mar-23,"15,585.53","15,590.48","15,509.14","15,527.37","69,828,936",-48.66
06-Mar-23,"15,601.14","15,727.87","15,557.98","15,576.03","87,281,669",-7.76
03-Mar-23,"15,229.16","15,595.58","15,175.70","15,583.79","72,016,240",270.38
02-Mar-23,"15,130.22","15,383.22","15,119.99","15,313.41","68,416,880",160.25
01-Mar-23,"15,175.19","15,215.93","14,968.44","15,153.16","72,038,656",-33.78
28-Feb-23,"15,349.56","15,361.30","15,158.40","15,186.94","43,413,936",-164.59
27-Feb-23,"15,327.02","15,385.21","15,274.16","15,351.53","68,997,872",25.65
24-Feb-23,"15,416.64","15,435.25","15,316.43","15,325.88","54,028,368",-82.11
23-Feb-23,"15,530.28","15,530.28","15,374.74","15,407.99","65,277,520",-120.29
22-Feb-23,"15,440.02","15,549.57","15,393.77","15,528.28","80,205,136",95.64
21-Feb-23,"15,324.95","15,439.64","15,324.95","15,432.64","33,481,248",107.69
20-Feb-23,"15,520.26","15,527.03","15,300.77","15,324.95","32,684,850",-180.23
17-Feb-23,"15,484.39","15,553.53","15,441.52","15,505.18","34,631,592",16.57
16-Feb-23,"15,605.70","15,693.11","15,464.61","15,488.61","60,119,932",-80.07
15-Feb-23,"15,400.22","15,630.27","15,345.16","15,568.68","55,452,864",153.28
14-Feb-23,"15,679.04","15,714.20","15,366.91","15,415.40","66,146,800",-235.74
13-Feb-23,"15,657.54","15,777.56","15,621.03","15,651.14","67,443,432",-31.14
10-Feb-23,"15,842.50","16,072.15","15,643.97","15,682.28","133,634,832",-339.08
09-Feb-23,"15,825.91","16,063.78","15,745.93","16,021.36","128,706,432",275.43
08-Feb-23,"15,653.86","15,814.23","15,610.97","15,745.93","99,126,904",82.99
07-Feb-23,"15,619.53","15,744.27","15,494.02","15,662.94","108,404,680",168.92
06-Feb-23,"15,297.35","15,551.31","15,162.58","15,494.02","72,478,704",331.44
03-Feb-23,"15,221.43","15,303.48","15,095.21","15,162.58","34,642,304",-67.2
02-Feb-23,"15,132.37","15,253.73","15,049.59","15,229.78","48,124,768",59.37
01-Feb-23,"15,224.53","15,316.40","15,167.50","15,170.41","47,577,736",-20.02
31-Jan-23,"14,908.33","15,215.16","14,897.72","15,190.43","57,353,916",292.71
30-Jan-23,"15,126.87","15,206.76","14,882.04","14,897.72","50,769,688",-212.21
27-Jan-23,"15,286.86","15,330.58","15,073.40","15,109.93","69,702,688",-101.67
26-Jan-23,"14,860.50","15,281.98","14,800.22","15,211.60","142,290,320",411.38
25-Jan-23,"14,549.79","14,853.75","14,488.48","14,800.22","105,714,112",311.74
24-Jan-23,"14,301.48","14,505.40","14,266.41","14,488.48","71,316,520",222.07
23-Jan-23,"14,244.85","14,327.99","14,129.72","14,266.41","26,161,746",43.63
20-Jan-23,"14,397.52","14,466.78","14,184.98","14,222.78","33,817,220",-176.82
19-Jan-23,"14,401.04","14,495.46","14,346.74","14,399.60","63,142,520",51.73
18-Jan-23,"14,081.24","14,408.67","14,030.16","14,347.87","50,344,736",267.4
17-Jan-23,"14,661.45","14,749.36","14,053.87","14,080.47","56,528,808",-565.61
16-Jan-23,"14,896.39","14,899.75","14,611.01","14,646.08","30,789,768",-250.25
13-Jan-23,"15,027.64","15,097.51","14,832.32","14,896.33","41,934,640",-201.18
12-Jan-23,"15,150.99","15,276.31","15,070.65","15,097.51","47,777,720",-43.5
11-Jan-23,"15,159.01","15,192.89","15,055.47","15,141.01","66,513,048",33.91
10-Jan-23,"15,160.67","15,225.77","15,012.05","15,107.10","74,852,048",95.05
09-Jan-23,"15,171.41","15,231.52","14,974.37","15,012.05","60,664,480",-168.05
06-Jan-23,"15,069.69","15,218.41","15,027.30","15,180.10","55,139,712",126.72
05-Jan-23,"14,982.49","15,088.15","14,951.82","15,053.38","22,229,460",116.06
04-Jan-23,"15,004.88","15,103.25","14,937.32","14,937.32","33,075,640",-37.93
03-Jan-23,"15,050.76","15,117.06","14,956.45","14,975.25","34,561,264",-51.07
02-Jan-23,"14,848.32","15,119.64","14,812.87","15,026.32","62,840,520",189.91
30-Dec-22,"14,608.15","14,889.20","14,591.75","14,836.41","67,512,752",218.81
29-Dec-22,"14,458.10","14,644.26","14,431.30","14,617.60","46,655,312",156.61
28-Dec-22,"14,670.30","14,694.78","14,344.02","14,460.99","59,007,088",-215.14
27-Dec-22,"14,804.90","14,841.57","14,632.31","14,676.13","46,899,572",-102.19
26-Dec-22,"14,652.49","14,878.70","14,600.58","14,778.32","54,475,696",177.74
23-Dec-22,"14,662.46","14,736.59","14,540.79","14,600.58","52,193,396",-82.66
22-Dec-22,"14,501.54","14,754.22","14,459.95","14,683.24","63,824,588",223.29
21-Dec-22,"14,594.00","14,787.44","14,423.48","14,459.95","39,798,528",-230.89
20-Dec-22,"15,071.57","15,101.68","14,558.05","14,690.84","69,817,056",-385.28
19-Dec-22,"15,236.13","15,293.28","15,070.34","15,076.12","28,533,052",-165.68
16-Dec-22,"15,221.78","15,303.80","15,191.27","15,241.80","33,539,852",26.55
15-Dec-22,"15,485.62","15,572.18","15,189.25","15,215.25","52,057,960",-248.17
14-Dec-22,"15,428.80","15,532.94","15,363.63","15,463.42","49,839,876",32.73
13-Dec-22,"15,348.65","15,443.67","15,337.87","15,430.69","31,243,444",77.22
12-Dec-22,"15,409.44","15,446.76","15,327.87","15,353.47","32,630,534",-48.91
09-Dec-22,"15,373.00","15,444.13","15,332.26","15,402.38","35,637,484",22.33
08-Dec-22,"15,462.47","15,506.06","15,363.72","15,380.05","26,435,680",-68.07
07-Dec-22,"15,376.76","15,487.04","15,365.26","15,448.12","40,168,748",82.86
06-Dec-22,"15,360.61","15,420.01","15,266.79","15,365.26","32,506,128",5.01
05-Dec-22,"15,587.79","15,619.48","15,340.50","15,360.25","23,259,352",-228.06
02-Dec-22,"15,646.92","15,686.59","15,487.38","15,588.31","37,799,524",-75.73
01-Dec-22,"15,644.51","15,780.33","15,632.16","15,664.04","37,312,856",31.88
30-Nov-22,"15,682.96","15,723.42","15,608.65","15,632.16","31,698,992",-33.27
29-Nov-22,"15,497.51","15,702.93","15,486.00","15,665.43","45,254,688",160.97
28-Nov-22,"15,639.39","15,818.76","15,450.05","15,504.46","65,644,604",-314.3
25-Nov-22,"15,874.36","15,909.58","15,782.72","15,818.76","49,949,404",13.65
24-Nov-22,"15,816.31","15,869.98","15,792.65","15,805.11","49,758,280",-4.64
23-Nov-22,"15,801.46","15,856.59","15,747.86","15,809.75","54,593,116",17.43
22-Nov-22,"15,750.83","15,871.98","15,727.42","15,792.32","67,833,736",64.9
21-Nov-22,"15,701.19","15,754.63","15,670.46","15,727.42","43,340,672",26.31
18-Nov-22,"15,742.45","15,763.26","15,652.30","15,701.11","85,225,488",-62.15
17-Nov-22,"15,850.05","15,872.55","15,734.24","15,763.26","59,577,788",-53.48
16-Nov-22,"15,723.07","15,871.37","15,687.66","15,816.74","65,885,912",108.16
15-Nov-22,"15,759.58","15,815.24","15,667.21","15,708.58","71,314,656",-20.46
14-Nov-22,"15,794.36","15,823.16","15,686.18","15,729.04","49,618,444",-69.44
11-Nov-22,"15,739.55","15,810.59","15,660.99","15,798.48","72,713,960",137.49
10-Nov-22,"15,394.53","15,697.76","15,377.59","15,660.99","90,397,128",283.4
08-Nov-22,"15,319.08","15,407.78","15,299.90","15,377.59","33,088,726",77.69
07-Nov-22,"15,303.21","15,385.69","15,226.77","15,299.90","42,524,664",73.13
04-Nov-22,"15,221.68","15,394.51","15,167.68","15,226.77","43,289,148",-167.74
03-Nov-22,"15,330.27","15,408.21","15,290.45","15,394.51","65,864,520",45.38
02-Nov-22,"15,301.02","15,387.01","15,257.43","15,349.13","44,949,528",62.78
01-Nov-22,"15,102.32","15,294.02","15,061.46","15,286.35","48,197,464",224.89
31-Oct-22,"15,017.16","15,122.48","15,011.68","15,061.46","20,894,512",20.35
28-Oct-22,"15,217.26","15,290.00","15,030.77","15,041.11","39,173,984",-248.89
27-Oct-22,"15,262.05","15,335.62","15,159.71","15,290.00","51,832,464",16.44
26-Oct-22,"15,464.15","15,537.26","15,254.34","15,273.56","72,433,616",-263.7
25-Oct-22,"15,581.39","15,656.57","15,528.63","15,537.26","48,472,288",-65.38
24-Oct-22,"15,693.11","15,731.16","15,525.41","15,602.64","42,290,776",38.19
21-Oct-22,"15,525.86","15,579.53","15,380.53","15,564.45","61,012,372",52.53
20-Oct-22,"15,577.33","15,615.66","15,502.63","15,511.92","55,483,120",-29.45
19-Oct-22,"15,479.85","15,555.80","15,385.50","15,541.37","65,153,184",115.36
18-Oct-22,"15,452.27","15,520.17","15,399.45","15,426.01","41,360,712",1.84
17-Oct-22,"15,501.35","15,533.63","15,413.95","15,424.17","35,167,320",-109.46
14-Oct-22,"15,614.37","15,657.16","15,515.95","15,533.63","81,478,328",-70.26
13-Oct-22,"15,537.42","15,623.00","15,523.53","15,603.89","72,206,544",33.81
