"Date","Price","Open","High","Low","Vol.","Change %"
"10/13/2023","17,132.69","16,923.75","17,138.44","16,886.65","","1.38%"
"10/12/2023","16,899.13","16,817.41","16,931.92","16,767.68","","0.60%"
"10/11/2023","16,798.62","16,670.08","16,808.53","16,667.41","","0.87%"
"10/10/2023","16,653.60","16,512.97","16,666.60","16,503.43","","0.88%"
"10/09/2023","16,508.22","16,336.18","16,514.12","16,260.77","","0.78%"
"10/06/2023","16,380.28","16,397.48","16,424.74","16,338.50","","-0.45%"
"10/05/2023","16,454.50","16,375.32","16,473.57","16,375.32","","0.57%"
"10/04/2023","16,360.74","16,198.69","16,392.78","16,195.18","","1.00%"
"10/03/2023","16,198.63","16,173.89","16,226.61","16,154.52","","0.24%"
"10/02/2023","16,159.20","16,017.65","16,185.39","16,017.65","","1.01%"
"09/28/2023","15,998.03","16,088.92","16,090.68","15,969.47","","-1.17%"
"09/27/2023","16,187.44","16,155.38","16,216.47","16,124.49","","0.13%"
"09/26/2023","16,167.06","16,213.90","16,242.60","16,144.24","","-0.29%"
"09/25/2023","16,214.72","16,280.44","16,302.22","16,191.34","","-0.33%"
"09/22/2023","16,267.94","16,256.51","16,301.20","16,176.95","","0.16%"
"09/21/2023","16,242.19","16,093.16","16,245.97","16,024.12","","0.92%"
"09/20/2023","16,093.68","16,153.76","16,176.82","16,064.66","","-0.31%"
"09/19/2023","16,143.42","16,131.56","16,205.99","16,127.17","","0.17%"
"09/18/2023","16,116.73","16,109.38","16,152.13","16,063.78","","0.02%"
"09/15/2023","16,114.02","16,204.05","16,239.28","16,073.20","","0.20%"
"09/14/2023","16,081.71","16,057.89","16,126.04","16,040.63","","0.00%"
"09/13/2023","16,082.42","16,059.29","16,139.97","16,056.70","","0.19%"
"09/12/2023","16,052.55","16,197.10","16,197.10","16,044.62","","-0.84%"
"09/11/2023","16,187.86","16,274.32","16,312.31","16,129.18","","-0.54%"
"09/08/2023","16,275.74","16,193.27","16,275.74","16,155.68","","0.78%"
"09/07/2023","16,149.08","16,224.71","16,305.35","16,142.04","","-0.41%"
"09/06/2023","16,214.88","16,115.32","16,225.33","16,071.38","","0.67%"
"09/05/2023","16,107.35","16,254.98","16,297.79","16,066.91","","-0.94%"
"09/04/2023","16,260.55","16,166.59","16,286.75","16,146.86","","1.03%"
"09/01/2023","16,094.04","15,969.56","16,106.68","15,885.35","","0.55%"
"08/31/2023","16,006.73","16,438.17","16,480.06","15,734.77","","-2.48%"
"08/30/2023","16,413.81","16,610.28","16,660.11","16,361.71","","-1.11%"
"08/29/2023","16,598.69","16,797.40","16,825.31","16,537.99","","-1.64%"
"08/28/2023","16,875.08","16,965.47","16,973.87","16,855.36","","-0.60%"
"08/25/2023","16,977.56","17,001.48","17,014.35","16,926.58","","-0.20%"
"08/24/2023","17,012.40","16,900.07","17,095.14","16,900.07","","0.67%"
"08/23/2023","16,899.08","16,838.94","16,899.08","16,668.57","","0.40%"
"08/22/2023","16,832.47","16,798.06","16,901.60","16,751.73","","0.04%"
"08/21/2023","16,825.77","17,091.74","17,123.71","16,811.15","","-1.79%"
"08/18/2023","17,131.83","17,215.42","17,304.30","17,119.24","","-0.42%"
"08/17/2023","17,204.70","17,043.86","17,208.42","17,006.02","","0.42%"
"08/16/2023","17,133.00","17,283.76","17,293.30","17,108.64","","-0.94%"
"08/15/2023","17,295.96","17,266.32","17,350.30","17,161.92","","0.50%"
"08/11/2023","17,210.52","16,986.15","17,426.25","16,986.15","","1.50%"
"08/10/2023","16,955.92","17,261.76","17,271.99","16,848.09","","-1.73%"
"08/09/2023","17,253.56","16,847.24","17,253.56","16,799.24","","2.23%"
"08/08/2023","16,876.69","17,231.31","17,262.30","16,857.26","","-1.99%"
"08/07/2023","17,218.74","17,387.77","17,526.04","17,201.30","","-0.87%"
"08/04/2023","17,369.48","17,347.20","17,476.78","17,289.63","","-0.09%"
"08/03/2023","17,384.64","17,536.91","17,687.20","17,355.19","","-0.69%"
"08/02/2023","17,505.68","17,274.74","17,510.97","17,233.16","","1.53%"
"08/01/2023","17,242.21","17,337.99","17,357.10","17,162.27","","0.19%"
"07/31/2023","17,209.16","16,929.58","17,228.27","16,929.58","","2.21%"
"07/27/2023","16,836.36","16,631.28","16,925.86","16,631.28","","0.78%"
"07/26/2023","16,706.09","16,663.70","16,719.13","16,615.67","","0.64%"
"07/25/2023","16,600.18","16,462.35","16,665.97","16,428.97","","0.80%"
"07/24/2023","16,469.04","16,444.69","16,481.24","16,371.08","","0.47%"
"07/21/2023","16,391.23","16,251.23","16,468.30","16,251.23","","0.92%"
"07/20/2023","16,241.54","16,101.54","16,253.71","16,097.39","","1.07%"
"07/19/2023","16,069.60","15,994.78","16,118.90","15,962.52","","0.58%"
"07/18/2023","15,977.15","15,982.23","16,014.91","15,894.00","","0.11%"
"07/17/2023","15,960.00","16,014.87","16,071.65","15,951.46","","-0.36%"
"07/14/2023","16,018.19","16,101.26","16,177.61","16,006.19","","-0.63%"
"07/13/2023","16,119.54","16,328.99","16,360.21","16,091.51","","-0.75%"
"07/12/2023","16,240.78","16,088.95","16,240.98","16,063.47","","1.20%"
"07/11/2023","16,048.51","15,915.45","16,082.14","15,909.11","","1.13%"
"07/10/2023","15,868.49","15,839.42","15,921.17","15,823.60","","0.26%"
"07/07/2023","15,826.75","15,769.38","15,828.94","15,726.66","","0.32%"
"07/06/2023","15,776.04","15,563.38","15,785.78","15,501.92","","1.76%"
"07/05/2023","15,503.80","15,511.07","15,709.24","15,470.43","","0.14%"
"07/04/2023","15,481.96","15,845.78","15,845.78","15,469.61","","-0.54%"
"07/03/2023","15,565.31","15,573.03","15,593.49","15,407.65","","6.64%"
"06/27/2023","14,596.77","14,649.38","14,719.80","14,560.08","","-0.19%"
"06/26/2023","14,624.50","14,233.21","14,678.45","14,233.21","","3.50%"
"06/23/2023","14,129.75","14,182.11","14,220.13","14,092.48","","-0.34%"
"06/22/2023","14,177.34","14,167.88","14,250.81","14,161.69","","-0.02%"
"06/21/2023","14,180.18","14,320.62","14,357.19","14,168.60","","-0.87%"
"06/20/2023","14,305.27","14,265.64","14,323.83","14,232.36","","0.20%"
"06/19/2023","14,276.33","14,548.75","14,584.48","14,247.88","","-1.90%"
"06/16/2023","14,553.33","14,605.21","14,659.39","14,531.93","","-0.37%"
"06/15/2023","14,607.87","14,673.05","14,674.74","14,526.98","","-0.43%"
"06/14/2023","14,671.33","14,677.85","14,748.50","14,631.79","","0.01%"
"06/13/2023","14,669.70","14,776.17","14,858.82","14,660.23","","-0.54%"
"06/12/2023","14,749.21","14,789.12","14,836.15","14,689.77","","-0.34%"
"06/09/2023","14,798.90","14,742.86","14,839.19","14,721.09","","0.46%"
"06/08/2023","14,731.65","14,951.28","14,978.34","14,723.06","","-1.36%"
"06/07/2023","14,934.22","14,890.52","14,982.69","14,868.31","","0.46%"
"06/06/2023","14,866.53","14,832.08","14,929.94","14,825.44","","0.53%"
"06/05/2023","14,787.58","14,677.46","14,815.98","14,672.51","","0.89%"
"06/02/2023","14,656.98","14,654.49","14,711.22","14,625.16","","-0.03%"
"06/01/2023","14,660.70","14,703.37","14,742.89","14,642.98","","-0.12%"
"05/31/2023","14,677.71","14,839.23","14,894.01","14,658.06","","-0.93%"
"05/30/2023","14,815.05","14,672.28","14,826.07","14,672.28","","1.00%"
"05/29/2023","14,668.38","14,546.03","14,787.44","14,545.94","","0.81%"
"05/26/2023","14,549.88","14,585.34","14,624.14","14,454.64","","-0.32%"
"05/25/2023","14,596.79","14,605.36","14,628.10","14,531.96","","0.08%"
"05/24/2023","14,585.17","14,622.29","14,697.52","14,583.35","","-0.16%"
"05/23/2023","14,608.23","14,659.70","14,695.21","14,604.73","","-0.36%"
"05/22/2023","14,660.83","14,782.07","14,808.35","14,631.53","","-0.92%"
"05/19/2023","14,796.30","14,762.08","14,810.34","14,712.49","","0.15%"
"05/18/2023","14,774.81","14,963.25","14,994.11","14,736.50","","-1.14%"
"05/17/2023","14,945.57","15,055.37","15,076.81","14,939.92","","-0.46%"
"05/16/2023","15,014.15","14,958.42","15,053.58","14,953.87","","0.73%"
"05/15/2023","14,906.01","14,832.79","14,916.68","14,733.39","","0.43%"
"05/12/2023","14,841.95","14,838.34","14,922.59","14,805.19","","0.02%"
"05/11/2023","14,838.34","14,732.57","14,912.76","14,732.57","","0.72%"
"05/10/2023","14,732.57","14,858.43","14,867.32","14,708.67","","-1.38%"
"05/09/2023","14,939.00","15,114.81","15,115.42","14,896.43","","-1.16%"
"05/08/2023","15,114.81","15,268.74","15,333.67","15,084.87","","-1.90%"
"05/05/2023","15,407.93","15,342.69","15,422.22","15,294.25","","0.32%"
"05/04/2023","15,359.15","15,368.55","15,412.70","15,343.53","","-0.06%"
"05/03/2023","15,368.55","15,331.27","15,430.84","15,303.47","","0.24%"
"05/02/2023","15,331.27","15,203.82","15,366.18","15,203.82","","-0.29%"
"04/28/2023","15,376.18","15,367.80","15,482.17","15,346.11","","0.05%"
"04/27/2023","15,367.80","15,269.49","15,391.35","15,236.35","","0.48%"
"04/26/2023","15,294.33","15,275.26","15,417.77","15,270.40","","-0.08%"
"04/20/2023","15,306.72","15,095.58","15,333.73","15,095.58","","1.40%"
"04/19/2023","15,095.58","15,080.43","15,109.12","14,995.11","","0.10%"
"04/18/2023","15,080.43","14,992.38","15,101.46","14,985.29","","0.59%"
"04/17/2023","14,992.38","14,989.40","15,056.89","14,969.94","","0.02%"
"04/13/2023","14,989.40","14,949.02","15,087.15","14,949.02","","0.19%"
"04/12/2023","14,960.82","14,807.16","14,986.93","14,804.99","","1.04%"
"04/11/2023","14,807.16","14,833.18","14,860.83","14,785.47","","-0.18%"
"04/10/2023","14,833.18","14,915.00","14,968.44","14,820.76","","-0.55%"
"04/07/2023","14,915.00","15,046.09","15,124.32","14,899.32","","-0.87%"
"04/06/2023","15,046.09","14,761.57","15,059.38","14,761.57","","1.93%"
"04/05/2023","14,761.57","14,751.00","14,840.10","14,748.26","","0.07%"
"04/04/2023","14,751.00","14,821.23","14,836.30","14,660.90","","-0.47%"
"04/03/2023","14,821.23","14,852.81","14,911.17","14,811.45","","-0.21%"
"03/31/2023","14,852.81","14,767.02","14,854.18","14,737.14","","0.58%"
"03/30/2023","14,767.02","14,771.36","14,835.54","14,745.30","","-0.03%"
"03/29/2023","14,771.36","14,827.30","14,868.10","14,756.11","","-0.38%"
"03/28/2023","14,827.30","14,786.88","14,878.54","14,786.88","","0.27%"
"03/27/2023","14,786.88","14,738.52","14,813.53","14,682.18","","0.33%"
"03/24/2023","14,738.52","14,883.09","14,911.58","14,718.27","","-1.19%"
"03/22/2023","14,915.75","15,088.03","15,137.19","14,902.73","","-1.14%"
"03/21/2023","15,088.03","15,038.52","15,121.44","14,994.96","","0.30%"
"03/20/2023","15,043.17","15,205.97","15,240.07","15,036.17","","-2.01%"
"03/17/2023","15,352.01","15,518.24","15,563.73","15,315.15","","-1.07%"
"03/16/2023","15,518.24","15,588.24","15,663.59","15,500.75","","-0.45%"
"03/15/2023","15,588.24","15,582.53","15,654.15","15,478.15","","0.04%"
"03/14/2023","15,582.53","15,620.62","15,640.08","15,517.94","","-0.48%"
"03/13/2023","15,657.62","15,551.73","15,772.49","15,551.73","","0.68%"
"03/10/2023","15,551.73","15,494.56","15,599.32","15,494.56","","-0.71%"
"03/09/2023","15,662.84","15,551.39","15,672.24","15,551.39","","0.47%"
"03/08/2023","15,590.00","15,527.37","15,669.81","15,527.37","","0.40%"
"03/07/2023","15,527.37","15,552.29","15,590.48","15,509.14","","-0.31%"
"03/06/2023","15,576.03","15,562.20","15,727.87","15,557.98","","-0.05%"
"03/03/2023","15,583.79","15,313.41","15,595.58","15,175.70","","1.77%"
"03/02/2023","15,313.41","15,145.38","15,383.22","15,119.99","","1.06%"
"03/01/2023","15,153.16","15,186.94","15,215.93","14,968.44","","-0.22%"
"02/28/2023","15,186.94","15,351.53","15,361.30","15,158.40","","-1.07%"
"02/27/2023","15,351.53","15,325.88","15,385.21","15,274.16","","0.17%"
"02/24/2023","15,325.88","15,407.99","15,435.25","15,316.43","","-0.53%"
"02/23/2023","15,407.99","15,528.28","15,530.28","15,374.74","","-0.77%"
"02/22/2023","15,528.28","15,432.64","15,549.57","15,393.77","","0.62%"
"02/21/2023","15,432.64","15,324.95","15,439.64","15,324.95","","0.70%"
"02/20/2023","15,324.95","15,505.18","15,527.03","15,300.77","","-1.16%"
"02/17/2023","15,505.18","15,488.61","15,553.53","15,441.52","","0.11%"
"02/16/2023","15,488.61","15,568.68","15,693.11","15,464.61","","-0.51%"
"02/15/2023","15,568.68","15,415.40","15,630.27","15,345.16","","0.99%"
"02/14/2023","15,415.40","15,651.14","15,714.20","15,366.91","","-1.51%"
"02/13/2023","15,651.14","15,682.28","15,777.56","15,621.03","","-0.20%"
"02/10/2023","15,682.28","16,021.36","16,072.15","15,643.97","","-2.12%"
"02/09/2023","16,021.36","15,745.93","16,063.78","15,745.93","","1.75%"
"02/08/2023","15,745.93","15,662.94","15,814.23","15,610.97","","0.53%"
"02/07/2023","15,662.94","15,494.02","15,744.27","15,494.02","","1.09%"
"02/06/2023","15,494.02","15,162.58","15,551.31","15,162.58","","2.19%"
"02/03/2023","15,162.58","15,229.78","15,303.48","15,095.21","","-0.44%"
"02/02/2023","15,229.78","15,135.10","15,253.73","15,049.59","","0.39%"
"02/01/2023","15,170.41","15,190.43","15,316.40","15,167.50","","-0.13%"
"01/31/2023","15,190.43","14,897.72","15,215.16","14,897.72","","1.96%"
"01/30/2023","14,897.72","15,109.93","15,206.76","14,882.04","","-1.40%"
"01/27/2023","15,109.93","15,211.60","15,330.58","15,073.40","","-0.67%"
"01/26/2023","15,211.60","14,800.22","15,281.98","14,800.22","","2.78%"
"01/25/2023","14,800.22","14,488.48","14,853.75","14,488.48","","2.15%"
"01/24/2023","14,488.48","14,266.41","14,505.40","14,266.41","","1.56%"
"01/23/2023","14,266.41","14,222.78","14,327.99","14,129.72","","0.31%"
"01/20/2023","14,222.78","14,399.60","14,466.78","14,184.98","","-1.23%"
"01/19/2023","14,399.60","14,347.87","14,495.46","14,346.74","","0.36%"
"01/18/2023","14,347.87","14,080.47","14,408.67","14,030.16","","1.90%"
"01/17/2023","14,080.47","14,646.08","14,749.36","14,053.87","","-3.86%"
"01/16/2023","14,646.08","14,896.33","14,899.75","14,611.01","","-1.68%"
"01/13/2023","14,896.33","15,097.51","15,097.51","14,832.32","","-1.33%"
"01/12/2023","15,097.51","15,141.01","15,276.31","15,070.65","","-0.29%"
"01/11/2023","15,141.01","15,107.10","15,191.93","15,055.47","","0.22%"
"01/10/2023","15,107.10","15,012.05","15,225.77","15,012.05","","0.63%"
"01/09/2023","15,012.05","15,180.10","15,231.52","14,974.37","","-1.11%"
"01/06/2023","15,180.10","15,053.38","15,218.41","15,027.30","","0.84%"
"01/05/2023","15,053.38","14,951.82","15,088.15","14,951.82","","0.68%"
"01/04/2023","14,951.82","14,975.25","15,103.25","14,937.32","","-0.16%"
"01/03/2023","14,975.25","15,026.32","15,117.06","14,956.45","","-0.34%"
"01/02/2023","15,026.32","14,836.41","15,119.64","14,812.87","","1.28%"
"12/30/2022","14,836.41","14,617.60","14,889.20","14,591.75","","1.50%"
"12/29/2022","14,617.60","14,460.99","14,644.26","14,431.30","","1.08%"
"12/28/2022","14,460.99","14,676.13","14,694.78","14,344.02","","-1.47%"
"12/27/2022","14,676.13","14,778.32","14,841.57","14,632.31","","-0.69%"
"12/26/2022","14,778.32","14,600.58","14,878.70","14,600.58","","1.22%"
"12/23/2022","14,600.58","14,683.24","14,736.59","14,540.79","","-0.56%"
"12/22/2022","14,683.24","14,459.95","14,754.22","14,459.95","","1.54%"
"12/21/2022","14,459.95","14,690.84","14,787.44","14,423.48","","-1.57%"
"12/20/2022","14,690.84","15,076.12","15,101.68","14,558.05","","-2.56%"
"12/19/2022","15,076.12","15,241.80","15,293.28","15,070.34","","-1.09%"
"12/16/2022","15,241.80","15,215.25","15,303.80","15,191.27","","0.17%"
"12/15/2022","15,215.25","15,463.42","15,572.18","15,189.25","","-1.60%"
"12/14/2022","15,463.42","15,430.69","15,532.94","15,363.63","","0.21%"
"12/13/2022","15,430.69","15,353.47","15,443.67","15,337.87","","0.50%"
"12/12/2022","15,353.47","15,402.38","15,446.76","15,327.87","","-0.32%"
"12/09/2022","15,402.38","15,380.05","15,444.13","15,332.26","","0.15%"
"12/08/2022","15,380.05","15,448.12","15,506.06","15,363.72","","-0.44%"
"12/07/2022","15,448.12","15,365.26","15,487.04","15,365.26","","0.54%"
"12/06/2022","15,365.26","15,360.25","15,420.01","15,266.79","","0.03%"
"12/05/2022","15,360.25","15,588.31","15,619.48","15,340.50","","-1.46%"
"12/02/2022","15,588.31","15,664.04","15,686.59","15,487.38","","-0.48%"
"12/01/2022","15,664.04","15,632.16","15,780.33","15,632.16","","0.20%"
"11/30/2022","15,632.16","15,665.43","15,723.42","15,608.65","","-0.21%"
"11/29/2022","15,665.43","15,504.46","15,702.93","15,486.00","","1.04%"
"11/28/2022","15,504.46","15,818.76","15,818.76","15,450.05","","-1.99%"
"11/25/2022","15,818.76","15,805.11","15,909.58","15,782.72","","0.09%"
"11/24/2022","15,805.11","15,809.75","15,869.98","15,792.65","","-0.03%"
"11/23/2022","15,809.75","15,792.32","15,856.59","15,747.86","","0.11%"
"11/22/2022","15,792.32","15,727.42","15,871.98","15,727.42","","0.41%"
"11/21/2022","15,727.42","15,701.11","15,754.63","15,670.46","","0.17%"
"11/18/2022","15,701.11","15,763.26","15,763.26","15,652.30","","-0.39%"
"11/17/2022","15,763.26","15,816.74","15,872.55","15,734.24","","-0.34%"
"11/16/2022","15,816.74","15,708.58","15,871.37","15,687.66","","0.69%"
"11/15/2022","15,708.58","15,729.04","15,815.24","15,667.21","","-0.13%"
"11/14/2022","15,729.04","15,798.48","15,823.16","15,686.18","","-0.44%"
"11/11/2022","15,798.48","15,660.99","15,810.59","15,660.99","","0.88%"
"11/10/2022","15,660.99","15,377.59","15,697.76","15,377.59","","1.84%"
"11/08/2022","15,377.59","15,299.90","15,407.78","15,299.90","","0.51%"
"11/07/2022","15,299.90","15,226.77","15,385.69","15,226.77","","0.48%"
"11/04/2022","15,226.77","15,327.57","15,327.57","15,167.68","","-1.09%"
"11/03/2022","15,394.51","15,317.96","15,408.21","15,290.45","","0.30%"
"11/02/2022","15,349.13","15,286.35","15,387.01","15,257.43","","0.41%"
"11/01/2022","15,286.35","15,061.46","15,294.02","15,061.46","","1.49%"
"10/31/2022","15,061.46","15,011.68","15,122.48","15,011.68","","0.14%"
"10/28/2022","15,041.11","15,242.38","15,242.38","15,030.77","","-1.63%"
"10/27/2022","15,290.00","15,260.11","15,335.62","15,159.71","","0.11%"
"10/26/2022","15,273.56","15,537.26","15,537.26","15,254.34","","-1.70%"
"10/25/2022","15,537.26","15,602.64","15,656.57","15,528.63","","-0.42%"
"10/24/2022","15,602.64","15,525.41","15,731.16","15,525.41","","0.25%"
"10/21/2022","15,564.45","15,511.92","15,579.53","15,380.53","","0.34%"
"10/20/2022","15,511.92","15,541.37","15,615.66","15,502.63","","-0.19%"
"10/19/2022","15,541.37","15,385.50","15,555.60","15,385.50","","0.75%"
"10/18/2022","15,426.01","15,424.17","15,520.17","15,399.45","","0.01%"
"10/17/2022","15,424.17","15,497.10","15,518.19","15,413.95","","-0.70%"
"10/14/2022","15,533.63","15,579.81","15,657.16","15,515.95","","-0.45%"
"10/13/2022","15,603.89","15,566.81","15,623.00","15,523.53","","0.22%"
"10/12/2022","15,570.08","15,622.91","15,641.65","15,521.54","","-0.34%"
"10/11/2022","15,622.91","15,664.34","15,745.12","15,605.11","","-1.68%"
"10/10/2022","15,889.47","15,851.22","16,023.23","15,837.86","","0.20%"
"10/07/2022","15,857.09","15,894.70","16,003.94","15,821.91","","-0.24%"
"10/06/2022","15,894.70","15,604.36","15,911.51","15,604.36","","1.86%"
"10/05/2022","15,604.36","15,477.51","15,618.73","15,477.51","","0.82%"
"10/04/2022","15,477.51","15,410.01","15,564.77","15,410.01","","0.44%"
"10/03/2022","15,410.01","15,336.86","15,500.93","15,309.21","","0.48%"
"09/30/2022","15,336.86","15,312.25","15,376.67","15,168.25","","0.16%"
"09/29/2022","15,312.25","15,504.26","15,504.26","15,290.31","","-1.24%"
"09/28/2022","15,504.26","15,561.93","15,700.49","15,487.20","","-0.37%"
"09/27/2022","15,561.93","15,419.88","15,601.23","15,419.88","","0.92%"
"09/26/2022","15,419.88","15,212.94","15,441.35","15,212.94","","1.36%"
"09/23/2022","15,212.94","15,355.53","15,456.14","15,160.47","","-0.93%"
"09/22/2022","15,355.53","15,336.78","15,369.97","15,134.83","","0.12%"
"09/21/2022","15,336.78","15,447.48","15,497.83","15,306.21","","-0.72%"
"09/20/2022","15,447.48","15,578.46","15,643.32","15,400.38","","-1.00%"
"09/19/2022","15,603.06","15,648.45","15,770.00","15,598.12","","-0.29%"
"09/16/2022","15,648.45","15,684.87","15,757.21","15,614.28","","-0.23%"
"09/15/2022","15,684.87","15,757.50","15,892.25","15,664.63","","-0.22%"
"09/14/2022","15,719.88","15,723.43","15,781.29","15,712.11","","-0.02%"
"09/13/2022","15,723.43","15,662.81","15,762.88","15,662.81","","0.39%"
"09/12/2022","15,662.81","15,669.33","15,763.09","15,643.85","","-0.68%"
"09/09/2022","15,770.62","15,710.22","15,853.93","15,710.22","","0.38%"
"09/08/2022","15,710.22","15,709.28","15,787.47","15,670.97","","0.01%"
"09/07/2022","15,709.28","15,750.79","15,851.10","15,691.28","","-0.26%"
"09/06/2022","15,750.79","15,747.54","15,785.44","15,681.77","","0.02%"
"09/05/2022","15,747.54","15,932.55","15,973.28","15,728.65","","-1.16%"
"09/02/2022","15,932.55","16,016.49","16,064.04","15,906.65","","-0.52%"
"09/01/2022","16,016.49","16,003.41","16,124.21","15,994.91","","0.08%"
"08/31/2022","16,003.41","15,927.01","16,053.69","15,865.33","","0.48%"
"08/30/2022","15,927.01","16,065.30","16,325.45","15,893.90","","-1.01%"
"08/29/2022","16,089.59","16,115.09","16,127.48","15,800.48","","-0.16%"
"08/26/2022","16,115.09","16,335.02","16,398.37","16,104.70","","-1.35%"
"08/25/2022","16,335.02","16,475.56","16,516.52","16,304.22","","-1.16%"
"08/24/2022","16,526.60","16,490.83","16,638.15","16,490.83","","0.22%"
"08/23/2022","16,490.83","16,232.25","16,500.45","16,232.25","","1.59%"
"08/22/2022","16,232.25","16,388.25","16,418.97","16,210.90","","-1.01%"
"08/19/2022","16,398.66","16,463.99","16,500.59","16,378.26","","-0.47%"
"08/18/2022","16,475.63","16,532.20","16,645.16","16,465.05","","-0.34%"
"08/17/2022","16,532.20","16,431.40","16,555.48","16,408.13","","0.61%"
"08/16/2022","16,431.40","16,468.37","16,626.29","16,406.00","","-0.22%"
"08/15/2022","16,468.37","16,186.97","16,484.58","16,186.97","","1.56%"
"08/12/2022","16,215.64","15,971.67","16,226.40","15,971.67","","1.53%"
"08/11/2022","15,971.67","16,079.99","16,170.69","15,955.96","","-0.67%"
"08/10/2022","16,079.99","15,882.78","16,195.76","15,882.78","","1.24%"
"08/05/2022","15,882.78","15,660.10","15,932.92","15,634.75","","1.42%"
"08/04/2022","15,660.10","15,531.96","15,740.89","15,531.96","","0.58%"
"08/03/2022","15,569.58","15,247.84","15,651.93","15,247.84","","2.11%"
"08/02/2022","15,247.84","15,189.69","15,353.78","15,044.62","","0.38%"
"08/01/2022","15,189.69","15,232.44","15,324.17","15,182.78","","-0.28%"
"07/29/2022","15,232.44","15,303.00","15,370.58","15,203.26","","-0.46%"
"07/28/2022","15,303.00","15,158.09","15,479.20","15,158.09","","0.96%"
"07/27/2022","15,158.09","15,131.03","15,234.86","15,022.94","","0.18%"
"07/26/2022","15,131.03","15,098.71","15,231.79","15,030.00","","0.21%"
"07/25/2022","15,098.71","15,211.16","15,211.16","15,045.51","","-0.74%"
"07/22/2022","15,211.16","15,121.72","15,271.91","14,999.07","","0.59%"
"07/21/2022","15,121.72","15,368.95","15,413.40","15,109.86","","-1.61%"
"07/20/2022","15,368.95","15,325.43","15,404.34","15,222.68","","0.28%"
"07/19/2022","15,325.43","15,746.13","15,828.94","15,255.96","","-2.67%"
"07/18/2022","15,746.13","16,050.62","16,050.62","15,692.77","","-1.90%"
"07/15/2022","16,050.62","16,164.93","16,234.65","16,037.83","","-0.71%"
"07/14/2022","16,164.93","15,963.65","16,176.23","15,963.65","","1.26%"
"07/13/2022","15,963.65","15,727.63","16,031.19","15,654.89","","1.50%"
"07/07/2022","15,727.63","15,660.30","15,763.04","15,595.47","","0.43%"
"07/06/2022","15,660.30","15,635.13","15,725.39","15,635.13","","0.16%"
"07/05/2022","15,635.13","15,736.92","15,779.05","15,618.72","","-0.65%"
"07/04/2022","15,736.92","15,861.23","15,884.86","15,728.65","","-0.78%"
"07/01/2022","15,861.23","15,805.04","15,895.58","15,802.55","","0.36%"
"06/30/2022","15,805.04","15,696.62","15,828.92","15,671.65","","0.69%"
"06/29/2022","15,696.62","15,933.83","15,957.99","15,640.17","","-1.49%"
"06/28/2022","15,933.83","16,008.81","16,150.11","15,861.19","","-0.47%"
"06/27/2022","16,008.81","15,662.45","16,043.73","15,662.45","","2.21%"
"06/24/2022","15,662.45","16,353.22","16,386.57","15,408.80","","-4.22%"
"06/23/2022","16,353.22","16,258.67","16,471.93","16,258.67","","0.58%"
"06/22/2022","16,258.67","16,255.80","16,426.24","16,239.09","","0.02%"
"06/21/2022","16,255.80","15,954.31","16,282.09","15,932.91","","1.89%"
"06/20/2022","15,954.31","16,100.83","16,195.84","15,943.67","","-0.91%"
"06/17/2022","16,100.83","15,937.89","16,224.46","15,936.12","","1.02%"
"06/16/2022","15,937.89","15,815.00","15,975.44","15,757.49","","0.78%"
"06/15/2022","15,815.00","15,647.87","15,845.74","15,647.87","","1.07%"
"06/14/2022","15,647.87","15,567.96","15,686.11","15,488.19","","0.51%"
"06/13/2022","15,567.96","16,064.58","16,093.38","15,542.19","","-3.09%"
"06/10/2022","16,064.58","15,949.65","16,084.74","15,935.79","","0.72%"
"06/09/2022","15,949.65","15,876.86","16,073.67","15,876.86","","0.46%"
"06/08/2022","15,876.86","15,849.40","15,894.90","15,765.35","","0.17%"
"06/07/2022","15,849.40","15,868.31","15,986.02","15,833.67","","-0.12%"
"06/06/2022","15,868.31","15,733.75","15,910.35","15,610.30","","0.86%"
"06/03/2022","15,733.75","16,108.36","16,108.36","15,716.18","","-2.33%"
"06/02/2022","16,108.36","16,295.55","16,346.52","16,079.76","","-1.15%"
"06/01/2022","16,295.55","16,453.48","16,499.23","16,290.30","","-0.96%"
"05/31/2022","16,453.48","16,383.19","16,520.93","16,383.19","","0.43%"
"05/30/2022","16,383.19","16,276.12","16,465.14","16,276.12","","0.66%"
"05/27/2022","16,276.12","16,143.03","16,596.45","16,143.03","","0.82%"
"05/26/2022","16,143.03","15,913.04","16,159.22","15,853.69","","1.45%"
"05/25/2022","15,913.04","15,902.60","15,975.16","15,627.42","","0.07%"
"05/24/2022","15,902.60","16,092.94","16,178.45","15,891.57","","-1.18%"
"05/23/2022","16,092.94","16,367.11","16,367.11","16,074.35","","-1.68%"
"05/20/2022","16,367.11","16,350.07","16,433.62","16,319.95","","0.10%"
"05/19/2022","16,350.07","16,360.38","16,473.68","16,320.48","","-0.06%"
"05/18/2022","16,360.38","16,246.38","16,432.32","16,145.11","","0.70%"
"05/17/2022","16,246.38","16,212.92","16,312.66","16,171.19","","0.21%"
"05/16/2022","16,212.92","16,541.97","16,541.97","16,086.90","","-1.99%"
"05/13/2022","16,541.97","16,307.82","16,565.66","16,284.92","","1.44%"
"05/12/2022","16,307.82","16,303.90","16,374.73","16,047.67","","0.02%"
"05/11/2022","16,303.90","16,504.53","16,569.28","16,105.27","","-1.27%"
"05/10/2022","16,513.96","16,488.64","16,628.30","16,451.14","","-0.08%"
"05/09/2022","16,526.48","17,118.22","17,118.22","16,461.88","","-3.63%"
"05/06/2022","17,148.53","17,314.51","17,314.51","17,125.00","","-0.96%"
"04/28/2022","17,314.51","17,416.70","17,416.70","17,042.71","","-0.65%"
"04/27/2022","17,427.11","17,545.76","17,636.68","17,417.68","","-1.72%"
"04/26/2022","17,732.79","17,840.59","17,885.85","17,715.40","","-0.60%"
"04/25/2022","17,840.59","17,589.31","17,902.25","17,589.31","","1.43%"
"04/22/2022","17,589.31","17,569.94","17,642.36","17,562.42","","0.11%"
"04/21/2022","17,569.94","17,690.16","17,764.66","17,540.56","","-0.68%"
"04/20/2022","17,690.16","17,861.56","17,980.53","17,674.54","","-0.97%"
"04/19/2022","17,862.70","17,942.72","18,044.63","17,834.38","","-0.45%"
"04/18/2022","17,942.72","18,000.35","18,033.97","17,884.42","","0.20%"
"04/15/2022","17,906.20","17,899.59","18,011.97","17,871.67","","0.04%"
"04/14/2022","17,899.59","17,764.15","17,912.61","17,716.52","","0.76%"
"04/13/2022","17,764.15","17,814.39","17,956.37","17,721.07","","-0.28%"
"04/12/2022","17,814.39","17,703.87","17,828.35","17,601.92","","0.62%"
"04/11/2022","17,703.87","17,014.13","17,732.04","17,014.13","","4.05%"
"04/08/2022","17,014.13","16,708.08","17,051.27","16,708.08","","1.83%"
"04/07/2022","16,708.08","16,841.27","16,940.78","16,688.22","","-0.79%"
"04/06/2022","16,841.27","16,753.26","16,949.95","16,753.26","","0.53%"
"04/05/2022","16,753.26","16,736.71","16,921.66","16,666.17","","0.10%"
"04/04/2022","16,736.71","17,238.29","17,238.29","16,692.21","","-2.91%"
"04/01/2022","17,238.29","17,117.48","17,354.45","16,983.15","","0.71%"
"03/31/2022","17,117.48","16,917.06","17,128.68","16,917.06","","1.15%"
"03/30/2022","16,923.07","16,983.32","16,983.32","16,785.67","","-0.35%"
"03/29/2022","16,983.32","16,793.48","17,024.73","16,793.48","","1.13%"
"03/28/2022","16,793.48","16,657.48","16,806.27","16,529.67","","0.82%"
"03/25/2022","16,657.48","16,622.12","16,697.50","16,549.35","","0.21%"
"03/24/2022","16,622.12","16,471.60","16,648.95","16,367.45","","0.91%"
"03/22/2022","16,471.60","16,485.35","16,577.14","16,460.88","","-0.14%"
"03/21/2022","16,494.20","16,410.13","16,574.30","16,410.13","","0.37%"
"03/18/2022","16,434.06","16,782.87","16,782.87","16,419.52","","-2.33%"
"03/17/2022","16,825.47","16,898.06","16,988.07","16,820.68","","-1.13%"
"03/16/2022","17,018.56","16,917.79","17,134.59","16,917.79","","0.57%"
"03/15/2022","16,922.38","16,790.72","16,950.35","16,764.56","","0.60%"
"03/14/2022","16,820.79","16,931.85","16,999.43","16,793.37","","-0.91%"
"03/11/2022","16,976.08","17,076.51","17,144.99","16,961.73","","-0.59%"
"03/10/2022","17,076.51","16,747.77","17,123.91","16,747.77","","1.96%"
"03/09/2022","16,747.77","16,654.18","16,811.89","16,654.18","","0.47%"
"03/08/2022","16,668.91","16,824.73","16,929.38","16,627.63","","-0.93%"
"03/07/2022","16,824.73","17,384.10","17,384.10","16,742.64","","-3.47%"
"03/04/2022","17,428.85","17,409.86","17,492.99","17,388.04","","0.11%"
"03/03/2022","17,409.86","17,360.79","17,453.97","17,289.54","","0.28%"
"03/02/2022","17,360.79","17,464.64","17,464.64","17,196.03","","-0.59%"
"03/01/2022","17,464.64","17,312.87","17,617.66","17,312.87","","0.88%"
"02/28/2022","17,312.87","17,091.06","17,354.65","16,925.27","","1.30%"
"02/25/2022","17,091.06","17,049.99","17,231.43","17,033.64","","0.24%"
"02/24/2022","17,049.99","17,584.11","17,584.11","17,026.15","","-3.04%"
"02/23/2022","17,584.11","17,513.12","17,609.95","17,389.23","","0.41%"
"02/22/2022","17,513.12","17,680.69","17,680.69","17,379.88","","-0.95%"
"02/21/2022","17,680.69","17,803.93","17,817.23","17,669.65","","-0.69%"
"02/18/2022","17,803.93","17,698.88","17,818.15","17,698.88","","0.59%"
"02/17/2022","17,698.88","17,788.14","17,793.59","17,621.48","","-0.50%"
"02/16/2022","17,788.14","17,801.83","17,891.90","17,747.29","","-0.09%"
"02/15/2022","17,803.96","17,791.44","17,845.65","17,724.03","","0.07%"
"02/14/2022","17,791.44","17,968.10","18,001.69","17,742.21","","-0.98%"
"02/11/2022","17,968.10","17,933.41","18,030.20","17,892.78","","0.17%"
"02/10/2022","17,937.90","18,109.27","18,175.78","17,937.90","","-1.16%"
"02/09/2022","18,147.52","17,962.80","18,186.83","17,962.80","","1.03%"
"02/08/2022","17,962.80","17,926.27","18,020.33","17,879.56","","0.20%"
"02/07/2022","17,926.27","17,942.03","18,042.61","17,911.12","","-0.24%"
"02/04/2022","17,968.90","17,954.96","18,085.45","17,931.29","","0.08%"
"02/03/2022","17,954.96","18,069.22","18,188.66","17,935.45","","-0.63%"
"02/02/2022","18,069.22","17,889.46","18,085.12","17,889.46","","0.87%"
"02/01/2022","17,913.83","17,829.96","17,963.47","17,798.66","","0.47%"
"01/31/2022","17,829.96","17,699.83","17,882.13","17,699.83","","0.21%"
"01/28/2022","17,792.99","17,828.10","17,905.96","17,774.47","","-0.20%"
"01/27/2022","17,828.10","17,738.31","17,851.52","17,738.31","","0.51%"
"01/26/2022","17,738.31","17,696.27","17,770.77","17,619.30","","0.24%"
"01/25/2022","17,696.27","17,726.54","17,864.53","17,675.26","","-0.17%"
"01/24/2022","17,726.54","17,747.58","17,766.41","17,639.00","","-0.12%"
"01/21/2022","17,747.58","17,665.79","17,799.14","17,616.75","","0.46%"
"01/20/2022","17,665.79","17,651.77","17,695.75","17,427.73","","0.08%"
"01/19/2022","17,651.77","17,925.77","17,961.27","17,607.16","","-1.53%"
"01/18/2022","17,925.77","17,942.16","18,022.01","17,904.06","","-0.09%"
"01/17/2022","17,942.16","17,998.75","17,998.75","17,826.32","","-0.31%"
"01/14/2022","17,998.51","18,001.32","18,102.55","17,976.48","","-0.02%"
"01/13/2022","18,001.32","18,070.40","18,109.55","17,971.46","","-0.38%"
"01/12/2022","18,070.40","18,056.53","18,190.77","18,048.36","","0.08%"
"01/11/2022","18,056.53","18,077.65","18,154.76","17,901.89","","-0.12%"
"01/10/2022","18,077.65","17,898.39","18,118.33","17,805.00","","1.00%"
"01/07/2022","17,898.39","17,759.90","17,907.44","17,695.48","","0.78%"
"01/06/2022","17,759.90","17,870.29","17,880.88","17,725.87","","-0.62%"
"01/05/2022","17,870.29","17,859.43","17,887.31","17,796.26","","0.06%"
"01/04/2022","17,859.43","17,646.59","17,876.67","17,646.59","","1.21%"
"01/03/2022","17,646.59","17,501.69","17,653.80","17,455.37","","0.83%"
"12/31/2021","17,501.69","17,431.70","17,552.36","17,365.32","","0.40%"
"12/30/2021","17,431.70","17,368.84","17,495.93","17,368.84","","0.36%"
"12/29/2021","17,368.84","17,288.79","17,368.84","17,240.39","","0.46%"
"12/28/2021","17,288.79","17,232.48","17,341.16","17,232.48","","0.33%"
"12/27/2021","17,232.48","17,353.47","17,390.92","17,203.33","","-0.70%"
"12/24/2021","17,353.47","17,426.84","17,511.02","17,299.43","","-0.42%"
"12/23/2021","17,426.84","17,389.36","17,513.16","17,348.97","","0.22%"
"12/22/2021","17,389.36","17,387.27","17,439.58","17,340.84","","0.01%"
"12/21/2021","17,387.27","17,487.33","17,611.14","17,370.05","","-0.57%"
"12/20/2021","17,487.33","17,298.14","17,563.28","17,257.92","","1.09%"
"12/17/2021","17,298.14","17,214.28","17,334.38","17,134.36","","0.49%"
"12/16/2021","17,214.28","17,472.88","17,501.97","17,166.84","","-1.48%"
"12/15/2021","17,472.88","17,044.74","17,528.81","17,044.74","","2.51%"
"12/14/2021","17,044.74","16,900.77","17,050.50","16,817.62","","2.19%"
"12/13/2021","16,679.45","16,900.77","16,934.37","16,643.63","","-1.31%"
"12/10/2021","16,900.77","16,957.22","17,015.31","16,748.92","","-0.33%"
"12/09/2021","16,957.22","17,049.47","17,125.07","16,823.07","","-0.54%"
"12/08/2021","17,049.47","17,005.73","17,153.06","16,933.66","","0.26%"
"12/07/2021","17,005.73","16,777.44","17,141.59","16,777.44","","1.36%"
"12/06/2021","16,777.44","16,718.24","16,867.44","16,603.71","","0.35%"
"12/03/2021","16,718.24","16,697.96","16,905.82","16,462.88","","0.12%"
"12/02/2021","16,697.96","17,575.86","17,575.86","16,647.29","","-4.99%"
"12/01/2021","17,575.86","17,429.62","17,616.04","17,429.62","","0.84%"
"11/30/2021","17,429.62","17,550.49","17,776.26","17,252.12","","-0.69%"
"11/29/2021","17,550.49","17,034.02","17,616.45","16,918.54","","3.03%"
"11/26/2021","17,034.02","16,939.28","17,148.63","16,854.01","","0.56%"
"11/25/2021","16,939.28","17,124.02","17,209.74","16,836.54","","-1.08%"
"11/24/2021","17,124.02","17,379.98","17,413.40","17,061.53","","-1.47%"
"11/23/2021","17,379.98","17,713.96","17,799.85","17,356.34","","-1.89%"
"11/22/2021","17,713.96","18,037.74","18,086.05","17,690.35","","-1.80%"
"11/19/2021","18,037.74","17,894.99","18,099.89","17,812.96","","0.80%"
"11/18/2021","17,894.99","17,952.03","17,962.37","17,701.99","","-0.32%"
"11/17/2021","17,952.03","18,098.42","18,151.58","17,871.64","","-0.81%"
"11/16/2021","18,098.42","17,746.20","18,120.36","17,746.20","","1.98%"
"11/15/2021","17,746.20","17,725.86","17,792.47","17,617.91","","0.11%"
"11/12/2021","17,725.86","17,981.39","18,011.61","17,706.91","","-1.42%"
"11/11/2021","17,981.39","18,089.46","18,164.59","17,967.69","","-0.60%"
"11/10/2021","18,089.46","17,983.41","18,141.59","17,983.41","","0.59%"
"11/09/2021","17,983.41","18,258.29","18,283.67","17,934.19","","-1.51%"
"11/08/2021","18,258.29","18,311.76","18,387.05","18,224.19","","-0.53%"
"11/05/2021","18,355.54","18,308.85","18,479.19","18,308.85","","0.05%"
"11/04/2021","18,347.20","18,274.34","18,362.40","18,242.12","","0.40%"
"11/03/2021","18,274.34","18,320.00","18,406.68","18,215.70","","-0.38%"
"11/02/2021","18,343.15","18,254.87","18,428.53","18,254.87","","0.56%"
"11/01/2021","18,241.15","17,933.41","18,378.82","17,933.41","","1.67%"
"10/29/2021","17,941.30","17,918.32","18,009.97","17,754.25","","-0.01%"
"10/28/2021","17,942.49","17,947.27","18,026.85","17,885.86","","0.01%"
"10/27/2021","17,939.80","17,811.25","18,016.51","17,807.25","","1.37%"
"10/26/2021","17,697.68","17,818.01","17,822.60","17,667.58","","-0.47%"
"10/25/2021","17,780.63","17,861.05","17,880.36","17,705.91","","-0.51%"
"10/22/2021","17,871.80","18,006.14","18,111.60","17,700.90","","-0.75%"
"10/21/2021","18,006.14","17,815.61","18,156.42","17,785.03","","1.02%"
"10/20/2021","17,824.53","17,441.40","17,863.37","17,441.40","","2.11%"
"10/18/2021","17,455.54","17,518.25","17,619.37","17,323.38","","-0.38%"
"10/15/2021","17,521.47","17,294.03","17,554.17","17,200.62","","1.03%"
"10/14/2021","17,343.02","16,881.07","17,399.39","16,780.70","","2.74%"
"10/13/2021","16,881.07","17,162.51","17,281.11","16,813.87","","-1.95%"
"10/12/2021","17,217.00","17,225.71","17,335.94","16,931.28","","-0.07%"
"10/11/2021","17,229.55","17,492.21","17,533.39","17,181.29","","-1.68%"
"10/08/2021","17,524.80","17,543.84","17,590.00","17,435.56","","-0.11%"
"10/07/2021","17,543.84","17,463.24","17,712.41","17,463.24","","0.46%"
"10/06/2021","17,463.24","17,543.15","17,656.38","17,418.58","","-0.46%"
"10/05/2021","17,543.15","17,684.02","17,716.15","17,510.58","","-0.80%"
"10/04/2021","17,684.02","17,608.16","17,704.99","17,456.10","","0.43%"
"10/01/2021","17,608.16","17,660.61","17,715.19","17,507.00","","-0.30%"
"09/30/2021","17,660.61","17,456.61","17,687.37","17,256.90","","1.17%"
"09/29/2021","17,456.61","17,837.24","17,878.65","17,275.60","","-2.13%"
"09/28/2021","17,837.24","17,642.17","17,850.26","17,611.10","","1.11%"
"09/27/2021","17,642.17","17,742.36","17,830.47","17,436.72","","-0.56%"
"09/24/2021","17,742.36","17,810.54","17,890.48","17,648.31","","-0.38%"
"09/23/2021","17,810.54","17,957.53","18,105.79","17,728.36","","-1.21%"
"09/22/2021","18,028.99","18,178.91","18,185.92","17,678.60","","-0.82%"
"09/21/2021","18,178.91","18,421.96","18,541.33","18,051.57","","-1.32%"
"09/20/2021","18,421.96","18,453.59","18,471.34","18,266.86","","-0.32%"
"09/17/2021","18,480.32","18,635.58","18,724.55","18,448.01","","-0.95%"
"09/16/2021","18,658.17","18,559.73","18,682.66","18,501.39","","0.53%"
"09/15/2021","18,559.73","18,602.86","18,630.14","18,450.18","","-0.23%"
"09/14/2021","18,602.86","18,740.83","18,801.02","18,470.80","","-1.03%"
"09/13/2021","18,796.97","18,784.61","18,875.46","18,759.32","","0.07%"
"09/10/2021","18,784.61","18,573.03","18,850.26","18,573.03","","0.95%"
"09/09/2021","18,607.68","18,503.61","18,627.09","18,490.17","","0.26%"
"09/08/2021","18,559.63","18,747.04","18,808.45","18,536.68","","-1.00%"
"09/07/2021","18,747.04","18,847.98","18,894.61","18,709.93","","-0.54%"
"09/06/2021","18,847.98","18,851.16","18,933.66","18,834.08","","-0.02%"
"09/03/2021","18,851.16","18,806.07","18,916.18","18,801.18","","0.24%"
"09/02/2021","18,806.07","19,029.27","19,059.93","18,788.27","","-1.17%"
"09/01/2021","19,029.27","19,027.87","19,128.78","19,011.87","","0.01%"
"08/31/2021","19,027.87","18,995.31","19,125.19","18,974.66","","0.17%"
"08/30/2021","18,995.31","18,913.79","19,054.48","18,913.79","","0.43%"
"08/27/2021","18,913.79","18,953.90","18,981.52","18,781.14","","-0.21%"
"08/26/2021","18,953.90","19,061.89","19,114.78","18,907.45","","-0.71%"
"08/25/2021","19,090.13","19,166.02","19,214.80","19,071.99","","-0.40%"
"08/24/2021","19,166.02","19,337.45","19,340.06","19,137.35","","-0.89%"
"08/23/2021","19,337.45","19,103.04","19,357.34","19,103.04","","1.23%"
"08/20/2021","19,103.04","18,932.28","19,122.63","18,932.28","","0.90%"
"08/17/2021","18,932.28","18,782.17","18,943.66","18,782.17","","0.80%"
"08/16/2021","18,782.17","18,855.25","18,864.77","18,666.45","","-0.39%"
"08/13/2021","18,855.25","18,929.57","18,955.81","18,844.85","","-0.39%"
"08/12/2021","18,929.57","18,926.22","19,013.79","18,881.80","","0.02%"
"08/11/2021","18,926.22","18,811.93","19,031.05","18,811.93","","0.61%"
"08/10/2021","18,811.93","18,814.04","18,876.11","18,725.99","","-0.01%"
"08/09/2021","18,814.04","18,965.35","19,041.79","18,785.76","","-0.80%"
"08/06/2021","18,965.35","19,042.94","19,096.93","18,923.42","","-0.41%"
"08/05/2021","19,042.94","19,095.89","19,141.83","19,022.23","","-0.28%"
"08/04/2021","19,095.89","19,110.07","19,200.76","19,075.76","","-0.07%"
"08/03/2021","19,110.07","18,985.23","19,132.70","18,985.23","","0.66%"
"08/02/2021","18,985.23","18,837.05","19,004.63","18,808.17","","0.79%"
"07/30/2021","18,837.05","18,963.44","19,106.66","18,771.88","","-0.67%"
"07/29/2021","18,963.44","18,974.30","18,993.86","18,811.34","","-0.06%"
"07/28/2021","18,974.30","19,129.61","19,216.40","18,939.18","","-0.81%"
"07/27/2021","19,129.61","19,106.87","19,197.89","19,083.25","","0.12%"
"07/26/2021","19,106.87","19,161.24","19,228.45","19,070.58","","-0.28%"
"07/23/2021","19,161.24","19,193.18","19,235.55","19,127.94","","-0.17%"
"07/19/2021","19,193.18","19,210.35","19,301.55","19,157.80","","-0.09%"
"07/16/2021","19,210.35","19,118.99","19,245.07","19,118.99","","0.48%"
"07/15/2021","19,118.99","19,045.66","19,177.36","19,002.81","","0.39%"
"07/14/2021","19,045.66","19,077.66","19,138.32","19,042.70","","-0.17%"
"07/13/2021","19,077.66","19,061.74","19,112.01","19,049.28","","0.08%"
"07/12/2021","19,061.74","19,110.87","19,188.02","19,042.46","","-0.26%"
"07/09/2021","19,110.87","19,333.15","19,333.15","19,091.55","","-1.32%"
"07/08/2021","19,365.90","18,973.05","19,374.51","18,973.05","","2.07%"
"07/07/2021","18,973.05","19,004.84","19,025.02","18,898.00","","-0.17%"
"07/06/2021","19,004.84","19,016.89","19,137.43","18,964.17","","-0.06%"
"07/05/2021","19,016.89","19,100.47","19,122.71","18,994.35","","-0.44%"
"07/02/2021","19,100.47","19,133.79","19,257.43","19,086.15","","-0.17%"
"07/01/2021","19,133.79","18,961.90","19,187.12","18,961.90","","0.91%"
"06/30/2021","18,961.90","18,910.11","19,000.39","18,888.64","","0.27%"
"06/29/2021","18,910.11","18,873.04","19,122.11","18,873.04","","0.20%"
"06/28/2021","18,873.04","19,113.68","19,169.54","18,845.00","","-1.44%"
"06/25/2021","19,149.60","19,298.60","19,326.98","19,054.40","","-0.77%"
"06/24/2021","19,298.60","19,259.38","19,371.74","19,259.38","","0.20%"
"06/23/2021","19,259.38","19,325.06","19,384.17","19,256.09","","-0.34%"
"06/22/2021","19,325.06","19,339.65","19,429.08","19,312.78","","-0.08%"
"06/21/2021","19,339.65","19,425.65","19,471.49","19,315.28","","-0.44%"
"06/18/2021","19,425.65","19,421.09","19,520.22","19,359.55","","0.15%"
"06/17/2021","19,396.65","19,547.77","19,575.61","19,390.61","","-0.77%"
"06/16/2021","19,547.77","19,603.24","19,727.19","19,524.78","","-0.39%"
"06/15/2021","19,625.02","19,647.43","19,726.75","19,569.59","","-0.11%"
"06/14/2021","19,647.43","19,478.73","19,737.41","19,478.73","","0.87%"
"06/11/2021","19,478.73","19,482.97","19,588.94","19,447.55","","-0.30%"
"06/10/2021","19,537.60","19,317.32","19,563.13","19,317.32","","0.80%"
"06/09/2021","19,381.81","19,558.23","19,639.95","19,362.91","","-0.99%"
"06/08/2021","19,574.92","19,623.58","19,663.27","19,517.19","","-0.42%"
"06/07/2021","19,658.11","19,654.65","19,833.46","19,611.54","","0.02%"
"06/04/2021","19,654.65","19,635.61","19,737.94","19,621.54","","0.10%"
"06/03/2021","19,635.61","19,657.60","19,789.53","19,590.28","","-0.11%"
"06/02/2021","19,657.60","19,731.43","19,770.88","19,612.50","","-0.37%"
"06/01/2021","19,731.43","19,602.38","19,755.88","19,602.38","","0.66%"
"05/31/2021","19,602.38","19,299.48","19,659.93","19,299.48","","1.57%"
"05/28/2021","19,299.48","19,137.48","19,365.85","19,093.47","","0.85%"
"05/27/2021","19,137.48","19,126.85","19,293.10","19,083.75","","0.06%"
"05/26/2021","19,126.85","18,898.19","19,157.23","18,898.19","","1.21%"
"05/25/2021","18,898.19","18,780.51","18,932.75","18,759.68","","0.63%"
"05/24/2021","18,780.51","18,719.15","18,906.86","18,719.15","","0.33%"
"05/21/2021","18,719.15","18,574.93","18,746.33","18,565.07","","0.78%"
"05/20/2021","18,574.93","18,668.95","18,731.29","18,552.01","","-0.50%"
"05/19/2021","18,668.95","18,826.01","18,830.67","18,653.64","","-0.83%"
"05/18/2021","18,826.01","18,731.83","18,857.84","18,649.85","","0.50%"
"05/17/2021","18,731.83","18,469.87","18,746.98","18,469.87","","1.42%"
"05/06/2021","18,469.87","18,382.98","18,499.04","18,355.49","","0.47%"
"05/05/2021","18,382.98","18,179.32","18,496.99","18,179.32","","0.67%"
"05/04/2021","18,260.34","18,027.27","18,275.86","18,027.27","","1.29%"
"05/03/2021","18,027.27","18,100.64","18,153.48","17,832.77","","-0.41%"
"04/30/2021","18,100.64","18,351.30","18,457.31","18,059.01","","-1.37%"
"04/29/2021","18,351.30","18,441.44","18,485.16","18,308.52","","-0.61%"
"04/28/2021","18,464.43","18,580.29","18,715.30","18,444.89","","-0.62%"
"04/27/2021","18,580.29","18,797.30","18,903.81","18,517.05","","-1.15%"
"04/26/2021","18,797.30","18,276.47","18,946.64","18,147.52","","2.85%"
"04/23/2021","18,276.47","18,375.17","18,375.17","18,144.23","","-0.54%"
"04/22/2021","18,375.17","18,503.46","18,640.29","18,352.84","","-0.69%"
"04/21/2021","18,503.46","18,532.90","18,675.70","18,472.48","","-0.16%"
"04/20/2021","18,532.90","18,362.90","18,626.29","18,362.90","","0.93%"
"04/19/2021","18,362.90","18,537.78","18,537.78","18,235.99","","-0.94%"
"04/16/2021","18,537.78","18,500.58","18,612.88","18,500.58","","0.15%"
"04/15/2021","18,509.60","18,544.38","18,612.29","18,478.08","","-0.19%"
"04/14/2021","18,544.38","18,436.44","18,576.77","18,436.44","","0.59%"
"04/13/2021","18,436.44","18,441.73","18,505.53","18,371.07","","-0.03%"
"04/12/2021","18,442.89","18,484.91","18,552.29","18,325.19","","-0.23%"
"04/09/2021","18,484.91","18,303.30","18,518.18","18,303.30","","0.83%"
"04/08/2021","18,332.21","17,970.74","18,335.60","17,970.74","","1.78%"
"04/07/2021","18,012.27","18,245.89","18,328.57","17,919.21","","-1.28%"
"04/06/2021","18,245.89","17,851.24","18,274.06","17,851.24","","2.21%"
"04/05/2021","17,851.24","18,170.34","18,231.86","17,830.75","","-1.76%"
"04/02/2021","18,170.34","18,242.19","18,347.13","18,126.52","","-0.39%"
"04/01/2021","18,242.19","18,268.62","18,437.84","18,198.56","","-0.14%"
"03/31/2021","18,268.62","18,258.24","18,539.34","18,216.67","","0.06%"
"03/30/2021","18,258.24","18,264.31","18,429.66","18,146.78","","-0.03%"
"03/29/2021","18,264.31","18,722.08","18,722.08","18,207.79","","-2.45%"
"03/26/2021","18,722.08","18,849.95","18,855.01","18,673.94","","-0.68%"
"03/25/2021","18,849.95","18,800.62","19,000.55","18,800.62","","0.26%"
"03/24/2021","18,800.62","18,749.63","18,819.34","18,656.49","","0.27%"
"03/22/2021","18,749.63","18,472.98","18,773.38","18,372.43","","1.48%"
"03/19/2021","18,476.67","18,400.43","18,597.56","18,216.92","","-0.13%"
"03/18/2021","18,500.84","18,837.34","18,890.05","18,456.05","","-2.00%"
"03/17/2021","18,878.72","18,628.02","18,937.77","18,628.02","","1.35%"
"03/16/2021","18,628.02","18,569.53","18,661.41","18,479.14","","0.31%"
"03/15/2021","18,569.53","18,149.37","18,612.78","18,149.37","","2.32%"
"03/12/2021","18,149.37","17,753.45","18,273.01","17,753.45","","1.61%"
"03/11/2021","17,861.20","18,271.75","18,334.49","17,817.27","","-2.54%"
"03/10/2021","18,325.85","18,533.56","18,614.11","18,275.40","","-1.32%"
"03/09/2021","18,570.60","18,870.73","18,953.68","18,446.94","","-1.59%"
"03/08/2021","18,870.73","19,173.83","19,492.56","18,786.16","","-1.58%"
"03/05/2021","19,173.83","18,898.29","19,222.25","18,861.40","","1.46%"
"03/04/2021","18,898.29","19,278.28","19,278.28","18,766.50","","-2.08%"
"03/03/2021","19,299.03","19,235.79","19,323.22","19,191.95","","0.33%"
"03/02/2021","19,235.79","19,055.89","19,294.58","19,024.80","","0.94%"
"03/01/2021","19,055.89","19,173.08","19,261.46","18,826.61","","-0.61%"
"02/26/2021","19,173.08","19,199.15","19,346.64","19,125.01","","-0.14%"
"02/25/2021","19,199.15","18,884.28","19,232.79","18,884.28","","1.67%"
"02/24/2021","18,884.28","18,985.45","19,071.98","18,804.64","","-0.53%"
"02/23/2021","18,985.45","19,059.09","19,160.69","18,953.29","","-0.39%"
"02/22/2021","19,059.09","19,230.64","19,314.94","18,991.56","","-0.89%"
"02/19/2021","19,230.64","19,216.31","19,345.66","19,195.41","","0.07%"
"02/18/2021","19,216.31","19,560.59","19,576.19","19,216.31","","-1.76%"
"02/17/2021","19,560.59","19,619.30","19,818.04","19,537.07","","-0.30%"
"02/16/2021","19,619.30","19,347.11","19,640.35","19,347.11","","1.41%"
"02/15/2021","19,347.11","19,104.50","19,431.13","19,104.50","","1.27%"
"02/12/2021","19,104.50","19,222.01","19,364.62","19,068.56","","-0.61%"
"02/11/2021","19,222.01","19,474.31","19,601.52","19,177.89","","-1.30%"
"02/10/2021","19,474.31","19,486.59","19,574.11","19,345.14","","-0.06%"
"02/09/2021","19,486.59","19,499.85","19,639.08","19,463.66","","-0.07%"
"02/08/2021","19,499.85","19,538.12","19,624.32","19,456.94","","-0.39%"
"02/04/2021","19,575.99","19,568.76","19,815.25","19,523.94","","0.04%"
"02/03/2021","19,568.76","19,398.57","19,658.46","19,398.57","","0.88%"
"02/02/2021","19,398.57","19,208.14","19,439.39","19,208.14","","0.99%"
"02/01/2021","19,208.14","19,318.85","19,483.83","19,174.37","","-0.57%"
"01/29/2021","19,318.85","19,259.11","19,460.41","19,259.11","","0.31%"
"01/28/2021","19,259.11","19,370.27","19,481.80","19,238.27","","-0.57%"
"01/27/2021","19,370.27","19,259.00","19,469.67","19,259.00","","0.58%"
"01/26/2021","19,259.00","19,165.52","19,311.28","19,165.52","","0.49%"
"01/25/2021","19,165.52","19,060.98","19,210.96","19,060.98","","0.55%"
"01/22/2021","19,060.98","19,148.16","19,205.29","19,002.76","","-0.46%"
"01/21/2021","19,148.16","19,025.55","19,204.99","19,022.12","","0.64%"
"01/20/2021","19,025.55","19,152.66","19,152.66","18,977.25","","-0.66%"
"01/19/2021","19,152.66","19,019.75","19,183.88","18,951.05","","0.70%"
"01/18/2021","19,019.75","19,109.64","19,167.11","19,001.01","","-0.47%"
"01/15/2021","19,109.64","19,177.68","19,238.86","19,086.21","","-0.35%"
"01/14/2021","19,177.68","19,286.15","19,359.05","19,122.30","","-0.56%"
"01/13/2021","19,286.15","19,212.13","19,393.76","19,212.13","","0.39%"
"01/12/2021","19,212.13","19,096.05","19,261.14","19,096.05","","0.61%"
"01/11/2021","19,096.05","19,323.78","19,330.40","19,056.35","","-0.14%"
"01/08/2021","19,123.77","19,008.24","19,251.16","19,008.24","","0.61%"
"01/07/2021","19,008.24","18,921.67","19,164.32","18,921.67","","0.46%"
"01/06/2021","18,921.67","18,708.70","18,943.96","18,708.70","","1.14%"
"01/05/2021","18,708.70","18,770.20","18,805.20","18,639.92","","-0.33%"
"01/04/2021","18,770.20","18,584.01","18,956.25","18,584.01","","1.00%"
"01/01/2021","18,584.01","18,180.00","18,752.29","18,180.00","","2.22%"
"12/31/2020","18,180.00","18,139.73","18,241.04","18,130.55","","0.22%"
"12/30/2020","18,139.73","18,001.40","18,182.50","18,001.40","","0.88%"
"12/29/2020","17,981.18","18,213.33","18,318.72","17,949.28","","-1.27%"
"12/28/2020","18,213.33","18,097.72","18,252.76","18,097.72","","0.64%"
"12/24/2020","18,097.72","17,939.18","18,209.39","17,939.18","","0.88%"
"12/23/2020","17,939.18","17,857.10","18,001.32","17,830.97","","0.46%"
"12/22/2020","17,857.10","18,023.20","18,109.58","17,808.56","","-0.92%"
"12/21/2020","18,023.20","18,246.21","18,250.29","18,012.87","","-1.22%"
"12/18/2020","18,246.21","18,271.64","18,366.81","18,208.25","","-0.14%"
"12/17/2020","18,271.64","18,101.62","18,291.65","18,101.62","","0.94%"
"12/16/2020","18,101.62","18,040.70","18,194.19","17,994.87","","0.34%"
"12/15/2020","18,040.70","18,088.67","18,253.40","17,989.04","","-0.27%"
"12/14/2020","18,088.67","17,730.15","18,116.24","17,730.15","","2.02%"
"12/11/2020","17,730.15","17,652.94","17,795.91","17,652.94","","0.33%"
"12/10/2020","17,671.83","17,634.28","17,742.24","17,586.14","","-0.11%"
"12/09/2020","17,691.26","17,633.31","17,748.60","17,608.99","","0.33%"
"12/08/2020","17,633.31","17,625.88","17,686.58","17,542.68","","0.04%"
"12/07/2020","17,625.88","17,682.50","17,728.34","17,592.50","","-0.32%"
"12/04/2020","17,682.50","17,618.24","17,750.24","17,618.24","","0.10%"
"12/03/2020","17,664.64","17,642.19","17,818.39","17,641.89","","-0.02%"
"12/02/2020","17,668.32","17,533.49","17,698.08","17,515.09","","0.77%"
"12/01/2020","17,533.49","17,281.51","17,577.94","17,281.51","","1.46%"
"11/30/2020","17,281.51","17,159.82","17,313.68","17,078.61","","0.71%"
"11/27/2020","17,159.82","17,294.79","17,297.52","17,130.04","","-0.78%"
"11/26/2020","17,294.79","17,016.38","17,343.67","17,016.38","","1.64%"
"11/25/2020","17,016.38","16,751.65","17,039.83","16,751.65","","1.58%"
"11/24/2020","16,751.65","16,649.46","16,826.37","16,639.64","","0.35%"
"11/23/2020","16,693.45","16,903.30","16,903.30","16,544.56","","-1.24%"
"11/20/2020","16,903.30","17,056.64","17,089.31","16,873.96","","-0.90%"
"11/19/2020","17,056.64","17,035.67","17,155.08","16,998.63","","0.00%"
"11/18/2020","17,056.49","17,114.28","17,122.16","16,979.35","","-0.34%"
"11/17/2020","17,114.28","17,006.70","17,261.08","17,006.70","","0.63%"
"11/16/2020","17,006.70","17,026.65","17,125.95","16,977.52","","-0.12%"
"11/13/2020","17,026.65","17,061.33","17,116.30","16,914.18","","-0.20%"
"11/12/2020","17,061.33","17,367.33","17,367.33","17,027.17","","-1.76%"
"11/11/2020","17,367.33","17,308.15","17,401.77","17,225.15","","0.34%"
"11/10/2020","17,308.15","17,098.24","17,528.57","17,098.24","","1.23%"
"11/09/2020","17,098.24","17,061.09","17,164.91","16,990.74","","0.10%"
"11/06/2020","17,081.79","17,243.25","17,277.79","17,055.64","","-0.94%"
"11/05/2020","17,243.25","16,865.98","17,247.40","16,865.98","","2.24%"
"11/04/2020","16,865.98","16,994.02","17,210.46","16,840.97","","-0.75%"
"11/03/2020","16,994.02","16,403.45","17,008.40","16,403.45","","3.60%"
"11/02/2020","16,403.45","16,750.37","16,750.37","16,276.22","","-2.07%"
"10/29/2020","16,750.37","17,297.09","17,297.09","16,474.03","","-3.16%"
"10/28/2020","17,297.09","17,377.57","17,507.05","17,257.38","","-0.46%"
"10/27/2020","17,377.57","17,594.63","17,626.14","17,354.07","","-1.23%"
"10/26/2020","17,594.63","17,381.28","17,616.51","17,381.28","","1.23%"
"10/23/2020","17,381.28","17,363.18","17,449.55","17,298.38","","0.10%"
"10/22/2020","17,363.18","17,518.32","17,666.82","17,316.58","","-0.89%"
"10/21/2020","17,518.32","17,281.78","17,559.44","17,281.78","","1.37%"
"10/20/2020","17,281.78","16,969.72","17,315.62","16,969.72","","1.68%"
"10/19/2020","16,996.82","16,925.60","17,063.43","16,862.25","","0.37%"
"10/16/2020","16,934.86","16,870.98","16,962.39","16,719.57","","0.38%"
"10/15/2020","16,870.98","16,943.19","17,108.67","16,838.59","","-0.43%"
"10/14/2020","16,943.19","16,906.81","16,987.96","16,814.33","","0.16%"
"10/13/2020","16,916.57","17,013.60","17,022.12","16,760.33","","-0.57%"
"10/12/2020","17,013.60","17,279.49","17,390.01","16,977.22","","-1.54%"
"10/09/2020","17,279.49","17,070.33","17,311.22","17,044.61","","0.89%"
"10/08/2020","17,127.38","16,853.38","17,169.11","16,853.38","","1.63%"
"10/07/2020","16,853.38","16,594.97","16,910.21","16,594.97","","1.56%"
"10/06/2020","16,594.97","16,586.49","16,723.71","16,339.42","","0.05%"
"10/05/2020","16,586.49","16,979.40","16,979.40","16,502.33","","-2.31%"
"10/02/2020","16,979.40","17,258.63","17,302.40","16,894.55","","-1.62%"
"10/01/2020","17,258.63","17,205.34","17,300.57","17,017.20","","0.31%"
"09/30/2020","17,205.34","17,470.17","17,556.46","17,172.41","","-1.52%"
"09/29/2020","17,470.17","17,251.51","17,580.77","17,103.19","","1.27%"
"09/28/2020","17,251.51","17,605.68","17,672.70","17,216.63","","-2.01%"
"09/25/2020","17,605.68","17,658.54","17,759.31","17,550.63","","-0.30%"
"09/24/2020","17,658.54","17,674.11","17,691.84","17,468.12","","-0.09%"
"09/23/2020","17,674.11","17,696.62","17,793.27","17,648.61","","-0.13%"
"09/22/2020","17,696.62","17,889.85","17,889.85","17,658.27","","-1.08%"
"09/21/2020","17,889.85","18,046.26","18,063.67","17,872.90","","-0.87%"
"09/18/2020","18,046.26","17,943.03","18,066.25","17,873.28","","0.57%"
"09/17/2020","17,943.81","17,910.68","18,070.59","17,910.68","","0.18%"
"09/16/2020","17,910.68","17,942.33","18,020.47","17,839.73","","-0.18%"
"09/15/2020","17,942.33","18,034.69","18,156.98","17,906.58","","-0.51%"
"09/14/2020","18,034.69","18,033.88","18,121.46","17,974.74","","-0.20%"
"09/11/2020","18,071.14","18,096.68","18,207.92","18,011.38","","-0.14%"
"09/10/2020","18,096.68","17,796.73","18,225.30","17,796.73","","1.52%"
"09/09/2020","17,825.01","17,839.64","17,912.54","17,646.49","","-0.08%"
"09/08/2020","17,839.64","17,963.39","18,037.92","17,800.07","","-0.88%"
"09/07/2020","17,998.72","17,918.63","18,042.06","17,902.25","","0.45%"
"09/04/2020","17,918.63","18,031.79","18,066.87","17,879.79","","-0.63%"
"09/03/2020","18,031.79","17,938.02","18,070.05","17,938.02","","0.52%"
"09/02/2020","17,938.02","17,776.37","18,019.47","17,776.37","","0.91%"
"09/01/2020","17,776.37","17,707.20","17,789.45","17,672.64","","0.39%"
"08/31/2020","17,707.20","17,695.40","17,811.25","17,678.02","","0.07%"
"08/28/2020","17,695.40","17,739.45","17,767.68","17,671.01","","-0.25%"
"08/27/2020","17,739.45","17,689.62","17,857.12","17,689.62","","0.28%"
"08/26/2020","17,689.62","17,439.80","17,709.71","17,431.88","","1.43%"
"08/25/2020","17,439.80","17,229.29","17,466.13","17,229.29","","1.22%"
"08/24/2020","17,229.29","17,176.77","17,248.66","17,086.23","","0.31%"
"08/21/2020","17,176.77","17,283.47","17,283.47","16,979.35","","-0.62%"
"08/20/2020","17,283.47","17,422.77","17,469.64","17,229.68","","-0.80%"
"08/19/2020","17,422.77","17,401.87","17,519.42","17,353.03","","0.12%"
"08/18/2020","17,401.87","17,385.43","17,534.55","17,357.32","","0.09%"
"08/17/2020","17,385.43","17,538.41","17,600.62","17,312.86","","-0.87%"
"08/13/2020","17,538.41","17,625.82","17,671.89","17,350.63","","-0.50%"
"08/12/2020","17,625.82","17,607.03","17,904.23","17,588.37","","0.11%"
"08/11/2020","17,607.03","17,261.63","17,669.19","17,261.63","","2.00%"
"08/10/2020","17,261.63","17,297.04","17,374.44","17,216.53","","-0.20%"
"08/07/2020","17,297.04","17,424.56","17,540.17","17,265.18","","-0.73%"
"08/06/2020","17,424.56","17,289.32","17,542.14","17,289.32","","0.73%"
"08/05/2020","17,297.71","17,157.53","17,333.07","17,073.14","","0.82%"
"08/04/2020","17,157.53","17,320.46","17,537.95","17,135.15","","-0.94%"
"08/03/2020","17,320.46","17,070.02","17,362.40","17,070.02","","1.47%"
"07/30/2020","17,070.02","16,897.70","17,095.11","16,865.07","","1.02%"
"07/29/2020","16,897.70","16,821.71","17,027.35","16,821.71","","0.45%"
"07/28/2020","16,821.71","16,634.28","16,876.21","16,634.28","","1.13%"
"07/27/2020","16,634.28","16,315.36","16,680.94","16,315.36","","1.95%"
"07/24/2020","16,315.36","16,287.44","16,460.60","16,117.06","","0.17%"
"07/23/2020","16,287.44","16,407.70","16,540.95","16,266.88","","-0.73%"
"07/22/2020","16,407.70","16,368.24","16,477.58","16,265.38","","0.24%"
"07/21/2020","16,368.24","16,289.22","16,469.37","16,190.18","","0.49%"
"07/20/2020","16,289.22","16,147.83","16,347.33","16,147.83","","0.88%"
"07/17/2020","16,147.83","16,056.52","16,174.52","16,056.52","","0.57%"
"07/16/2020","16,056.52","15,893.45","16,070.57","15,893.45","","1.03%"
"07/15/2020","15,893.45","15,927.82","15,999.01","15,873.71","","-0.22%"
"07/14/2020","15,927.82","15,901.05","16,027.77","15,842.08","","0.17%"
"07/13/2020","15,901.05","15,693.71","15,947.77","15,693.71","","1.32%"
"07/10/2020","15,693.71","15,675.77","15,735.53","15,599.39","","0.11%"
"07/09/2020","15,675.77","15,432.74","15,703.28","15,432.74","","1.57%"
"07/08/2020","15,432.74","15,281.29","15,444.18","15,281.29","","0.99%"
"07/07/2020","15,281.29","15,246.96","15,384.24","15,246.96","","0.23%"
"07/06/2020","15,246.96","15,202.82","15,281.53","15,156.05","","0.29%"
"07/03/2020","15,202.82","15,157.86","15,229.51","15,123.79","","0.30%"
"07/02/2020","15,157.86","15,121.75","15,259.22","15,113.57","","0.24%"
"07/01/2020","15,121.75","14,862.25","15,150.75","14,844.74","","1.75%"
"06/30/2020","14,862.25","14,752.61","14,865.31","14,741.74","","0.74%"
"06/29/2020","14,752.61","14,680.15","14,779.23","14,565.43","","0.49%"
"06/26/2020","14,680.15","14,556.71","14,707.45","14,556.71","","0.85%"
"06/25/2020","14,556.71","14,718.84","14,718.84","14,545.37","","-1.10%"
"06/24/2020","14,718.84","14,777.68","14,823.22","14,697.74","","-0.40%"
"06/23/2020","14,777.68","14,617.26","14,791.64","14,617.26","","1.10%"
"06/22/2020","14,617.26","14,439.46","14,636.30","14,296.18","","1.23%"
"06/19/2020","14,439.46","14,461.31","14,562.81","14,393.51","","-0.15%"
"06/18/2020","14,461.31","14,632.79","14,669.60","14,428.75","","-1.17%"
"06/17/2020","14,632.79","14,746.73","14,931.90","14,608.78","","-0.77%"
"06/16/2020","14,746.73","14,663.61","14,804.73","14,659.27","","0.57%"
"06/15/2020","14,663.61","15,038.83","15,038.83","14,650.31","","-2.49%"
"06/12/2020","15,037.42","15,304.56","15,304.56","14,950.36","","-1.91%"
"06/11/2020","15,330.27","15,311.81","15,389.49","15,254.61","","0.12%"
"06/10/2020","15,311.81","15,174.93","15,330.37","15,174.93","","0.81%"
"06/09/2020","15,188.41","15,170.66","15,210.30","15,109.42","","0.12%"
"06/08/2020","15,170.66","14,972.95","15,179.59","14,972.95","","1.13%"
"06/05/2020","15,000.89","14,915.41","15,013.58","14,888.00","","0.57%"
"06/04/2020","14,915.41","15,073.04","15,073.04","14,903.64","","-1.05%"
"06/03/2020","15,073.04","15,071.48","15,218.13","15,047.28","","0.01%"
"06/02/2020","15,071.48","14,855.65","15,144.04","14,853.59","","1.45%"
"06/01/2020","14,855.65","14,743.11","14,875.86","14,687.55","","0.76%"
"05/29/2020","14,743.11","14,648.61","14,807.39","14,648.61","","0.65%"
"05/28/2020","14,648.61","14,747.60","14,747.60","14,610.43","","-0.67%"
"05/21/2020","14,747.60","14,795.32","14,849.25","14,725.42","","-0.32%"
"05/20/2020","14,795.32","14,923.03","14,948.32","14,734.18","","-0.86%"
"05/19/2020","14,923.03","14,799.86","15,054.61","14,799.86","","0.83%"
"05/18/2020","14,799.86","14,903.66","15,110.94","14,780.24","","-0.70%"
"05/15/2020","14,903.66","14,818.58","14,929.30","14,818.58","","0.57%"
"05/14/2020","14,818.58","14,796.73","14,955.39","14,778.62","","0.15%"
"05/13/2020","14,796.73","14,744.46","14,850.12","14,744.46","","0.03%"
"05/12/2020","14,792.93","14,607.93","14,816.37","14,607.93","","1.27%"
"05/11/2020","14,607.93","14,619.70","14,648.39","14,539.80","","-0.08%"
"05/08/2020","14,619.70","14,634.38","14,745.04","14,565.35","","-0.10%"
"05/07/2020","14,634.38","14,844.17","14,887.79","14,603.79","","-1.41%"
"05/06/2020","14,844.17","15,007.88","15,086.36","14,822.84","","-1.09%"
"05/05/2020","15,007.88","14,956.29","15,201.96","14,947.09","","0.34%"
"05/04/2020","14,956.29","15,081.82","15,094.02","14,871.42","","-0.83%"
"04/30/2020","15,081.82","14,576.60","15,116.45","14,576.60","","3.47%"
"04/29/2020","14,576.60","14,281.23","14,593.24","14,281.23","","2.07%"
"04/28/2020","14,281.23","14,186.23","14,313.91","14,169.44","","0.67%"
"04/27/2020","14,186.23","14,422.30","14,422.30","14,069.96","","-1.64%"
"04/24/2020","14,422.30","14,424.47","14,557.93","14,387.52","","-0.02%"
"04/23/2020","14,424.47","14,226.04","14,483.24","14,204.91","","1.39%"
"04/22/2020","14,226.04","14,233.23","14,344.40","13,927.05","","-0.05%"
"04/21/2020","14,233.23","14,811.67","14,811.67","14,174.01","","-3.91%"
"04/20/2020","14,811.67","14,407.56","14,946.82","14,407.56","","2.80%"
"04/17/2020","14,407.56","13,746.43","14,649.77","13,746.43","","4.81%"
"04/16/2020","13,746.43","13,761.43","13,858.45","13,633.52","","-0.11%"
"04/15/2020","13,761.43","13,818.67","14,065.84","13,734.40","","-0.42%"
"04/14/2020","13,819.61","13,724.25","13,929.60","13,675.08","","0.69%"
"04/13/2020","13,724.25","14,205.20","14,205.20","13,661.62","","-3.39%"
"04/10/2020","14,205.20","14,129.60","14,216.56","13,879.18","","0.42%"
"04/09/2020","14,146.20","13,717.92","14,238.14","13,717.92","","3.12%"
"04/08/2020","13,717.92","13,865.80","13,865.80","13,602.30","","-1.07%"
"04/07/2020","13,865.80","13,526.01","13,913.77","13,526.01","","2.51%"
"04/06/2020","13,526.01","14,014.75","14,164.18","13,489.69","","-3.49%"
"04/03/2020","14,014.75","13,546.88","14,104.66","13,546.88","","3.45%"
"04/02/2020","13,546.88","12,921.30","13,574.20","12,887.01","","4.84%"
"04/01/2020","12,921.30","12,861.22","13,038.94","12,647.17","","0.47%"
"03/31/2020","12,861.22","12,285.08","12,944.57","12,270.06","","4.69%"
"03/30/2020","12,285.08","12,320.24","12,320.24","11,928.37","","-0.29%"
"03/27/2020","12,320.24","11,879.19","12,406.28","11,815.42","","3.71%"
"03/26/2020","11,879.19","11,833.83","12,326.49","11,717.95","","0.38%"
"03/25/2020","11,833.83","12,526.91","12,618.95","11,798.44","","-5.53%"
"03/24/2020","12,526.91","13,537.03","13,537.03","12,520.92","","-7.46%"
"03/20/2020","13,537.03","13,187.32","13,702.65","13,108.51","","2.48%"
"03/19/2020","13,209.64","13,235.66","13,384.21","12,267.24","","-0.30%"
"03/18/2020","13,249.13","14,300.18","14,300.18","13,235.19","","-7.49%"
"03/17/2020","14,321.08","14,855.47","14,937.96","14,181.76","","-3.66%"
"03/16/2020","14,864.92","16,016.64","16,016.64","14,839.90","","-7.19%"
"03/13/2020","16,016.64","15,963.58","16,083.67","15,036.64","","0.15%"
"03/12/2020","15,992.37","16,891.98","16,891.98","15,932.74","","-5.53%"
"03/11/2020","16,928.81","16,914.76","17,261.08","16,829.65","","-0.14%"
"03/10/2020","16,952.55","16,649.95","16,977.50","16,529.02","","1.59%"
"03/09/2020","16,686.68","17,385.40","17,385.40","16,185.46","","-4.02%"
"03/06/2020","17,385.40","18,049.00","18,049.00","17,337.64","","-3.85%"
"03/05/2020","18,082.11","17,856.26","18,296.80","17,856.26","","1.26%"
"03/04/2020","17,856.26","18,025.45","18,049.12","17,791.49","","-0.94%"
"03/03/2020","18,025.45","18,105.04","18,402.61","17,964.12","","-0.44%"
"03/02/2020","18,105.04","17,477.60","18,138.23","17,477.60","","3.59%"
"02/28/2020","17,477.60","17,579.21","17,682.02","17,359.12","","-0.58%"
"02/27/2020","17,579.21","17,647.62","17,647.62","16,956.13","","-0.39%"
"02/26/2020","17,647.62","17,878.38","17,949.92","17,480.68","","-1.29%"
"02/25/2020","17,878.38","18,051.56","18,103.91","17,800.71","","-0.96%"
"02/24/2020","18,051.56","18,597.97","18,597.97","18,005.75","","-2.94%"
"02/21/2020","18,597.97","18,721.68","18,729.33","18,546.78","","-0.66%"
"02/20/2020","18,721.68","18,793.12","18,865.19","18,702.56","","-0.38%"
"02/19/2020","18,793.12","18,595.01","18,833.08","18,595.01","","1.07%"
"02/18/2020","18,595.01","18,604.04","18,803.68","18,521.11","","-0.05%"
"02/17/2020","18,604.04","18,598.66","18,753.28","18,475.69","","0.03%"
"02/14/2020","18,598.66","18,653.35","18,744.46","18,505.29","","-0.29%"
"02/13/2020","18,653.35","18,691.34","18,822.56","18,578.14","","-0.21%"
"02/12/2020","18,692.93","18,288.96","18,749.58","18,288.96","","2.21%"
"02/11/2020","18,288.96","18,090.65","18,426.97","17,985.52","","1.10%"
"02/10/2020","18,090.65","18,454.51","18,462.37","18,052.58","","-1.97%"
"02/07/2020","18,454.51","18,713.45","18,808.16","18,403.82","","-1.38%"
"02/06/2020","18,713.45","18,790.72","18,941.07","18,692.85","","-0.41%"
"02/04/2020","18,790.72","18,515.43","18,829.07","18,499.90","","1.49%"
"02/03/2020","18,515.43","19,147.78","19,147.78","18,407.35","","-3.30%"
"01/31/2020","19,147.78","19,346.47","19,442.11","19,115.98","","-1.03%"
"01/30/2020","19,346.47","19,393.01","19,401.70","19,172.20","","-0.24%"
"01/29/2020","19,393.01","19,591.46","19,656.83","19,330.96","","-1.01%"
"01/28/2020","19,591.46","19,737.88","19,737.88","19,516.73","","-0.74%"
"01/27/2020","19,737.88","19,806.85","19,838.26","19,685.27","","-0.35%"
"01/24/2020","19,806.85","19,728.54","19,851.43","19,604.64","","0.40%"
"01/23/2020","19,728.54","19,739.37","19,914.47","19,691.65","","-0.05%"
"01/22/2020","19,739.37","19,722.71","19,801.42","19,493.28","","0.08%"
"01/21/2020","19,722.71","19,798.84","19,926.84","19,575.23","","-0.38%"
"01/20/2020","19,798.84","19,997.27","20,080.34","19,740.19","","-0.99%"
"01/17/2020","19,997.27","19,965.30","20,053.56","19,928.35","","0.16%"
"01/16/2020","19,965.30","19,931.61","20,034.12","19,818.41","","0.17%"
"01/15/2020","19,931.61","20,030.06","20,043.82","19,860.45","","-0.49%"
"01/14/2020","20,030.06","20,032.51","20,140.63","19,971.87","","-0.01%"
"01/13/2020","20,032.51","20,028.20","20,170.18","19,945.03","","0.02%"
"01/10/2020","20,028.20","19,659.38","20,045.40","19,659.38","","1.88%"
"01/09/2020","19,659.38","19,071.34","19,677.81","19,071.34","","3.08%"
"01/08/2020","19,071.34","19,331.46","19,366.85","18,972.21","","-1.35%"
"01/07/2020","19,331.46","19,009.10","19,369.42","19,009.10","","1.70%"
"01/06/2020","19,009.10","19,473.76","19,473.76","18,957.46","","-2.39%"
"01/03/2020","19,473.76","19,538.61","19,732.77","19,326.66","","-0.33%"
"01/02/2020","19,538.61","18,997.91","19,579.81","18,997.91","","2.85%"
"01/01/2020","18,997.91","18,656.48","19,084.06","18,656.48","","1.83%"
"12/31/2019","18,656.48","18,752.10","18,792.10","18,633.27","","-0.51%"
"12/30/2019","18,752.10","18,776.98","18,987.91","18,722.22","","-0.13%"
"12/27/2019","18,776.98","18,863.15","18,977.75","18,707.02","","-0.46%"
"12/26/2019","18,863.15","18,423.28","18,875.09","18,423.28","","2.39%"
"12/24/2019","18,423.28","18,267.62","18,513.05","18,015.96","","0.85%"
"12/23/2019","18,267.62","18,656.48","18,656.48","18,244.85","","-2.08%"
"12/20/2019","18,656.48","18,587.14","18,781.80","18,498.07","","0.37%"
"12/19/2019","18,587.14","19,010.03","19,072.25","18,471.25","","-2.22%"
"12/18/2019","19,010.03","19,086.33","19,170.38","18,876.13","","-0.40%"
"12/17/2019","19,086.33","18,969.00","19,189.93","18,717.29","","0.62%"
"12/16/2019","18,969.00","18,619.27","18,996.41","18,619.27","","1.88%"
"12/13/2019","18,619.27","18,408.29","18,706.18","18,408.29","","1.15%"
"12/12/2019","18,408.29","18,429.53","18,557.09","18,287.63","","-0.12%"
"12/11/2019","18,429.53","18,506.31","18,613.49","18,378.53","","-0.54%"
"12/10/2019","18,529.85","18,446.28","18,539.83","18,343.00","","0.43%"
"12/09/2019","18,450.97","18,598.68","18,680.93","18,372.26","","-0.79%"
"12/06/2019","18,598.68","18,571.15","18,726.33","18,543.85","","0.15%"
"12/05/2019","18,571.15","18,399.67","18,672.08","18,399.67","","0.93%"
"12/04/2019","18,399.67","18,181.74","18,431.14","18,099.54","","1.07%"
"12/03/2019","18,204.21","18,350.86","18,521.48","18,173.64","","-1.00%"
"12/02/2019","18,387.87","18,010.25","18,402.74","17,958.06","","2.10%"
"11/29/2019","18,010.25","17,782.52","18,117.02","17,782.52","","1.28%"
"11/28/2019","17,782.52","17,523.17","17,842.94","17,519.36","","1.48%"
"11/27/2019","17,523.17","17,391.67","17,552.88","17,289.92","","0.76%"
"11/26/2019","17,391.67","17,647.96","17,771.47","17,265.42","","-1.45%"
"11/25/2019","17,647.96","17,531.27","17,704.06","17,484.19","","0.67%"
"11/22/2019","17,531.27","17,106.81","17,544.98","17,021.68","","2.48%"
"11/21/2019","17,106.81","17,561.08","17,590.72","17,073.67","","-2.59%"
"11/20/2019","17,561.08","17,831.68","17,874.79","17,521.85","","-1.52%"
"11/19/2019","17,831.68","17,744.44","18,008.51","17,743.33","","0.49%"
"11/18/2019","17,744.44","17,340.53","17,765.57","17,340.53","","2.33%"
"11/15/2019","17,340.53","17,261.99","17,365.10","17,215.83","","0.15%"
"11/14/2019","17,314.62","17,312.77","17,467.05","17,258.31","","0.01%"
"11/13/2019","17,312.77","17,117.17","17,380.24","16,938.61","","1.14%"
"11/12/2019","17,117.17","17,179.10","17,366.03","17,091.75","","-0.38%"
"11/11/2019","17,181.88","16,745.22","17,199.20","16,745.22","","2.56%"
"11/08/2019","16,753.51","16,646.39","16,792.45","16,642.70","","0.64%"
"11/07/2019","16,646.39","16,593.10","16,689.45","16,488.12","","0.24%"
"11/06/2019","16,606.48","16,526.59","16,834.69","16,526.59","","0.48%"
"11/05/2019","16,526.59","16,532.14","16,688.64","16,483.71","","-0.03%"
"11/04/2019","16,532.14","16,044.69","16,557.92","16,044.69","","3.04%"
"11/01/2019","16,044.69","15,937.71","16,075.92","15,876.77","","0.67%"
"10/31/2019","15,937.71","15,706.79","15,993.97","15,706.79","","1.18%"
"10/30/2019","15,752.45","15,795.25","15,891.02","15,718.68","","-0.27%"
"10/29/2019","15,795.25","15,840.46","15,925.57","15,750.74","","-0.29%"
"10/28/2019","15,840.46","15,737.89","15,916.47","15,684.06","","0.65%"
"10/25/2019","15,737.89","15,783.91","15,884.50","15,704.96","","-0.29%"
"10/24/2019","15,783.91","15,616.11","15,857.70","15,616.11","","1.07%"
"10/23/2019","15,616.11","15,487.23","15,742.11","15,487.23","","0.83%"
"10/22/2019","15,487.23","15,431.45","15,509.46","15,367.21","","0.36%"
"10/21/2019","15,431.45","15,828.63","15,843.32","15,413.29","","-2.51%"
"10/18/2019","15,828.63","15,802.26","15,936.00","15,673.31","","0.04%"
"10/17/2019","15,822.20","16,022.41","16,056.71","15,796.03","","-1.35%"
"10/16/2019","16,039.48","15,945.83","16,130.12","15,945.83","","0.20%"
"10/15/2019","16,007.73","16,089.72","16,132.76","15,961.73","","-0.51%"
"10/14/2019","16,089.72","16,236.67","16,361.96","16,058.29","","-0.91%"
"10/11/2019","16,237.38","15,963.52","16,334.93","15,963.52","","1.72%"
"10/10/2019","15,963.52","15,746.87","15,980.17","15,725.85","","1.33%"
"10/09/2019","15,754.76","15,735.70","15,785.74","15,642.47","","0.12%"
"10/08/2019","15,735.70","15,815.72","15,954.87","15,695.68","","-0.51%"
"10/07/2019","15,815.72","15,493.02","15,936.21","15,440.10","","2.08%"
"10/04/2019","15,493.02","15,349.71","15,513.15","15,312.79","","0.93%"
"10/03/2019","15,349.71","15,167.88","15,410.30","15,120.11","","1.20%"
"10/02/2019","15,167.88","15,107.45","15,189.07","15,054.42","","0.40%"
"10/01/2019","15,107.45","15,018.03","15,146.22","14,963.27","","0.60%"
"09/30/2019","15,018.03","14,998.07","15,185.66","14,948.58","","0.13%"
"09/27/2019","14,998.07","14,659.21","15,020.77","14,619.55","","2.31%"
"09/26/2019","14,659.21","14,765.16","14,779.84","14,577.53","","-0.72%"
"09/25/2019","14,765.16","14,934.04","14,954.31","14,726.70","","-1.13%"
"09/24/2019","14,934.04","14,919.33","14,973.53","14,734.35","","0.10%"
"09/23/2019","14,919.33","15,103.00","15,138.26","14,890.42","","-1.22%"
"09/20/2019","15,103.00","15,146.65","15,222.84","15,061.38","","-0.29%"
"09/19/2019","15,146.65","14,813.93","15,171.08","14,758.05","","2.19%"
"09/18/2019","14,822.24","15,033.20","15,033.20","14,792.48","","-1.40%"
"09/17/2019","15,033.20","15,066.29","15,167.56","14,965.31","","-0.22%"
"09/16/2019","15,066.29","14,790.29","15,088.11","14,790.29","","1.56%"
"09/13/2019","14,834.17","14,874.72","14,938.27","14,722.93","","-0.55%"
"09/12/2019","14,915.86","14,571.21","15,092.75","14,569.82","","2.16%"
"09/11/2019","14,600.91","14,271.77","14,635.68","14,271.77","","2.09%"
"09/06/2019","14,302.52","14,157.92","14,350.22","14,019.22","","1.02%"
"09/05/2019","14,157.92","14,165.79","14,462.31","14,111.18","","-0.71%"
"09/04/2019","14,258.71","13,996.81","14,338.75","13,794.83","","1.87%"
"09/03/2019","13,996.81","14,119.86","14,252.19","13,952.55","","-0.87%"
"09/02/2019","14,119.86","13,906.98","14,210.80","13,906.98","","1.35%"
"08/30/2019","13,931.69","14,251.39","14,331.12","13,876.61","","-2.24%"
"08/29/2019","14,251.39","14,503.04","14,607.79","14,212.51","","-1.74%"
"08/28/2019","14,503.04","14,435.60","14,760.64","14,435.60","","0.47%"
"08/27/2019","14,435.60","14,395.38","14,474.94","14,070.13","","0.28%"
"08/26/2019","14,395.38","14,847.96","14,847.96","14,328.23","","-3.05%"
"08/23/2019","14,847.96","15,138.24","15,239.04","14,764.75","","-1.92%"
"08/22/2019","15,138.24","14,668.48","15,157.08","14,668.48","","3.20%"
"08/21/2019","14,668.48","14,347.63","14,742.42","14,347.63","","2.24%"
"08/20/2019","14,347.63","13,852.89","14,410.77","13,852.89","","3.57%"
"08/19/2019","13,852.89","13,406.78","13,877.69","13,348.49","","3.33%"
"08/16/2019","13,406.78","13,793.17","13,793.17","13,347.09","","-2.80%"
"08/09/2019","13,793.17","13,993.91","14,163.64","13,735.75","","-1.43%"
"08/08/2019","13,993.91","14,288.50","14,288.50","13,826.87","","-2.06%"
"08/07/2019","14,288.50","14,706.48","14,707.82","14,249.16","","-2.84%"
"08/06/2019","14,706.48","14,785.70","14,892.06","14,669.02","","-0.54%"
"08/05/2019","14,785.70","15,051.90","15,051.90","14,669.04","","-1.77%"
"08/02/2019","15,051.90","15,171.76","15,171.88","14,925.75","","-0.79%"
"08/01/2019","15,171.76","15,231.81","15,308.24","15,139.79","","-0.39%"
"07/31/2019","15,231.81","15,069.94","15,254.69","15,029.77","","1.07%"
"07/30/2019","15,069.94","15,104.41","15,134.82","14,958.39","","-0.23%"
"07/29/2019","15,104.41","15,283.39","15,301.15","15,087.82","","-1.17%"
"07/26/2019","15,283.39","15,426.90","15,427.23","15,242.14","47.25K","-0.96%"
"07/25/2019","15,431.34","15,434.92","15,457.28","15,259.27","35.10K","0.29%"
"07/24/2019","15,387.14","15,574.72","15,580.45","15,353.46","48.79K","-1.14%"
"07/23/2019","15,564.28","15,487.13","15,576.64","15,423.49","50.82K","0.56%"
"07/22/2019","15,477.43","15,493.85","15,560.80","15,356.98","27.77K","0.53%"
"07/19/2019","15,395.59","15,250.18","15,437.62","15,072.37","75.61K","0.79%"
"07/18/2019","15,274.54","15,555.93","15,601.94","15,219.85","44.73K","-1.95%"
"07/17/2019","15,578.42","15,639.10","15,827.62","15,523.71","64.65K","-0.09%"
"07/16/2019","15,591.80","15,556.10","15,664.22","15,383.67","72.28K","0.11%"
"07/15/2019","15,574.00","15,923.55","15,923.55","15,541.19","31.87K","-2.26%"
"07/12/2019","15,934.85","16,008.68","16,102.03","15,911.63","26.54K","-0.47%"
"07/11/2019","16,010.75","15,974.83","16,060.01","15,915.44","15.74K","0.39%"
"07/10/2019","15,948.45","15,976.29","16,011.91","15,921.71","15.03K","-0.04%"
"07/09/2019","15,955.06","15,911.33","16,090.44","15,875.57","29.48K","0.31%"
"07/08/2019","15,906.46","16,120.08","16,151.43","15,872.29","28.59K","-1.35%"
"07/05/2019","16,124.70","16,311.41","16,317.64","16,053.51","20.11K","-1.31%"
"07/04/2019","16,338.82","16,648.24","16,702.91","16,279.98","50.39K","-1.04%"
"07/03/2019","16,511.06","16,173.69","16,552.10","16,173.69","54.22K","2.11%"
"07/02/2019","16,169.31","15,985.84","16,189.72","15,924.98","38.68K","1.22%"
"07/01/2019","15,973.89","15,946.17","16,031.85","15,860.58","15.75K","0.51%"
"06/28/2019","15,892.99","15,880.72","15,940.18","15,686.85","80.39K","0.08%"
"06/27/2019","15,879.88","16,098.41","16,192.73","15,779.25","51.28K","-1.28%"
"06/26/2019","16,085.37","16,208.31","16,221.62","15,966.56","48.78K","-0.46%"
"06/25/2019","16,160.24","16,255.50","16,275.88","16,062.05","51.80K","-0.78%"
"06/24/2019","16,287.45","16,646.06","16,668.59","16,263.58","35.30K","-2.07%"
"06/21/2019","16,631.77","16,615.07","16,700.61","16,573.25","51.32K","0.52%"
"06/20/2019","16,545.73","16,376.95","16,618.16","16,344.55","56.59K","1.19%"
"06/19/2019","16,351.34","16,350.87","16,441.28","16,319.64","53.58K","-0.02%"
"06/18/2019","16,354.85","16,594.64","16,604.06","16,312.17","55.67K","-1.44%"
"06/17/2019","16,594.51","16,820.08","16,832.51","16,579.49","60.76K","-1.25%"
"06/14/2019","16,803.76","16,735.78","16,885.44","16,672.20","91.79K","0.54%"
"06/13/2019","16,712.83","16,418.47","16,803.63","16,404.52","76.04K","1.24%"
"06/12/2019","16,507.66","16,279.66","16,580.28","16,279.66","75.08K","1.19%"
"06/11/2019","16,313.93","16,276.23","16,416.61","16,135.55","49.86K","0.23%"
"06/10/2019","16,276.23","16,774.56","16,774.56","16,235.41","35.71K","-3.05%"
"06/03/2019","16,787.69","16,988.58","16,988.58","16,739.61","69.22K","-2.14%"
"05/30/2019","17,155.60","17,327.89","17,512.47","17,031.59","115.84K","-0.14%"
"05/29/2019","17,179.84","16,675.79","17,215.78","16,675.79","91.97K","3.48%"
"05/28/2019","16,601.94","17,027.93","17,037.32","16,558.24","85.01K","-2.60%"
"05/27/2019","17,044.92","17,127.00","17,167.77","16,994.66","59.12K","-0.11%"
"05/24/2019","17,063.09","17,023.70","17,110.13","16,919.74","62.06K","0.29%"
"05/23/2019","17,014.51","16,775.35","17,076.47","16,652.04","83.00K","3.04%"
"05/22/2019","16,512.21","15,975.35","16,563.17","15,975.35","74.73K","3.97%"
"05/21/2019","15,881.02","15,755.66","15,928.78","15,547.34","65.24K","0.82%"
"05/20/2019","15,752.53","15,639.37","15,797.51","15,299.24","68.93K","0.12%"
"05/17/2019","15,733.71","16,138.42","16,151.20","15,709.43","26.33K","-2.63%"
"05/16/2019","16,159.11","16,320.59","16,345.90","15,926.36","37.19K","-0.75%"
"05/15/2019","16,281.99","16,116.13","16,393.20","16,083.97","51.57K","1.50%"
"05/14/2019","16,041.70","15,989.23","16,121.77","15,933.47","46.61K","0.12%"
"05/13/2019","16,022.43","16,461.18","16,666.29","15,976.25","52.09K","-2.22%"
"05/10/2019","16,386.66","16,482.65","16,488.37","16,348.48","13.50K","-0.65%"
"05/09/2019","16,493.52","16,553.98","16,716.37","16,428.54","34.14K","-0.35%"
"05/08/2019","16,551.62","16,848.98","16,870.85","16,443.58","43.85K","-1.62%"
"05/07/2019","16,824.71","16,787.10","16,913.22","16,754.00","30.26K","0.20%"
"05/06/2019","16,790.40","17,077.52","17,102.00","16,771.97","36.00K","-1.68%"
"05/03/2019","17,077.47","17,317.91","17,321.38","17,051.63","23.88K","-1.39%"
"05/02/2019","17,318.41","17,417.82","17,484.82","17,292.05","21.13K","-0.50%"
"04/30/2019","17,405.04","17,548.53","17,575.06","17,392.78","43.77K","-0.91%"
"04/29/2019","17,564.22","17,699.36","17,820.28","17,527.69","73.76K","-0.60%"
"04/26/2019","17,670.89","17,574.02","17,716.20","17,557.28","67.74K","0.59%"
"04/25/2019","17,567.41","17,394.59","17,635.03","17,394.55","46.87K","1.02%"
"04/24/2019","17,389.30","17,315.50","17,560.38","17,296.96","53.18K","0.37%"
"04/23/2019","17,324.85","17,543.56","17,550.81","17,149.06","50.48K","-1.25%"
"04/22/2019","17,543.57","17,846.64","17,848.91","17,511.88","43.94K","-1.10%"
"04/19/2019","17,739.37","17,461.91","18,000.54","17,453.69","85.09K","1.61%"
"04/18/2019","17,458.53","17,391.39","17,506.04","17,279.96","99.37K","0.29%"
"04/17/2019","17,407.64","17,694.85","17,729.48","17,377.48","92.57K","-1.62%"
"04/16/2019","17,694.85","17,758.94","17,828.26","17,682.95","52.11K","-0.33%"
"04/15/2019","17,753.12","17,697.16","17,872.08","17,603.39","87.31K","0.58%"
"04/12/2019","17,650.55","17,380.62","17,704.04","17,344.42","73.97K","1.56%"
"04/11/2019","17,379.02","17,248.11","17,465.18","17,208.87","64.75K","0.69%"
"04/10/2019","17,259.86","17,558.89","17,575.12","17,193.18","43.50K","-1.81%"
"04/09/2019","17,577.62","17,464.56","17,683.24","17,312.10","71.10K","0.60%"
"04/08/2019","17,473.28","17,758.81","17,758.95","17,397.88","45.95K","-1.47%"
"04/05/2019","17,734.58","17,734.95","17,792.32","17,642.83","27.57K","-0.01%"
"04/04/2019","17,736.40","17,990.23","17,994.76","17,675.24","38.18K","-1.40%"
"04/03/2019","17,988.18","17,999.22","18,043.30","17,897.36","36.98K","0.01%"
"04/02/2019","17,987.07","18,176.41","18,255.44","17,921.13","36.94K","-0.80%"
"04/01/2019","18,132.51","18,258.37","18,258.37","18,087.04","28.43K","-0.70%"
"03/29/2019","18,259.47","18,211.31","18,341.70","18,171.29","47.36K","0.25%"
"03/28/2019","18,213.36","18,445.64","18,445.64","18,148.75","33.96K","-1.30%"
"03/27/2019","18,452.83","18,165.73","18,472.98","18,157.91","50.02K","1.73%"
"03/26/2019","18,139.52","18,067.09","18,163.74","17,987.10","","0.55%"
"03/25/2019","18,040.46","18,230.71","18,230.71","18,008.18","22.06K","-1.09%"
"03/22/2019","18,238.68","18,155.43","18,326.31","18,155.43","39.37K","0.66%"
"03/21/2019","18,118.72","18,190.41","18,234.14","18,019.79","35.37K","-0.41%"
"03/20/2019","18,193.20","18,194.15","18,251.94","18,122.36","33.52K","-0.26%"
"03/19/2019","18,240.07","18,416.12","18,467.59","18,183.63","42.19K","-0.95%"
"03/18/2019","18,415.67","18,106.79","18,434.76","18,065.90","43.48K","1.46%"
"03/15/2019","18,151.19","18,421.54","18,439.14","18,093.58","67.26K","-1.49%"
"03/14/2019","18,425.85","18,499.98","18,561.04","18,394.04","16.97K","-0.51%"
"03/13/2019","18,520.79","18,495.09","18,595.64","18,468.32","19.07K","0.09%"
"03/12/2019","18,504.95","18,526.42","18,577.77","18,381.90","22.38K","-0.30%"
"03/11/2019","18,559.88","18,616.71","18,677.90","18,542.74","17.40K","-0.11%"
"03/08/2019","18,580.37","18,792.15","18,794.34","18,543.58","19.28K","-1.08%"
"03/07/2019","18,783.67","18,986.83","19,033.76","18,767.54","21.11K","-0.85%"
"03/06/2019","18,944.13","19,034.01","19,090.51","18,896.45","19.08K","-0.41%"
"03/05/2019","19,021.84","19,098.64","19,178.64","18,989.22","29.79K","-0.41%"
"03/04/2019","19,101.02","19,018.61","19,149.25","18,980.24","33.44K","0.42%"
"03/01/2019","19,022.02","18,783.22","19,124.81","18,783.22","48.16K","1.30%"
"02/28/2019","18,777.18","18,717.29","18,890.58","18,564.67","52.33K","0.61%"
"02/27/2019","18,662.46","18,601.17","18,744.32","17,950.49","77.88K","-0.22%"
"02/26/2019","18,703.23","18,973.89","18,986.41","18,653.02","47.87K","-2.03%"
"02/25/2019","19,090.73","19,266.15","19,304.20","19,057.87","22.60K","-1.03%"
"02/22/2019","19,289.96","19,265.37","19,342.07","19,158.35","41.56K","-0.20%"
"02/21/2019","19,328.95","19,480.82","19,523.02","19,227.86","39.01K","-0.64%"
"02/20/2019","19,454.34","19,213.47","19,478.01","19,094.36","45.48K","1.24%"
"02/19/2019","19,216.71","19,354.88","19,406.09","19,210.43","28.25K","-0.63%"
"02/18/2019","19,338.90","19,516.55","19,546.69","19,211.04","32.94K","-0.59%"
"02/15/2019","19,454.37","19,452.30","19,528.00","19,378.93","25.05K","0.05%"
"02/14/2019","19,444.00","19,436.12","19,496.28","19,302.36","38.14K","0.04%"
"02/13/2019","19,435.91","19,506.18","19,581.59","19,407.38","54.84K","-0.08%"
"02/12/2019","19,451.20","19,294.12","19,462.65","19,265.49","43.00K","0.83%"
"02/11/2019","19,292.00","19,685.30","19,706.32","19,240.99","43.05K","-1.56%"
"02/08/2019","19,598.60","19,857.67","19,908.57","19,524.81","63.55K","-1.26%"
"02/07/2019","19,847.92","19,947.55","19,992.61","19,822.31","39.70K","-0.45%"
"02/06/2019","19,937.40","20,043.99","20,068.83","19,888.72","68.58K","-0.31%"
"02/04/2019","19,999.54","19,780.54","20,015.48","19,780.54","58.17K","1.33%"
"02/01/2019","19,737.77","19,567.71","19,785.95","19,558.69","53.44K","0.82%"
"01/31/2019","19,577.97","19,514.43","19,618.66","19,500.08","63.49K","0.39%"
"01/30/2019","19,501.12","19,538.42","19,586.28","19,465.25","27.76K","-0.15%"
"01/29/2019","19,531.22","19,402.78","19,541.85","19,342.16","38.72K","0.64%"
"01/28/2019","19,406.52","19,353.73","19,454.80","19,319.35","36.54K","0.31%"
"01/25/2019","19,346.57","19,351.20","19,404.94","19,285.63","45.80K","0.04%"
"01/24/2019","19,338.98","19,523.83","19,527.79","19,306.85","77.17K","0.60%"
"01/23/2019","19,224.39","19,182.10","19,318.89","19,126.47","56.21K","0.39%"
"01/22/2019","19,149.77","18,930.23","19,198.44","18,898.29","51.87K","1.17%"
"01/21/2019","18,928.33","18,789.41","19,065.68","18,789.41","36.98K","0.91%"
"01/18/2019","18,757.07","18,746.25","18,815.95","18,637.71","44.17K","0.06%"
"01/17/2019","18,746.72","18,764.55","18,772.19","18,491.80","38.75K","-0.09%"
"01/16/2019","18,764.50","18,959.13","18,959.13","18,728.02","33.42K","-1.08%"
"01/15/2019","18,969.45","18,809.58","19,000.77","18,774.93","54.03K","0.88%"
"01/14/2019","18,803.72","18,679.67","18,857.39","18,651.46","50.77K","1.01%"