Date,Views
02/01/2018,3
03/01/2018,11
04/01/2018,7
05/01/2018,6
06/01/2018,4
07/01/2018,3
08/01/2018,9
09/01/2018,6
10/01/2018,8
11/01/2018,6
12/01/2018,10
13/01/2018,10
14/01/2018,21
15/01/2018,10
16/01/2018,9
17/01/2018,13
18/01/2018,12
19/01/2018,10
20/01/2018,7
21/01/2018,6
22/01/2018,5
23/01/2018,11
24/01/2018,11
25/01/2018,6
26/01/2018,6
27/01/2018,7
28/01/2018,10
29/01/2018,9
30/01/2018,15
31/01/2018,8
01/02/2018,8
02/02/2018,12
03/02/2018,3
04/02/2018,13
05/02/2018,9
06/02/2018,9
07/02/2018,14
08/02/2018,10
09/02/2018,12
10/02/2018,6
11/02/2018,3
12/02/2018,15
13/02/2018,11
14/02/2018,9
15/02/2018,6
16/02/2018,5
17/02/2018,5
18/02/2018,52
19/02/2018,21
20/02/2018,12
21/02/2018,20
22/02/2018,18
23/02/2018,12
24/02/2018,10
25/02/2018,9
26/02/2018,8
27/02/2018,10
28/02/2018,12
01/03/2018,21
02/03/2018,16
03/03/2018,6
04/03/2018,16
05/03/2018,16
06/03/2018,20
07/03/2018,17
08/03/2018,13
09/03/2018,35
10/03/2018,35
11/03/2018,20
12/03/2018,15
13/03/2018,32
14/03/2018,29
15/03/2018,91
16/03/2018,40
17/03/2018,12
18/03/2018,12
19/03/2018,17
20/03/2018,18
21/03/2018,12
22/03/2018,11
23/03/2018,13
24/03/2018,11
25/03/2018,12
26/03/2018,9
27/03/2018,20
28/03/2018,28
29/03/2018,13
30/03/2018,8
31/03/2018,5
01/04/2018,16
02/04/2018,30
03/04/2018,29
04/04/2018,21
05/04/2018,11
06/04/2018,14
07/04/2018,21
08/04/2018,38
09/04/2018,23
10/04/2018,17
11/04/2018,20
12/04/2018,26
13/04/2018,16
14/04/2018,16
15/04/2018,19
16/04/2018,28
17/04/2018,23
18/04/2018,29
19/04/2018,30
20/04/2018,14
21/04/2018,12
22/04/2018,22
23/04/2018,20
24/04/2018,28
25/04/2018,30
26/04/2018,34
27/04/2018,26
28/04/2018,14
29/04/2018,8
30/04/2018,15
01/05/2018,29
02/05/2018,22
03/05/2018,13
04/05/2018,19
05/05/2018,21
06/05/2018,18
07/05/2018,19
08/05/2018,21
09/05/2018,17
10/05/2018,17
11/05/2018,17
12/05/2018,31
13/05/2018,15
14/05/2018,7
15/05/2018,18
16/05/2018,14
17/05/2018,23
18/05/2018,11
19/05/2018,6
20/05/2018,7
21/05/2018,19
22/05/2018,13
23/05/2018,12
24/05/2018,12
25/05/2018,8
26/05/2018,5
27/05/2018,8
28/05/2018,17
29/05/2018,22
30/05/2018,23
31/05/2018,9
01/06/2018,16
02/06/2018,13
03/06/2018,9
04/06/2018,12
05/06/2018,20
06/06/2018,8
07/06/2018,14
08/06/2018,14
09/06/2018,13
10/06/2018,9
11/06/2018,19
12/06/2018,6
13/06/2018,11
14/06/2018,13
15/06/2018,8
16/06/2018,10
17/06/2018,8
18/06/2018,13
19/06/2018,16
20/06/2018,10
21/06/2018,14
22/06/2018,11
23/06/2018,3
24/06/2018,8
25/06/2018,12
26/06/2018,13
27/06/2018,7
28/06/2018,12
29/06/2018,8
30/06/2018,4
01/07/2018,8
02/07/2018,21
03/07/2018,18
04/07/2018,13
05/07/2018,15
06/07/2018,10
07/07/2018,5
08/07/2018,6
09/07/2018,13
10/07/2018,17
11/07/2018,8
12/07/2018,11
13/07/2018,9
14/07/2018,7
15/07/2018,3
16/07/2018,13
17/07/2018,13
18/07/2018,9
19/07/2018,12
20/07/2018,14
21/07/2018,6
22/07/2018,10
23/07/2018,19
24/07/2018,10
25/07/2018,12
26/07/2018,13
27/07/2018,13
28/07/2018,12
29/07/2018,5
30/07/2018,16
31/07/2018,11
01/08/2018,22
02/08/2018,15
03/08/2018,9
04/08/2018,4
05/08/2018,11
06/08/2018,17
07/08/2018,15
08/08/2018,13
09/08/2018,22
10/08/2018,14
11/08/2018,9
12/08/2018,12
13/08/2018,18
14/08/2018,14
15/08/2018,15
16/08/2018,23
17/08/2018,14
18/08/2018,10
19/08/2018,14
20/08/2018,23
21/08/2018,18
22/08/2018,13
23/08/2018,17
24/08/2018,17
25/08/2018,9
26/08/2018,9
27/08/2018,12
28/08/2018,13
29/08/2018,25
30/08/2018,21
31/08/2018,10
01/09/2018,4
02/09/2018,11
03/09/2018,22
04/09/2018,20
05/09/2018,21
06/09/2018,17
07/09/2018,8
08/09/2018,9
09/09/2018,18
10/09/2018,18
11/09/2018,14
12/09/2018,22
13/09/2018,17
14/09/2018,14
15/09/2018,16
16/09/2018,7
17/09/2018,29
18/09/2018,18
19/09/2018,25
20/09/2018,29
21/09/2018,18
22/09/2018,13
23/09/2018,13
24/09/2018,13
25/09/2018,25
26/09/2018,29
27/09/2018,23
28/09/2018,15
29/09/2018,12
30/09/2018,13
01/10/2018,27
02/10/2018,22
03/10/2018,33
04/10/2018,22
05/10/2018,23
06/10/2018,10
07/10/2018,20
08/10/2018,18
09/10/2018,32
10/10/2018,32
11/10/2018,18
12/10/2018,24
13/10/2018,9
14/10/2018,9
15/10/2018,24
16/10/2018,23
17/10/2018,31
18/10/2018,21
19/10/2018,30
20/10/2018,14
21/10/2018,18
22/10/2018,44
23/10/2018,16
24/10/2018,20
25/10/2018,30
26/10/2018,14
27/10/2018,19
28/10/2018,19
29/10/2018,26
30/10/2018,30
31/10/2018,27
01/11/2018,25
02/11/2018,20
03/11/2018,21
04/11/2018,17
05/11/2018,24
06/11/2018,24
07/11/2018,17
08/11/2018,33
09/11/2018,34
10/11/2018,24
11/11/2018,21
12/11/2018,27
13/11/2018,22
14/11/2018,34
15/11/2018,30
16/11/2018,31
17/11/2018,12
18/11/2018,30
19/11/2018,33
20/11/2018,32
21/11/2018,22
22/11/2018,27
23/11/2018,15
24/11/2018,16
25/11/2018,23
26/11/2018,17
27/11/2018,28
28/11/2018,23
29/11/2018,28
30/11/2018,20
01/12/2018,7
02/12/2018,17
03/12/2018,41
04/12/2018,33
05/12/2018,36
06/12/2018,34
07/12/2018,21
08/12/2018,12
09/12/2018,18
10/12/2018,25
11/12/2018,32
12/12/2018,23
13/12/2018,29
14/12/2018,14
15/12/2018,12
16/12/2018,14
17/12/2018,15
18/12/2018,21
19/12/2018,23
20/12/2018,20
21/12/2018,12
22/12/2018,9
23/12/2018,7
24/12/2018,10
25/12/2018,6
26/12/2018,14
27/12/2018,12
28/12/2018,8
29/12/2018,8
30/12/2018,9
31/12/2018,9
01/01/2019,13
02/01/2019,12
03/01/2019,26
04/01/2019,19
05/01/2019,18
06/01/2019,14
07/01/2019,26
08/01/2019,31
09/01/2019,25
10/01/2019,29
11/01/2019,29
12/01/2019,6
13/01/2019,11
14/01/2019,21
15/01/2019,47
16/01/2019,29
17/01/2019,31
18/01/2019,13
19/01/2019,16
20/01/2019,10
21/01/2019,17
22/01/2019,29
23/01/2019,21
24/01/2019,21
25/01/2019,21
26/01/2019,12
27/01/2019,23
28/01/2019,21
29/01/2019,21
30/01/2019,22
31/01/2019,33
01/02/2019,40
02/02/2019,19
03/02/2019,20
04/02/2019,20
05/02/2019,24
06/02/2019,34
07/02/2019,36
08/02/2019,26
09/02/2019,9
10/02/2019,18
11/02/2019,21
12/02/2019,31
13/02/2019,34
14/02/2019,30
15/02/2019,16
16/02/2019,13
17/02/2019,14
18/02/2019,45
19/02/2019,38
20/02/2019,33
21/02/2019,53
22/02/2019,19
23/02/2019,10
24/02/2019,26
25/02/2019,39
26/02/2019,34
27/02/2019,36
28/02/2019,37
01/03/2019,26
02/03/2019,22
03/03/2019,35
04/03/2019,33
05/03/2019,49
06/03/2019,50
07/03/2019,23
08/03/2019,34
09/03/2019,25
10/03/2019,26
11/03/2019,26
12/03/2019,24
13/03/2019,37
14/03/2019,41
15/03/2019,41
16/03/2019,26
17/03/2019,35
18/03/2019,43
19/03/2019,42
20/03/2019,41
21/03/2019,42
22/03/2019,29
23/03/2019,25
24/03/2019,22
25/03/2019,38
26/03/2019,25
27/03/2019,45
28/03/2019,34
29/03/2019,27
30/03/2019,15
31/03/2019,22
01/04/2019,29
02/04/2019,41
03/04/2019,30
04/04/2019,31
05/04/2019,28
06/04/2019,22
07/04/2019,28
08/04/2019,46
09/04/2019,39
10/04/2019,41
11/04/2019,24
12/04/2019,28
13/04/2019,17
14/04/2019,16
15/04/2019,28
16/04/2019,33
17/04/2019,28
18/04/2019,27
19/04/2019,25
20/04/2019,13
21/04/2019,19
22/04/2019,26
23/04/2019,22
24/04/2019,33
25/04/2019,28
26/04/2019,33
27/04/2019,22
28/04/2019,22
29/04/2019,28
30/04/2019,30
01/05/2019,33
02/05/2019,27
03/05/2019,19
04/05/2019,19
05/05/2019,28
06/05/2019,42
07/05/2019,32
08/05/2019,33
09/05/2019,26
10/05/2019,25
11/05/2019,23
12/05/2019,16
13/05/2019,35
14/05/2019,28
15/05/2019,28
16/05/2019,20
17/05/2019,26
18/05/2019,20
19/05/2019,33
20/05/2019,37
21/05/2019,29
22/05/2019,33
23/05/2019,24
24/05/2019,17
25/05/2019,17
26/05/2019,13
27/05/2019,34
28/05/2019,23
29/05/2019,18
30/05/2019,30
31/05/2019,18
01/06/2019,17
02/06/2019,10
03/06/2019,15
04/06/2019,15
05/06/2019,22
06/06/2019,21
07/06/2019,11
08/06/2019,22
09/06/2019,13
10/06/2019,28
11/06/2019,17
12/06/2019,24
13/06/2019,13
14/06/2019,18
15/06/2019,15
16/06/2019,14
17/06/2019,15
18/06/2019,30
19/06/2019,22
20/06/2019,24
21/06/2019,19
22/06/2019,10
23/06/2019,16
24/06/2019,21
25/06/2019,18
26/06/2019,32
27/06/2019,27
28/06/2019,22
29/06/2019,23
30/06/2019,15
01/07/2019,14
02/07/2019,24
03/07/2019,21
04/07/2019,25
05/07/2019,35
06/07/2019,14
07/07/2019,18
08/07/2019,14
09/07/2019,22
10/07/2019,15
11/07/2019,20
12/07/2019,6
13/07/2019,13
14/07/2019,10
15/07/2019,20
16/07/2019,97
17/07/2019,52
18/07/2019,23
19/07/2019,32
20/07/2019,14
21/07/2019,64
22/07/2019,39
23/07/2019,30
24/07/2019,29
25/07/2019,28
26/07/2019,33
27/07/2019,27
28/07/2019,14
29/07/2019,19
30/07/2019,20
31/07/2019,31
01/08/2019,25
02/08/2019,26
03/08/2019,29
04/08/2019,24
05/08/2019,28
06/08/2019,32
07/08/2019,17
08/08/2019,31
09/08/2019,22
10/08/2019,13
11/08/2019,22
12/08/2019,28
13/08/2019,29
14/08/2019,28
15/08/2019,23
16/08/2019,15
17/08/2019,11
18/08/2019,17
19/08/2019,32
20/08/2019,28
21/08/2019,18
22/08/2019,18
23/08/2019,24
24/08/2019,17
25/08/2019,28
26/08/2019,19
27/08/2019,37
28/08/2019,29
29/08/2019,32
30/08/2019,18
31/08/2019,15
01/09/2019,11
02/09/2019,20
03/09/2019,25
04/09/2019,31
05/09/2019,25
06/09/2019,26
07/09/2019,20
08/09/2019,17
09/09/2019,37
10/09/2019,41
11/09/2019,42
12/09/2019,36
13/09/2019,33
14/09/2019,14
15/09/2019,28
16/09/2019,34
17/09/2019,40
18/09/2019,32
19/09/2019,37
20/09/2019,26
21/09/2019,21
22/09/2019,56
23/09/2019,27
24/09/2019,24
25/09/2019,39
26/09/2019,29
27/09/2019,30
28/09/2019,22
29/09/2019,19
30/09/2019,26
01/10/2019,30
02/10/2019,28
03/10/2019,22
04/10/2019,33
05/10/2019,17
06/10/2019,17
07/10/2019,28
08/10/2019,35
09/10/2019,28
10/10/2019,25
11/10/2019,27
12/10/2019,22
13/10/2019,19
14/10/2019,27
15/10/2019,43
16/10/2019,41
17/10/2019,31
18/10/2019,38
19/10/2019,26
20/10/2019,22
21/10/2019,22
22/10/2019,35
23/10/2019,27
24/10/2019,35
25/10/2019,22
26/10/2019,21
27/10/2019,27
28/10/2019,38
29/10/2019,35
30/10/2019,26
31/10/2019,31
01/11/2019,30
02/11/2019,24
03/11/2019,16
04/11/2019,15
05/11/2019,29
06/11/2019,22
07/11/2019,23
08/11/2019,23
09/11/2019,16
10/11/2019,27
11/11/2019,38
12/11/2019,48
13/11/2019,42
14/11/2019,30
15/11/2019,37
16/11/2019,14
17/11/2019,35
18/11/2019,33
19/11/2019,42
20/11/2019,34
21/11/2019,49
22/11/2019,32
23/11/2019,23
24/11/2019,28
25/11/2019,30
26/11/2019,40
27/11/2019,33
28/11/2019,17
29/11/2019,27
30/11/2019,20
01/12/2019,20
02/12/2019,48
03/12/2019,35
04/12/2019,38
05/12/2019,41
06/12/2019,42
07/12/2019,17
08/12/2019,20
09/12/2019,34
10/12/2019,32
11/12/2019,31
12/12/2019,29
13/12/2019,32
14/12/2019,16
15/12/2019,20
16/12/2019,115
17/12/2019,49
18/12/2019,35
19/12/2019,81
20/12/2019,45
21/12/2019,36
22/12/2019,22
23/12/2019,25
24/12/2019,18
25/12/2019,21
26/12/2019,119
27/12/2019,88
28/12/2019,69
29/12/2019,118
30/12/2019,46
31/12/2019,30
01/01/2020,23
02/01/2020,32
03/01/2020,26
04/01/2020,18
05/01/2020,37
06/01/2020,31
07/01/2020,41
08/01/2020,49
09/01/2020,34
10/01/2020,23
11/01/2020,11
12/01/2020,27
13/01/2020,40
14/01/2020,46
15/01/2020,32
16/01/2020,51
17/01/2020,38
18/01/2020,20
19/01/2020,32
20/01/2020,43
21/01/2020,52
22/01/2020,45
23/01/2020,44
24/01/2020,43
25/01/2020,21
26/01/2020,27
27/01/2020,41
28/01/2020,42
29/01/2020,36
30/01/2020,45
31/01/2020,36
01/02/2020,28
02/02/2020,35
03/02/2020,63
04/02/2020,55
05/02/2020,199
06/02/2020,139
07/02/2020,102
08/02/2020,93
09/02/2020,81
10/02/2020,141
11/02/2020,89
12/02/2020,105
13/02/2020,70
14/02/2020,95
15/02/2020,101
16/02/2020,98
17/02/2020,87
18/02/2020,88
19/02/2020,117
20/02/2020,80
21/02/2020,106
22/02/2020,93
23/02/2020,77
24/02/2020,127
25/02/2020,87
26/02/2020,74
27/02/2020,152
28/02/2020,106
29/02/2020,89
01/03/2020,85
02/03/2020,108
03/03/2020,143
04/03/2020,107
05/03/2020,93
06/03/2020,59
07/03/2020,91
08/03/2020,80
09/03/2020,126
10/03/2020,103
11/03/2020,141
12/03/2020,73
13/03/2020,68
14/03/2020,53
15/03/2020,86
16/03/2020,119
17/03/2020,134
18/03/2020,103
19/03/2020,128
20/03/2020,146
21/03/2020,181
22/03/2020,153
23/03/2020,247
24/03/2020,250
25/03/2020,251
26/03/2020,165
27/03/2020,108
28/03/2020,96
29/03/2020,100
30/03/2020,101
31/03/2020,116
01/04/2020,81
02/04/2020,91
03/04/2020,128
04/04/2020,106
05/04/2020,74
06/04/2020,100
07/04/2020,71
08/04/2020,107
09/04/2020,98
10/04/2020,96
11/04/2020,94
12/04/2020,77
13/04/2020,95
14/04/2020,90
15/04/2020,88
16/04/2020,91
17/04/2020,69
18/04/2020,79
19/04/2020,70
20/04/2020,107
21/04/2020,79
22/04/2020,123
23/04/2020,92
24/04/2020,80
25/04/2020,105
26/04/2020,101
27/04/2020,110
28/04/2020,112
29/04/2020,103
30/04/2020,104
01/05/2020,88
02/05/2020,105
03/05/2020,69
04/05/2020,82
05/05/2020,85
06/05/2020,218
07/05/2020,130
08/05/2020,84
09/05/2020,65
10/05/2020,66
11/05/2020,91
12/05/2020,81
13/05/2020,77
14/05/2020,80
15/05/2020,77
16/05/2020,166
17/05/2020,90
18/05/2020,107
19/05/2020,123
20/05/2020,179
21/05/2020,173
22/05/2020,114
23/05/2020,85
24/05/2020,84
25/05/2020,81
26/05/2020,114
27/05/2020,112
28/05/2020,70
29/05/2020,67
30/05/2020,51
31/05/2020,92
01/06/2020,138
02/06/2020,75
03/06/2020,126
04/06/2020,91
05/06/2020,102
06/06/2020,82
07/06/2020,50
08/06/2020,71
09/06/2020,97
10/06/2020,105
11/06/2020,85
12/06/2020,64
13/06/2020,70
14/06/2020,46
15/06/2020,79
16/06/2020,70
17/06/2020,77
18/06/2020,67
19/06/2020,55
20/06/2020,50
21/06/2020,83
22/06/2020,76
23/06/2020,65
24/06/2020,82
25/06/2020,88
26/06/2020,74
27/06/2020,67
28/06/2020,59
29/06/2020,91
30/06/2020,94
01/07/2020,89
02/07/2020,67
03/07/2020,100
04/07/2020,50
05/07/2020,172
06/07/2020,72
07/07/2020,78
08/07/2020,73
09/07/2020,62
10/07/2020,100
11/07/2020,58
12/07/2020,162
13/07/2020,95
14/07/2020,138
15/07/2020,107
16/07/2020,117
17/07/2020,122
18/07/2020,52
19/07/2020,70
20/07/2020,87
21/07/2020,62
22/07/2020,72
23/07/2020,72
24/07/2020,60
25/07/2020,54
26/07/2020,117
27/07/2020,114
28/07/2020,83
29/07/2020,89
30/07/2020,73
31/07/2020,77
01/08/2020,49
02/08/2020,84
03/08/2020,77
04/08/2020,60
05/08/2020,90
06/08/2020,54
07/08/2020,61
08/08/2020,66
09/08/2020,54
10/08/2020,56
11/08/2020,60
12/08/2020,73
13/08/2020,84
14/08/2020,91
15/08/2020,53
16/08/2020,122
17/08/2020,82
18/08/2020,77
19/08/2020,73
20/08/2020,77
21/08/2020,74
22/08/2020,30
23/08/2020,61
24/08/2020,90
25/08/2020,94
26/08/2020,67
27/08/2020,70
28/08/2020,112
29/08/2020,119
30/08/2020,135
31/08/2020,98
01/09/2020,163
02/09/2020,164
03/09/2020,115
04/09/2020,116
05/09/2020,56
06/09/2020,158
07/09/2020,150
08/09/2020,122
09/09/2020,122
10/09/2020,131
11/09/2020,117
12/09/2020,159
13/09/2020,115
14/09/2020,131
15/09/2020,162
16/09/2020,142
17/09/2020,132
18/09/2020,104
19/09/2020,70
20/09/2020,94
21/09/2020,101
22/09/2020,135
23/09/2020,131
24/09/2020,120
25/09/2020,105
26/09/2020,84
27/09/2020,63
28/09/2020,103
29/09/2020,174
30/09/2020,118
01/10/2020,145
02/10/2020,100
03/10/2020,107
04/10/2020,85
05/10/2020,116
06/10/2020,94
07/10/2020,88
08/10/2020,94
09/10/2020,129
10/10/2020,76
11/10/2020,104
12/10/2020,97
13/10/2020,132
14/10/2020,132
15/10/2020,97
16/10/2020,95
17/10/2020,101
18/10/2020,80
19/10/2020,121
20/10/2020,140
21/10/2020,118
22/10/2020,102
23/10/2020,86
24/10/2020,71
25/10/2020,92
26/10/2020,143
27/10/2020,253
28/10/2020,151
29/10/2020,156
30/10/2020,199
31/10/2020,160
01/11/2020,220
02/11/2020,238
03/11/2020,198
04/11/2020,195
05/11/2020,222
06/11/2020,171
07/11/2020,150
08/11/2020,163
09/11/2020,142
10/11/2020,166
11/11/2020,197
12/11/2020,176
13/11/2020,148
14/11/2020,115
15/11/2020,132
16/11/2020,144
17/11/2020,147
18/11/2020,160
19/11/2020,188
20/11/2020,135
21/11/2020,139
22/11/2020,156
23/11/2020,122
24/11/2020,133
25/11/2020,132
26/11/2020,104
27/11/2020,198
28/11/2020,197
29/11/2020,176
30/11/2020,134
01/12/2020,137
02/12/2020,164
03/12/2020,190
04/12/2020,272
05/12/2020,165
06/12/2020,154
07/12/2020,249
08/12/2020,202
09/12/2020,239
10/12/2020,151
11/12/2020,212
12/12/2020,141
13/12/2020,153
14/12/2020,214
15/12/2020,168
16/12/2020,111
17/12/2020,179
18/12/2020,259
19/12/2020,91
20/12/2020,89
21/12/2020,95
22/12/2020,82
23/12/2020,89
24/12/2020,100
25/12/2020,77
26/12/2020,171
27/12/2020,61
28/12/2020,71
29/12/2020,46
30/12/2020,96
31/12/2020,67
01/01/2021,45
02/01/2021,66
03/01/2021,81
04/01/2021,124
05/01/2021,92
06/01/2021,69
07/01/2021,60
08/01/2021,141
09/01/2021,42
10/01/2021,84
11/01/2021,75
12/01/2021,129
13/01/2021,110
14/01/2021,129
15/01/2021,63
16/01/2021,75
17/01/2021,69
18/01/2021,134
19/01/2021,106
20/01/2021,170
21/01/2021,230
22/01/2021,134
23/01/2021,79
24/01/2021,130
25/01/2021,166
26/01/2021,80
27/01/2021,71
28/01/2021,92
29/01/2021,92
30/01/2021,88
31/01/2021,67
01/02/2021,76
02/02/2021,96
03/02/2021,111
04/02/2021,81
05/02/2021,81
06/02/2021,68
07/02/2021,77
08/02/2021,103
09/02/2021,98
10/02/2021,79
11/02/2021,105
12/02/2021,75
13/02/2021,64
14/02/2021,64
15/02/2021,88
16/02/2021,103
17/02/2021,100
18/02/2021,113
19/02/2021,59
20/02/2021,88
21/02/2021,107
22/02/2021,101
23/02/2021,106
24/02/2021,108
25/02/2021,103
26/02/2021,71
27/02/2021,83
28/02/2021,71
01/03/2021,84
02/03/2021,86
03/03/2021,102
04/03/2021,117
05/03/2021,75
06/03/2021,60
07/03/2021,70
08/03/2021,101
09/03/2021,97
10/03/2021,102
11/03/2021,85
12/03/2021,90
13/03/2021,70
14/03/2021,57
15/03/2021,93
16/03/2021,119
17/03/2021,108
18/03/2021,112
19/03/2021,75
20/03/2021,73
21/03/2021,123
22/03/2021,174
23/03/2021,129
24/03/2021,117
25/03/2021,96
26/03/2021,149
27/03/2021,102
28/03/2021,88
29/03/2021,166
30/03/2021,195
31/03/2021,87
01/04/2021,94
02/04/2021,83
03/04/2021,144
04/04/2021,151
05/04/2021,186
06/04/2021,106
07/04/2021,87
08/04/2021,81
09/04/2021,64
10/04/2021,104
11/04/2021,100
12/04/2021,99
13/04/2021,115
14/04/2021,81
15/04/2021,138
16/04/2021,130
17/04/2021,73
18/04/2021,94
19/04/2021,131
20/04/2021,116
21/04/2021,99
22/04/2021,100
23/04/2021,122
24/04/2021,87
25/04/2021,91
26/04/2021,102
27/04/2021,137
28/04/2021,107
29/04/2021,130
30/04/2021,76
01/05/2021,83
02/05/2021,99
03/05/2021,80
04/05/2021,81
05/05/2021,100
06/05/2021,111
07/05/2021,87
08/05/2021,118
09/05/2021,112
10/05/2021,229
11/05/2021,123
12/05/2021,90
13/05/2021,78
14/05/2021,91
15/05/2021,64
16/05/2021,130
17/05/2021,93
18/05/2021,133
19/05/2021,113
20/05/2021,126
21/05/2021,89
22/05/2021,98
23/05/2021,109
24/05/2021,117
25/05/2021,105
26/05/2021,117
27/05/2021,107
28/05/2021,130
29/05/2021,98
30/05/2021,79
31/05/2021,98
01/06/2021,102
02/06/2021,119
03/06/2021,126
04/06/2021,124
05/06/2021,103
06/06/2021,99
07/06/2021,101
08/06/2021,78
09/06/2021,101
10/06/2021,124
11/06/2021,91
12/06/2021,75
13/06/2021,83
14/06/2021,69
15/06/2021,104
16/06/2021,88
17/06/2021,80
18/06/2021,97
19/06/2021,76
20/06/2021,127
21/06/2021,131
22/06/2021,124
23/06/2021,97
24/06/2021,132
25/06/2021,88
26/06/2021,85
27/06/2021,164
28/06/2021,160
29/06/2021,252
30/06/2021,173
01/07/2021,125
02/07/2021,116
03/07/2021,144
04/07/2021,176
05/07/2021,131
06/07/2021,97
07/07/2021,113
08/07/2021,121
09/07/2021,221
10/07/2021,91
11/07/2021,111
12/07/2021,126
13/07/2021,112
14/07/2021,139
15/07/2021,106
16/07/2021,63
17/07/2021,84
18/07/2021,67
19/07/2021,60
20/07/2021,104
21/07/2021,86
22/07/2021,105
23/07/2021,95
24/07/2021,73
25/07/2021,83
26/07/2021,99
27/07/2021,76
28/07/2021,61
29/07/2021,104
30/07/2021,100
31/07/2021,78
01/08/2021,159
02/08/2021,96
03/08/2021,101
04/08/2021,88
05/08/2021,84
06/08/2021,88
07/08/2021,91
08/08/2021,143
09/08/2021,157
10/08/2021,117
11/08/2021,109
12/08/2021,93
13/08/2021,72
14/08/2021,74
15/08/2021,128
16/08/2021,96
17/08/2021,83
18/08/2021,89
19/08/2021,82
20/08/2021,116
21/08/2021,165
22/08/2021,91
23/08/2021,124
24/08/2021,112
25/08/2021,115
26/08/2021,89
27/08/2021,76
28/08/2021,68
29/08/2021,70
30/08/2021,97
31/08/2021,112
01/09/2021,95
02/09/2021,112
03/09/2021,105
04/09/2021,100
05/09/2021,65
06/09/2021,114
07/09/2021,142
08/09/2021,143
09/09/2021,95
10/09/2021,90
11/09/2021,51
12/09/2021,84
13/09/2021,103
14/09/2021,87
15/09/2021,137
16/09/2021,137
17/09/2021,152
18/09/2021,120
19/09/2021,136
20/09/2021,128
21/09/2021,162
22/09/2021,198
23/09/2021,156
24/09/2021,165
25/09/2021,95
26/09/2021,126
27/09/2021,123
28/09/2021,117
29/09/2021,117
30/09/2021,98
01/10/2021,112
02/10/2021,91
03/10/2021,100
04/10/2021,92
05/10/2021,92
06/10/2021,115
07/10/2021,118
08/10/2021,100
09/10/2021,121
10/10/2021,139
11/10/2021,113
12/10/2021,117
13/10/2021,159
14/10/2021,114
15/10/2021,98
16/10/2021,121
17/10/2021,131
18/10/2021,144
19/10/2021,171
20/10/2021,130
21/10/2021,146
22/10/2021,117
23/10/2021,84
24/10/2021,106
25/10/2021,140
26/10/2021,177
27/10/2021,111
28/10/2021,161
29/10/2021,137
30/10/2021,85
31/10/2021,107
01/11/2021,128
02/11/2021,125
03/11/2021,161
04/11/2021,132
05/11/2021,85
06/11/2021,164
07/11/2021,281
08/11/2021,204
09/11/2021,155
10/11/2021,164
11/11/2021,147
12/11/2021,150
13/11/2021,118
14/11/2021,113
15/11/2021,160
16/11/2021,134
17/11/2021,114
18/11/2021,137
19/11/2021,146
20/11/2021,128
21/11/2021,137
22/11/2021,163
23/11/2021,132
24/11/2021,107
25/11/2021,124
26/11/2021,121
27/11/2021,123
28/11/2021,152
29/11/2021,187
30/11/2021,184
01/12/2021,143
02/12/2021,157
03/12/2021,153
04/12/2021,156
05/12/2021,153
06/12/2021,122
07/12/2021,154
08/12/2021,171
09/12/2021,140
10/12/2021,106
11/12/2021,110
12/12/2021,139
13/12/2021,114
14/12/2021,108
15/12/2021,152
16/12/2021,202
17/12/2021,90
18/12/2021,90
19/12/2021,90
20/12/2021,111
21/12/2021,85
22/12/2021,137
23/12/2021,113
24/12/2021,96
25/12/2021,73
26/12/2021,151
27/12/2021,142
28/12/2021,204
29/12/2021,106
30/12/2021,78
31/12/2021,55
01/01/2022,97
02/01/2022,106
03/01/2022,108
04/01/2022,132
05/01/2022,83
06/01/2022,97
07/01/2022,106
08/01/2022,276
09/01/2022,91
10/01/2022,147
11/01/2022,145
12/01/2022,144
13/01/2022,101
14/01/2022,96
15/01/2022,73
16/01/2022,93
17/01/2022,150
18/01/2022,168
19/01/2022,192
20/01/2022,182
21/01/2022,204
22/01/2022,202
23/01/2022,114
24/01/2022,210
25/01/2022,177
26/01/2022,125
27/01/2022,139
28/01/2022,125
29/01/2022,80
30/01/2022,92
31/01/2022,136
01/02/2022,128
02/02/2022,108
03/02/2022,118
04/02/2022,121
05/02/2022,85
06/02/2022,138
07/02/2022,154
08/02/2022,135
09/02/2022,138
10/02/2022,135
11/02/2022,132
12/02/2022,130
13/02/2022,124
14/02/2022,95
15/02/2022,155
16/02/2022,121
17/02/2022,129
18/02/2022,123
19/02/2022,75
20/02/2022,115
21/02/2022,128
22/02/2022,104
23/02/2022,105
24/02/2022,144
25/02/2022,98
26/02/2022,112
27/02/2022,126
28/02/2022,148
01/03/2022,135
02/03/2022,148
03/03/2022,287
04/03/2022,192
05/03/2022,106
06/03/2022,193
07/03/2022,170
08/03/2022,221
09/03/2022,209
10/03/2022,193
11/03/2022,128
12/03/2022,130
13/03/2022,165
14/03/2022,149
15/03/2022,208
16/03/2022,155
17/03/2022,135
18/03/2022,157
19/03/2022,132
20/03/2022,132
21/03/2022,186
22/03/2022,141
23/03/2022,155
24/03/2022,150
25/03/2022,128
26/03/2022,147
27/03/2022,121
28/03/2022,190
29/03/2022,191
30/03/2022,183
31/03/2022,168
01/04/2022,139
02/04/2022,118
03/04/2022,223
04/04/2022,206
05/04/2022,171
06/04/2022,139
07/04/2022,165
08/04/2022,206
09/04/2022,180
10/04/2022,218
11/04/2022,242
12/04/2022,187
13/04/2022,198
14/04/2022,162
15/04/2022,156
16/04/2022,126
17/04/2022,153
18/04/2022,241
19/04/2022,195
20/04/2022,203
21/04/2022,165
22/04/2022,110
23/04/2022,166
24/04/2022,143
25/04/2022,157
26/04/2022,167
27/04/2022,157
28/04/2022,143
29/04/2022,136
30/04/2022,122
01/05/2022,136
02/05/2022,124
03/05/2022,137
04/05/2022,143
05/05/2022,137
06/05/2022,143
07/05/2022,119
08/05/2022,125
09/05/2022,152
10/05/2022,200
11/05/2022,181
12/05/2022,139
13/05/2022,131
14/05/2022,162
15/05/2022,131
16/05/2022,154
17/05/2022,209
18/05/2022,187
19/05/2022,128
20/05/2022,157
21/05/2022,216
22/05/2022,323
23/05/2022,194
24/05/2022,198
25/05/2022,179
26/05/2022,150
27/05/2022,127
28/05/2022,127
29/05/2022,223
30/05/2022,164
31/05/2022,132
01/06/2022,166
02/06/2022,120
03/06/2022,133
04/06/2022,128
05/06/2022,126
06/06/2022,162
07/06/2022,143
08/06/2022,169
09/06/2022,161
10/06/2022,125
11/06/2022,110
12/06/2022,99
13/06/2022,141
14/06/2022,130
15/06/2022,120
16/06/2022,141
17/06/2022,130
18/06/2022,153
19/06/2022,243
20/06/2022,155
21/06/2022,206
22/06/2022,154
23/06/2022,155
24/06/2022,134
25/06/2022,147
26/06/2022,156
27/06/2022,153
28/06/2022,136
29/06/2022,108
30/06/2022,98
01/07/2022,119
02/07/2022,66
03/07/2022,100
04/07/2022,109
05/07/2022,115
06/07/2022,126
07/07/2022,78
08/07/2022,69
09/07/2022,57
10/07/2022,74
11/07/2022,95
12/07/2022,97
13/07/2022,99
14/07/2022,114
15/07/2022,82
16/07/2022,79
17/07/2022,106
18/07/2022,110
19/07/2022,139
20/07/2022,162
21/07/2022,128
22/07/2022,105
23/07/2022,103
24/07/2022,84
25/07/2022,129
26/07/2022,134
27/07/2022,135
28/07/2022,117
29/07/2022,103
30/07/2022,71
31/07/2022,93
01/08/2022,118
02/08/2022,177
03/08/2022,125
04/08/2022,87
05/08/2022,64
06/08/2022,86
07/08/2022,86
08/08/2022,133
09/08/2022,134
10/08/2022,105
11/08/2022,81
12/08/2022,98
13/08/2022,101
14/08/2022,77
15/08/2022,118
16/08/2022,186
17/08/2022,150
18/08/2022,125
19/08/2022,124
20/08/2022,108
21/08/2022,128
22/08/2022,134
23/08/2022,96
24/08/2022,117
25/08/2022,130
26/08/2022,136
27/08/2022,76
28/08/2022,87
29/08/2022,134
30/08/2022,129
31/08/2022,161
01/09/2022,116
02/09/2022,85
03/09/2022,80
04/09/2022,87
05/09/2022,137
06/09/2022,104
07/09/2022,133
08/09/2022,114
09/09/2022,115
10/09/2022,88
11/09/2022,115
12/09/2022,172
13/09/2022,176
14/09/2022,145
15/09/2022,138
16/09/2022,165
17/09/2022,114
18/09/2022,115
19/09/2022,167
20/09/2022,141
21/09/2022,203
22/09/2022,177
23/09/2022,155
24/09/2022,122
25/09/2022,124
26/09/2022,181
27/09/2022,252
28/09/2022,195
29/09/2022,217
30/09/2022,157
01/10/2022,116
02/10/2022,140
03/10/2022,153
04/10/2022,200
05/10/2022,170
06/10/2022,172
07/10/2022,128
08/10/2022,124
09/10/2022,174
10/10/2022,199
11/10/2022,183
12/10/2022,183
13/10/2022,183
14/10/2022,102
15/10/2022,154
16/10/2022,198
17/10/2022,232
18/10/2022,206
19/10/2022,139
20/10/2022,177
21/10/2022,128
22/10/2022,166
23/10/2022,156
24/10/2022,220
25/10/2022,159
26/10/2022,234
27/10/2022,192
28/10/2022,155
29/10/2022,123
30/10/2022,264
31/10/2022,322
01/11/2022,198
02/11/2022,179
03/11/2022,133
04/11/2022,144
05/11/2022,154
06/11/2022,223
07/11/2022,170
08/11/2022,221
09/11/2022,191
10/11/2022,162
11/11/2022,131
12/11/2022,137
13/11/2022,160
14/11/2022,206
15/11/2022,180
16/11/2022,166
17/11/2022,198
18/11/2022,148
19/11/2022,146
20/11/2022,181
21/11/2022,203
22/11/2022,194
23/11/2022,175
24/11/2022,169
25/11/2022,175
26/11/2022,254
27/11/2022,191
28/11/2022,210
29/11/2022,190
30/11/2022,237
01/12/2022,180
02/12/2022,159
03/12/2022,168
04/12/2022,178
05/12/2022,214
06/12/2022,190
07/12/2022,219
08/12/2022,206
09/12/2022,147
10/12/2022,178
11/12/2022,224
12/12/2022,252
13/12/2022,266
14/12/2022,191
15/12/2022,175
16/12/2022,128
17/12/2022,132
18/12/2022,168
19/12/2022,205
20/12/2022,162
21/12/2022,137
22/12/2022,119
23/12/2022,101
24/12/2022,94
25/12/2022,98
26/12/2022,137
27/12/2022,147
28/12/2022,216
29/12/2022,104
30/12/2022,125
31/12/2022,92
01/01/2023,157
02/01/2023,128
03/01/2023,184
04/01/2023,132
05/01/2023,234
06/01/2023,178
07/01/2023,126
08/01/2023,194
09/01/2023,159
10/01/2023,183
11/01/2023,153
12/01/2023,191
13/01/2023,146
14/01/2023,146
15/01/2023,271
16/01/2023,218
17/01/2023,155
18/01/2023,227
19/01/2023,213
20/01/2023,160
21/01/2023,230
22/01/2023,286
23/01/2023,197
24/01/2023,152
25/01/2023,161
26/01/2023,152
27/01/2023,155
28/01/2023,118
29/01/2023,138
30/01/2023,209
31/01/2023,179
01/02/2023,180
02/02/2023,170
03/02/2023,128
04/02/2023,219
05/02/2023,217
06/02/2023,206
07/02/2023,180
08/02/2023,158
09/02/2023,203
10/02/2023,156
11/02/2023,142
12/02/2023,145
13/02/2023,177
14/02/2023,169
15/02/2023,193
16/02/2023,213
17/02/2023,169
18/02/2023,123
19/02/2023,178
20/02/2023,182
21/02/2023,191
22/02/2023,185
23/02/2023,182
24/02/2023,141
25/02/2023,136
26/02/2023,157
27/02/2023,224
28/02/2023,276
01/03/2023,276
02/03/2023,223
03/03/2023,226
04/03/2023,190
05/03/2023,155
06/03/2023,207
07/03/2023,182
08/03/2023,181
09/03/2023,218
10/03/2023,179
11/03/2023,159
12/03/2023,171
13/03/2023,204
14/03/2023,259
15/03/2023,276
16/03/2023,225
17/03/2023,200
18/03/2023,158
19/03/2023,190
20/03/2023,216
21/03/2023,204
22/03/2023,231
23/03/2023,216
24/03/2023,201
25/03/2023,189
26/03/2023,190
27/03/2023,256
28/03/2023,244
29/03/2023,249
30/03/2023,230
31/03/2023,184
01/04/2023,150
02/04/2023,194
03/04/2023,235
04/04/2023,247
05/04/2023,222
06/04/2023,213
07/04/2023,202
08/04/2023,294
09/04/2023,331
10/04/2023,264
11/04/2023,287
12/04/2023,329
13/04/2023,257
14/04/2023,233
15/04/2023,212
16/04/2023,266
17/04/2023,269
18/04/2023,242
19/04/2023,202
20/04/2023,280
21/04/2023,218
22/04/2023,169
23/04/2023,173
24/04/2023,267
25/04/2023,287
26/04/2023,292
27/04/2023,287
28/04/2023,210
29/04/2023,151
30/04/2023,199
01/05/2023,265
02/05/2023,286
03/05/2023,290
04/05/2023,248
05/05/2023,248
06/05/2023,204
07/05/2023,271
08/05/2023,306
09/05/2023,243
10/05/2023,252
11/05/2023,282
12/05/2023,259
13/05/2023,229
14/05/2023,253
15/05/2023,277
16/05/2023,373
17/05/2023,307
18/05/2023,263
19/05/2023,280
20/05/2023,294
21/05/2023,297
22/05/2023,270
23/05/2023,271
24/05/2023,323
25/05/2023,246
26/05/2023,257
27/05/2023,229
28/05/2023,251
29/05/2023,279
30/05/2023,303
31/05/2023,282
01/06/2023,304
02/06/2023,213
03/06/2023,226
04/06/2023,281
05/06/2023,248
06/06/2023,271
07/06/2023,286
08/06/2023,290
09/06/2023,241
10/06/2023,219
11/06/2023,208
12/06/2023,228
13/06/2023,267
14/06/2023,285
15/06/2023,278
16/06/2023,195
17/06/2023,177
18/06/2023,244
19/06/2023,250
20/06/2023,241
21/06/2023,275
22/06/2023,252
23/06/2023,215
24/06/2023,137
25/06/2023,201
26/06/2023,243
27/06/2023,184
28/06/2023,204
29/06/2023,199
30/06/2023,194
01/07/2023,123
02/07/2023,161
03/07/2023,238
04/07/2023,183
05/07/2023,205
06/07/2023,234
07/07/2023,165
08/07/2023,147
09/07/2023,170
10/07/2023,211
11/07/2023,181
12/07/2023,193
13/07/2023,197
14/07/2023,157
15/07/2023,151
16/07/2023,157
17/07/2023,228
18/07/2023,212
19/07/2023,233
20/07/2023,226
21/07/2023,191
22/07/2023,159
23/07/2023,156
24/07/2023,223
25/07/2023,159
26/07/2023,275
27/07/2023,204
28/07/2023,165
29/07/2023,180
30/07/2023,161
31/07/2023,209
01/08/2023,212
02/08/2023,233
03/08/2023,176
04/08/2023,183
05/08/2023,154
06/08/2023,178
07/08/2023,176
08/08/2023,230
09/08/2023,213
10/08/2023,214
11/08/2023,185
12/08/2023,189
13/08/2023,143
14/08/2023,212
15/08/2023,270
16/08/2023,267
17/08/2023,267
18/08/2023,238
19/08/2023,144
20/08/2023,198
21/08/2023,219
22/08/2023,205
23/08/2023,187
24/08/2023,239
25/08/2023,188
26/08/2023,125
27/08/2023,213
28/08/2023,207
29/08/2023,192
30/08/2023,190
31/08/2023,217
01/09/2023,153
02/09/2023,109
03/09/2023,146
04/09/2023,216
05/09/2023,222
06/09/2023,236
07/09/2023,216
08/09/2023,184
09/09/2023,195
10/09/2023,185
11/09/2023,229
12/09/2023,245
13/09/2023,211
14/09/2023,190
15/09/2023,179
16/09/2023,187
17/09/2023,221
18/09/2023,209
19/09/2023,221
20/09/2023,247
21/09/2023,257
22/09/2023,166
23/09/2023,169
24/09/2023,200
25/09/2023,234
26/09/2023,230
27/09/2023,225
28/09/2023,274
29/09/2023,218
30/09/2023,191
01/10/2023,239
02/10/2023,343
03/10/2023,289
04/10/2023,291
05/10/2023,282
06/10/2023,295
07/10/2023,274
08/10/2023,356
09/10/2023,300
10/10/2023,250
11/10/2023,300
12/10/2023,282
13/10/2023,210
14/10/2023,178
15/10/2023,232
16/10/2023,289
17/10/2023,297
18/10/2023,346
19/10/2023,263
20/10/2023,277
21/10/2023,225
22/10/2023,320
23/10/2023,304
24/10/2023,262
25/10/2023,299
26/10/2023,271
27/10/2023,223
28/10/2023,175
29/10/2023,283
30/10/2023,293
31/10/2023,280
01/11/2023,372
02/11/2023,294
03/11/2023,226
04/11/2023,195
05/11/2023,264
06/11/2023,314
07/11/2023,270
08/11/2023,324
09/11/2023,320
10/11/2023,232
11/11/2023,198
12/11/2023,229
13/11/2023,350
14/11/2023,298
15/11/2023,326
16/11/2023,263
17/11/2023,242
18/11/2023,210
19/11/2023,232
20/11/2023,277
21/11/2023,293
22/11/2023,305
23/11/2023,272
24/11/2023,293
25/11/2023,241
26/11/2023,294
27/11/2023,313
28/11/2023,317
29/11/2023,316
30/11/2023,246
01/12/2023,257
02/12/2023,243
03/12/2023,249
04/12/2023,307
05/12/2023,299
06/12/2023,363
07/12/2023,327
08/12/2023,282
09/12/2023,282
10/12/2023,247
11/12/2023,332
12/12/2023,282
13/12/2023,292
14/12/2023,279
15/12/2023,262
16/12/2023,208
17/12/2023,244
18/12/2023,288
19/12/2023,246
20/12/2023,236
21/12/2023,225
22/12/2023,225
23/12/2023,216
24/12/2023,198
25/12/2023,163
26/12/2023,245
27/12/2023,309
28/12/2023,231
29/12/2023,268
30/12/2023,206
31/12/2023,187
01/01/2024,254
02/01/2024,261
03/01/2024,345
04/01/2024,323
05/01/2024,295
06/01/2024,243
07/01/2024,228
08/01/2024,235
09/01/2024,259
10/01/2024,243
11/01/2024,275
12/01/2024,223
13/01/2024,221
14/01/2024,194
15/01/2024,258
16/01/2024,297
17/01/2024,281
18/01/2024,216
19/01/2024,257
20/01/2024,176
21/01/2024,296
22/01/2024,277
23/01/2024,297
24/01/2024,255
25/01/2024,237
26/01/2024,223
27/01/2024,307
28/01/2024,207
29/01/2024,263
30/01/2024,248
31/01/2024,233
01/02/2024,241
02/02/2024,269
03/02/2024,200
04/02/2024,232
05/02/2024,288
06/02/2024,257
07/02/2024,207
08/02/2024,249
09/02/2024,201
10/02/2024,184
11/02/2024,177
12/02/2024,241
13/02/2024,223
14/02/2024,222
15/02/2024,232
16/02/2024,195
17/02/2024,207
18/02/2024,193
19/02/2024,285
20/02/2024,257
21/02/2024,299
22/02/2024,312
23/02/2024,229
24/02/2024,187
25/02/2024,226
26/02/2024,259
27/02/2024,305
28/02/2024,276
29/02/2024,262
01/03/2024,261
02/03/2024,221
03/03/2024,222
04/03/2024,313
05/03/2024,330
06/03/2024,319
07/03/2024,335
08/03/2024,242
09/03/2024,338
10/03/2024,378
11/03/2024,272
12/03/2024,229
13/03/2024,289
14/03/2024,322
15/03/2024,252
16/03/2024,232
17/03/2024,260
18/03/2024,336
19/03/2024,311
20/03/2024,251
21/03/2024,285
22/03/2024,280
23/03/2024,280
24/03/2024,276
25/03/2024,312
26/03/2024,334
27/03/2024,312
